customer_id,age,gender,county,tenure_months,n_deposits_12m,n_withdrawals_12m,total_deposits_kes,total_withdrawals_kes,avg_savings_balance_kes,n_loans_taken,avg_loan_size_kes,max_loan_size_kes,total_loaned_kes,on_time_repayment_rate,days_since_last_txn,mobile_money_ratio,group_member,_true_segment
MFI_KE_000000,24,F,Kiambu,3,52,63,14267.73,11640.15,2174.12,12,1992.19,3407.51,23453.0,0.6893,0,0.9424,0,1
MFI_KE_000001,45,M,Kisii,29,23,18,55759.23,58412.35,7616.47,2,18019.33,32646.07,42276.65,0.9701,3,0.2679,0,2
MFI_KE_000002,50,F,Embu,6,1,4,5811.08,4557.97,12482.8,0,0.0,0.0,0.0,1.0,43,0.4405,0,5
MFI_KE_000003,24,F,Nakuru,4,35,64,34204.2,31665.04,645.73,9,2029.07,3384.6,15390.71,0.9445,1,0.9634,0,1
MFI_KE_000004,30,F,Kitui,8,21,13,43256.74,39957.7,4695.27,6,21595.91,30530.4,125581.36,0.9408,9,0.5526,0,2
MFI_KE_000005,30,M,Kiambu,6,5,3,1674.93,1353.71,2019.4,0,0.0,0.0,0.0,1.0,40,0.6723,0,5
MFI_KE_000006,21,F,Kiambu,30,41,46,8948.65,7373.97,778.56,4,902.75,908.51,4253.49,0.669,0,0.8093,1,1
MFI_KE_000007,26,F,Turkana,1,1,2,220.74,230.14,1269.04,0,0.0,0.0,0.0,1.0,77,0.496,0,5
MFI_KE_000008,45,F,Nairobi,24,13,20,55097.35,52828.54,12747.22,2,11758.94,15329.58,25150.03,0.9709,5,0.4804,0,2
MFI_KE_000009,51,M,Nairobi,23,74,70,604359.47,540876.53,80747.91,3,62188.59,111679.54,159458.37,0.8043,0,0.4254,0,4
MFI_KE_000010,23,F,Nairobi,24,34,41,22901.09,23043.03,2800.62,18,3146.53,3787.01,65706.42,0.9245,0,0.7614,0,1
MFI_KE_000011,31,F,Laikipia,29,18,14,103059.83,100803.48,55283.71,3,30868.51,61711.23,99708.31,0.9437,1,0.7416,0,2
MFI_KE_000012,25,M,Kericho,3,42,49,37453.12,29194.18,2000.55,9,1963.53,3831.75,20832.39,0.5747,0,0.6207,0,1
MFI_KE_000013,20,F,Bomet,1,6,5,1029.02,981.7,1146.29,2,690.87,1376.99,1232.95,0.5733,22,0.5991,0,5
MFI_KE_000014,31,F,Nakuru,7,46,46,32303.02,31995.09,3605.29,14,1207.21,2328.0,16942.52,0.5633,4,0.914,0,1
MFI_KE_000015,36,M,Laikipia,33,26,22,76193.8,63131.33,36906.23,4,17349.55,29839.85,64685.39,0.9832,2,0.582,0,2
MFI_KE_000016,53,F,Migori,39,13,3,54351.78,54653.78,6444.26,1,128397.87,139247.84,125206.21,0.8097,2,0.4378,0,3
MFI_KE_000017,37,M,Garissa,22,27,23,158608.93,111386.7,18794.0,2,53714.15,103493.7,93221.96,0.9054,8,0.8797,1,2
MFI_KE_000018,48,M,Meru,5,8,2,54889.68,46144.17,1164.33,1,43084.77,67353.38,37514.99,0.5668,10,0.2245,1,3
MFI_KE_000019,26,M,Nairobi,2,1,3,506.98,459.64,242.39,0,0.0,0.0,0.0,1.0,45,0.7026,0,5
MFI_KE_000020,27,F,Uasin Gishu,50,43,49,22484.67,16223.58,233.18,7,2391.49,4207.63,15542.62,0.8344,0,0.8733,1,1
MFI_KE_000021,27,F,Mombasa,15,44,49,38553.68,39898.68,3051.89,8,1813.08,2117.22,12521.29,0.3138,1,0.915,0,1
MFI_KE_000022,30,F,Kilifi,14,46,40,21638.45,18069.13,1231.51,7,1994.62,2570.03,16338.39,0.8861,4,0.9546,1,1
MFI_KE_000023,52,M,Nyeri,5,9,7,29578.78,26819.13,3533.92,0,0.0,0.0,0.0,0.7509,1,0.2579,1,3
MFI_KE_000024,26,F,Uasin Gishu,5,39,50,31201.63,25730.77,281.69,8,1961.42,3701.28,14501.59,0.525,1,0.9416,0,1
MFI_KE_000025,30,M,Kakamega,2,1,3,3321.32,3263.73,1694.63,0,0.0,0.0,0.0,1.0,365,0.8011,0,5
MFI_KE_000026,36,M,Garissa,26,35,48,10407.64,9742.31,1443.02,8,1712.36,2199.04,15437.76,0.7105,2,0.9314,0,1
MFI_KE_000027,26,F,Kisumu,2,26,52,14651.29,10871.9,575.87,3,1723.38,2475.24,5154.27,0.7697,5,0.8741,0,1
MFI_KE_000028,29,F,Meru,19,21,22,97657.45,94471.81,50649.17,1,55059.67,100849.82,61704.46,0.9674,9,0.7619,1,2
MFI_KE_000029,33,M,Kakamega,6,8,5,158061.88,146682.88,5681.98,3,31313.83,42166.6,97773.21,0.7687,28,0.4991,1,3
MFI_KE_000030,38,F,Kiambu,4,0,5,9819.27,8315.99,203.19,1,670.82,773.06,637.32,0.3651,103,0.3225,0,5
MFI_KE_000031,56,F,Embu,31,8,11,78252.38,81561.7,3983.5,3,33420.94,49378.98,83444.53,0.9268,20,0.4336,1,3
MFI_KE_000032,44,M,Migori,5,30,17,53294.58,44577.25,81676.82,0,0.0,0.0,0.0,0.9965,1,0.5403,0,2
MFI_KE_000033,29,M,Kakamega,5,23,19,72422.5,53349.51,29651.16,1,135714.29,233742.28,148515.41,0.9675,4,0.3195,0,2
MFI_KE_000034,26,F,Uasin Gishu,52,48,57,14247.87,11042.61,3866.41,9,6357.75,9854.35,50442.91,0.4085,9,0.656,0,1
MFI_KE_000035,25,F,Bungoma,6,27,24,26437.43,20798.74,13368.3,6,33141.26,61663.31,225947.21,0.9407,2,0.6498,0,2
MFI_KE_000036,35,M,Machakos,20,10,5,111167.7,78647.55,8916.83,3,31057.17,43309.97,89541.61,0.8347,3,0.4383,1,3
MFI_KE_000037,43,M,Nyeri,41,28,25,82564.03,65790.04,15261.97,4,45023.39,84196.95,155983.82,0.9662,5,0.7613,1,2
MFI_KE_000038,20,M,Nairobi,25,49,40,7479.42,7665.22,2318.43,5,1557.7,2081.01,9308.1,0.5848,1,0.7815,0,1
MFI_KE_000039,44,F,Kisumu,38,24,13,63705.33,60030.94,24028.61,3,62529.28,99988.0,222101.02,0.9936,21,0.7156,1,2
MFI_KE_000040,36,M,Murang'a,2,5,1,5507.65,3975.07,312.87,0,0.0,0.0,0.0,1.0,144,0.3953,0,5
MFI_KE_000041,29,M,Uasin Gishu,45,43,44,24217.89,21916.27,310.51,11,1436.76,1670.04,15148.17,0.5239,1,0.8691,1,1
MFI_KE_000042,30,F,Turkana,51,46,49,10033.55,8862.01,1882.61,9,2886.48,4898.82,27865.35,0.8499,5,0.9581,0,1
MFI_KE_000043,28,F,Nairobi,6,29,47,12714.73,9724.46,1567.33,7,2221.01,3167.97,16489.27,0.6156,0,0.8998,0,1
MFI_KE_000044,29,M,Kiambu,47,37,43,17070.23,12852.99,549.67,5,1308.23,2039.31,7249.82,0.4269,0,0.9144,0,1
MFI_KE_000045,30,M,Uasin Gishu,63,46,44,25823.11,20101.88,768.88,10,764.29,1001.01,7842.29,0.5436,1,0.9902,0,1
MFI_KE_000046,48,M,Kakamega,32,14,9,145049.05,111300.5,5168.5,4,42466.23,64279.11,136400.25,0.6078,2,0.4841,0,3
MFI_KE_000047,45,M,Kitui,20,78,69,345281.14,350186.78,86403.3,3,79519.88,156747.18,277491.14,0.6492,1,0.3853,1,4
MFI_KE_000048,22,M,Turkana,26,72,66,327420.18,248690.34,21640.17,3,354776.41,580864.01,903739.7,0.7436,0,0.7658,1,4
MFI_KE_000049,23,M,Mombasa,2,39,54,8743.64,9005.96,1421.68,9,2100.5,3013.75,22556.26,0.7307,0,0.7922,0,1
MFI_KE_000050,25,M,Kisii,46,43,63,35981.88,27042.43,2999.38,11,1121.5,1725.09,11424.03,0.4023,2,0.9997,0,1
MFI_KE_000051,47,M,Nyeri,8,4,5,889.01,878.53,1117.15,0,0.0,0.0,0.0,1.0,64,0.6583,0,5
MFI_KE_000052,25,M,Uasin Gishu,29,33,36,12659.35,11793.38,819.7,10,2222.33,2763.51,25117.7,0.8564,1,0.8976,0,1
MFI_KE_000053,35,F,Kilifi,24,19,16,33499.03,23977.32,6269.43,0,0.0,0.0,0.0,0.9888,1,0.5342,0,2
MFI_KE_000054,18,F,Mombasa,11,47,52,10262.37,10351.63,5614.94,8,2481.4,3849.67,23654.02,0.2448,5,0.6167,0,1
MFI_KE_000055,67,M,Migori,89,9,1,74733.47,56311.16,11652.26,3,42114.14,42397.58,149187.83,0.7538,1,0.6672,0,3
MFI_KE_000056,19,F,Kiambu,28,3,4,2976.57,2821.19,1052.29,1,908.36,1212.27,751.37,0.6227,107,0.5269,0,5
MFI_KE_000057,37,M,Nyeri,4,24,22,24984.74,18055.72,20037.41,1,37382.23,57983.39,34484.33,0.9499,1,0.5867,0,2
MFI_KE_000058,33,F,Nyeri,45,21,20,30014.17,24877.75,4301.12,4,20924.42,25871.5,69381.25,0.9562,10,0.2864,0,2
MFI_KE_000059,45,F,Laikipia,20,8,2,42819.28,44444.55,7099.32,3,50237.04,86491.5,121619.37,0.9147,4,0.5144,1,3
MFI_KE_000060,43,F,Homa Bay,17,6,4,48157.59,44464.23,2031.78,0,0.0,0.0,0.0,0.8912,5,0.3758,0,3
MFI_KE_000061,40,M,Bomet,34,4,4,15948.55,13712.94,1569.3,3,147056.44,227401.4,440239.51,0.7303,5,0.2844,1,3
MFI_KE_000062,28,M,Machakos,19,18,3,51499.5,51340.34,7379.03,1,49251.82,51237.56,41415.83,0.7843,9,0.5543,1,3
MFI_KE_000063,30,F,Uasin Gishu,43,35,44,14546.17,12477.4,7134.19,9,3741.98,7225.6,29907.42,0.4194,0,0.9073,1,1
MFI_KE_000064,44,F,Kisumu,1,3,4,1732.83,1647.25,985.9,0,0.0,0.0,0.0,1.0,117,0.5391,0,5
MFI_KE_000065,49,F,Embu,25,9,2,15872.08,11681.11,1127.67,1,66801.16,127789.58,66134.81,0.4339,7,0.5363,1,3
MFI_KE_000066,22,F,Kiambu,17,37,47,34494.23,30045.41,1834.72,11,3270.08,5824.84,34667.09,0.7598,1,0.8502,0,1
MFI_KE_000067,36,F,Kisii,1,2,3,5175.26,3997.43,1609.33,0,0.0,0.0,0.0,1.0,16,0.5597,0,5
MFI_KE_000068,31,F,Mombasa,28,45,49,8328.37,7404.95,1481.49,11,1445.74,1508.1,13127.93,0.4894,1,0.7831,0,1
MFI_KE_000069,49,F,Bomet,20,33,22,64576.6,50576.12,39172.65,1,46235.6,88510.41,38218.12,0.9702,2,0.7466,0,2
MFI_KE_000070,37,M,Embu,11,20,16,66296.72,55489.51,14397.2,2,29212.78,35494.12,51463.1,0.9457,5,0.7274,1,2
MFI_KE_000071,40,M,Embu,13,29,13,113742.22,112115.42,5768.95,4,78914.62,86477.37,324092.45,0.9112,7,0.8211,1,2
MFI_KE_000072,42,F,Meru,19,32,23,92109.32,91051.75,14957.33,5,55143.14,86411.37,280462.0,0.9831,12,0.7733,0,2
MFI_KE_000073,42,M,Homa Bay,6,23,11,67080.16,65712.16,9387.47,2,26780.45,43442.39,59716.36,0.9602,19,0.4901,1,2
MFI_KE_000074,34,F,Kiambu,51,32,48,5429.39,4087.81,4949.37,9,2659.92,3940.78,26004.38,0.741,0,0.8019,0,1
MFI_KE_000075,45,M,Kitui,8,7,8,399619.35,413542.72,7231.05,2,108198.84,159684.02,196088.95,0.7646,4,0.4591,1,3
MFI_KE_000076,34,M,Uasin Gishu,22,49,55,20945.64,19358.61,7170.26,7,1269.88,2387.09,9578.05,0.8237,3,0.8668,0,1
MFI_KE_000077,26,M,Kiambu,69,40,53,15241.58,11263.62,2393.5,8,1396.52,2269.27,10840.45,0.4026,10,0.815,0,1
MFI_KE_000078,35,F,Kitui,7,76,66,370983.08,273020.95,45879.77,2,441793.47,701425.64,866313.52,0.9126,0,0.6014,0,4
MFI_KE_000079,45,M,Homa Bay,19,68,74,179979.94,128507.26,113472.24,3,282669.13,387075.0,868359.87,0.6137,3,0.5069,1,4
MFI_KE_000080,39,F,Nakuru,33,32,55,9226.55,7733.1,2679.07,9,1956.96,2304.03,19826.97,0.6036,6,0.9421,0,1
MFI_KE_000081,44,F,Embu,25,78,69,342597.64,240028.6,25601.17,4,238246.73,289871.18,915276.53,0.8381,0,0.2116,1,4
MFI_KE_000082,24,M,Kericho,8,76,69,458253.89,389984.35,30901.41,6,164381.61,272906.09,988108.48,0.8947,0,0.5233,0,4
MFI_KE_000083,25,M,Nakuru,1,3,2,5190.27,3943.83,2260.69,0,0.0,0.0,0.0,1.0,26,0.3109,0,5
MFI_KE_000084,23,F,Kiambu,3,44,61,7602.28,6378.2,5520.42,5,3364.26,4033.11,17943.75,0.7418,0,0.8425,0,1
MFI_KE_000085,19,F,Kakamega,25,50,63,7635.88,7647.32,1197.53,8,895.1,1355.69,7616.94,0.5596,0,0.8944,0,1
MFI_KE_000086,21,M,Nakuru,6,34,53,5973.56,5830.14,1366.17,11,2035.03,3845.11,21263.74,0.7241,0,0.8741,0,1
MFI_KE_000087,33,M,Uasin Gishu,3,83,62,108818.02,113771.02,34358.72,3,91666.44,169490.55,321574.81,0.8951,1,0.5751,0,4
MFI_KE_000088,27,M,Nyeri,33,89,73,437416.99,329621.38,37144.87,5,144969.29,224645.81,711454.06,0.8625,1,0.2523,1,4
MFI_KE_000089,25,F,Bungoma,4,37,52,4285.04,3592.47,4702.01,4,2210.54,3542.14,8208.61,0.673,8,0.8729,0,1
MFI_KE_000090,37,M,Kericho,10,5,6,115384.43,119711.82,3762.24,0,0.0,0.0,0.0,0.7725,7,0.5417,0,3
MFI_KE_000091,23,F,Meru,6,1,3,7930.93,7935.49,609.06,0,0.0,0.0,0.0,1.0,71,0.8045,0,5
MFI_KE_000092,49,F,Migori,50,9,8,19404.3,17532.54,1725.61,0,0.0,0.0,0.0,0.8912,1,0.3584,1,3
MFI_KE_000093,28,F,Nairobi,8,33,49,9021.52,6520.76,372.9,9,1363.68,2003.6,10821.75,0.5464,0,0.649,0,1
MFI_KE_000094,33,M,Murang'a,44,11,5,16655.26,13674.31,2401.52,0,0.0,0.0,0.0,0.8151,3,0.3468,1,3
MFI_KE_000095,45,F,Kilifi,4,1,5,2500.95,2576.81,817.86,1,2876.58,3545.32,3070.93,0.3029,32,0.6926,0,5
MFI_KE_000096,25,F,Bomet,6,1,2,2911.2,2585.18,3098.1,0,0.0,0.0,0.0,1.0,57,0.7405,0,5
MFI_KE_000097,52,F,Kericho,92,15,7,76340.28,69112.78,2305.84,0,0.0,0.0,0.0,0.8807,5,0.5229,1,3
MFI_KE_000098,25,M,Kitui,1,0,5,14970.66,12034.96,1246.48,0,0.0,0.0,0.0,1.0,44,0.5808,0,5
MFI_KE_000099,25,M,Uasin Gishu,49,45,52,6841.49,6143.12,2362.19,10,1513.03,2556.76,14231.34,0.3938,1,0.8975,0,1
MFI_KE_000100,40,M,Turkana,1,2,1,10568.23,10878.53,411.96,0,0.0,0.0,0.0,1.0,88,0.5366,0,5
MFI_KE_000101,21,F,Mombasa,17,34,36,90448.81,69950.78,574.49,12,2146.54,3743.91,29349.64,0.4585,0,0.7973,0,1
MFI_KE_000102,18,F,Kakamega,8,1,1,3745.93,2900.61,333.74,1,1953.11,2990.81,2141.06,0.8626,17,0.5946,0,5
MFI_KE_000103,42,M,Garissa,7,22,24,55698.07,52028.35,29162.24,3,46490.56,70454.34,114018.2,0.9942,1,0.4689,1,2
MFI_KE_000104,47,F,Kiambu,2,28,23,98858.9,74575.2,7189.2,4,78776.82,92965.05,353911.19,0.9406,4,0.78,0,2
MFI_KE_000105,50,M,Bungoma,5,12,5,47523.64,38037.34,4736.74,2,122649.54,139315.67,258112.56,0.8852,33,0.6916,1,3
MFI_KE_000106,30,F,Turkana,17,12,6,105738.57,83008.96,3532.57,4,54776.7,99656.45,239024.64,0.3922,3,0.4186,1,3
MFI_KE_000107,49,F,Kitui,9,11,7,78683.02,70110.95,13554.65,0,0.0,0.0,0.0,0.6938,24,0.3834,1,3
MFI_KE_000108,56,F,Bungoma,9,8,13,127232.72,111972.19,1046.67,2,28199.97,43915.92,56612.15,0.8134,7,0.5159,1,3
MFI_KE_000109,37,F,Embu,12,23,20,90396.46,81839.95,32273.41,3,77656.58,128637.34,252215.82,0.9966,4,0.3882,0,2
MFI_KE_000110,29,F,Migori,1,3,0,7206.71,6318.27,486.46,0,0.0,0.0,0.0,1.0,11,0.7782,0,5
MFI_KE_000111,31,F,Migori,18,10,12,109923.36,98126.56,2529.97,4,53327.77,79946.31,175449.12,0.5699,18,0.3575,0,3
MFI_KE_000112,48,M,Homa Bay,19,21,20,159705.0,142798.4,15012.31,4,29278.84,43603.12,118494.49,0.9527,1,0.7803,0,2
MFI_KE_000113,25,M,Kilifi,14,5,8,57112.65,43380.38,7462.67,1,21803.55,39897.97,20767.62,0.6622,6,0.4452,1,3
MFI_KE_000114,46,F,Nairobi,4,1,4,2100.47,1732.53,509.61,0,0.0,0.0,0.0,1.0,40,0.566,0,5
MFI_KE_000115,18,F,Kiambu,8,33,48,20866.64,16886.74,4817.56,16,1494.44,2473.73,24149.13,0.7554,2,0.7028,1,1
MFI_KE_000116,41,F,Kisii,19,21,20,53490.87,55548.72,25316.5,2,28494.45,52633.65,62007.82,0.9925,5,0.8048,0,2
MFI_KE_000117,18,M,Kisumu,68,43,50,13841.94,12175.86,1720.0,5,1603.32,2056.53,9455.44,0.5452,3,0.7269,0,1
MFI_KE_000118,52,F,Turkana,2,2,4,4779.75,4340.08,3321.23,0,0.0,0.0,0.0,1.0,62,0.3634,0,5
MFI_KE_000119,33,M,Kilifi,3,8,5,57249.94,52945.61,1302.74,5,48690.14,91509.49,218659.58,0.8108,1,0.6218,1,3
MFI_KE_000120,33,M,Turkana,31,4,7,19312.85,14755.82,8877.92,2,102777.51,139553.99,165455.33,0.5215,8,0.5108,1,3
MFI_KE_000121,30,F,Turkana,64,2,5,37606.43,34701.78,3439.02,2,59675.15,60542.83,118571.94,0.8169,3,0.5637,1,3
MFI_KE_000122,18,F,Nakuru,20,50,58,66519.01,57971.5,1019.38,10,902.91,1047.65,8969.61,0.3765,5,0.9131,0,1
MFI_KE_000123,33,F,Bomet,3,5,2,16326.44,13104.46,296.17,0,0.0,0.0,0.0,1.0,39,0.5329,0,5
MFI_KE_000124,34,F,Kiambu,1,2,4,1396.58,1279.69,6983.82,0,0.0,0.0,0.0,1.0,34,0.3708,0,5
MFI_KE_000125,55,F,Machakos,3,87,69,178512.3,178563.78,18821.85,8,254908.73,442276.36,2373997.76,0.7417,2,0.8492,1,4
MFI_KE_000126,26,F,Uasin Gishu,12,53,56,36010.92,34669.74,3123.98,11,1520.42,2785.04,16444.76,0.681,4,0.8396,0,1
MFI_KE_000127,42,M,Nyeri,2,31,22,22356.66,20111.57,22912.6,3,32438.99,42284.85,82893.7,0.906,3,0.6179,0,2
MFI_KE_000128,34,F,Nyeri,23,23,18,45710.07,39288.47,16092.79,5,63285.64,93126.64,318152.56,0.9362,12,0.6136,1,2
MFI_KE_000129,39,M,Kilifi,1,3,4,10439.61,8746.05,280.11,0,0.0,0.0,0.0,1.0,13,0.5479,0,5
MFI_KE_000130,22,M,Kiambu,39,31,32,73175.88,52504.78,1089.67,6,2755.76,3723.87,18973.81,0.8231,2,0.8094,0,1
MFI_KE_000131,33,M,Meru,63,20,23,149919.15,148779.62,17599.95,2,51143.12,61232.44,113185.99,0.9514,10,0.9235,0,2
MFI_KE_000132,41,M,Turkana,8,83,68,170483.97,145366.14,79314.12,5,125011.49,224982.34,554092.81,0.876,7,0.6645,1,4
MFI_KE_000133,49,M,Murang'a,3,71,70,549539.29,556872.49,27329.36,7,263960.95,357019.79,1527630.86,0.7438,3,0.7849,0,4
MFI_KE_000134,39,F,Kitui,3,11,8,63933.13,57184.35,1489.2,1,54502.79,80227.55,55399.74,0.6345,29,0.6129,0,3
MFI_KE_000135,32,M,Bungoma,2,20,26,141591.53,115597.4,21971.37,6,46476.06,48535.04,292603.57,0.8768,9,0.681,0,2
MFI_KE_000136,49,M,Meru,35,8,5,27522.65,27336.53,3396.25,2,54026.75,76236.01,125911.1,0.9208,7,0.4578,0,3
MFI_KE_000137,30,F,Kiambu,20,40,48,12487.87,11527.38,808.7,11,3692.47,6675.57,42240.98,0.7814,1,0.8477,0,1
MFI_KE_000138,29,M,Bomet,10,39,58,3767.14,3432.33,6348.38,4,1784.34,2441.62,6113.22,0.3189,1,0.7974,0,1
MFI_KE_000139,23,F,Nairobi,3,37,42,23118.01,20417.51,2171.81,6,4199.66,6387.67,20316.26,0.5053,1,0.9443,0,1
MFI_KE_000140,40,M,Kisii,23,9,7,19075.58,15068.26,2569.66,3,27757.71,38296.79,94225.99,0.7231,12,0.3509,1,3
MFI_KE_000141,32,F,Nairobi,6,38,51,3201.79,3232.49,12434.2,6,4750.49,8277.68,33911.15,0.8126,2,0.8934,0,1
MFI_KE_000142,31,F,Kisumu,38,39,47,6013.71,5145.13,1097.94,4,3854.33,5114.01,15981.87,0.8806,0,0.854,0,1
MFI_KE_000143,26,F,Kisumu,6,59,58,2665.26,2104.3,1290.35,6,1482.8,2878.21,9918.68,0.8036,0,0.7972,0,1
MFI_KE_000144,51,M,Trans Nzoia,51,87,62,286999.0,294097.04,41167.5,9,84989.89,142037.23,715709.48,0.4294,0,0.3513,0,4
MFI_KE_000145,25,M,Kisumu,8,39,48,11750.17,10579.65,907.39,9,4202.13,6428.99,36820.73,0.6449,0,0.8182,0,1
MFI_KE_000146,44,F,Turkana,9,7,7,85925.29,72896.91,4560.8,2,32519.49,45491.07,64286.75,0.7409,10,0.5929,1,3
MFI_KE_000147,35,F,Turkana,14,86,64,676492.77,635146.34,50040.5,9,112020.46,149332.52,1166653.62,0.9446,2,0.5545,0,4
MFI_KE_000148,50,F,Garissa,13,6,1,206929.8,208278.79,1560.38,5,42425.82,54214.03,189565.9,0.9024,6,0.279,0,3
MFI_KE_000149,26,F,Kitui,3,7,5,62396.93,56802.59,2978.04,0,0.0,0.0,0.0,0.7152,7,0.4907,0,3
MFI_KE_000150,28,M,Kisumu,7,76,61,248338.13,190565.81,6982.57,6,114117.38,206547.25,769961.28,0.6733,1,0.6114,0,4
MFI_KE_000151,22,F,Kisumu,3,30,54,10468.12,7656.71,1742.03,6,1529.24,1745.02,10288.13,0.8447,11,0.9456,0,1
MFI_KE_000152,30,M,Machakos,2,3,2,4429.8,3467.59,343.38,1,1841.95,3377.54,1733.67,0.5645,10,0.5443,0,5
MFI_KE_000153,23,F,Kakamega,19,40,40,7077.71,6181.6,4010.7,12,781.01,1531.38,8389.51,0.5777,0,0.8567,0,1
MFI_KE_000154,50,M,Machakos,47,5,7,151484.45,140009.85,8367.58,1,75475.82,129108.14,81159.27,0.6608,10,0.7506,0,3
MFI_KE_000155,41,M,Homa Bay,26,95,61,246737.55,184861.61,37958.51,5,195763.96,265803.79,872982.07,0.6913,4,0.4441,1,4
MFI_KE_000156,44,M,Laikipia,52,68,64,136670.55,115255.36,94506.67,7,182062.79,287702.31,1444782.08,0.687,5,0.501,1,4
MFI_KE_000157,29,F,Embu,5,28,16,24135.2,18364.78,25238.4,3,41206.19,62863.79,111460.85,0.9861,11,0.0855,0,2
MFI_KE_000158,24,F,Murang'a,3,7,2,652.99,577.2,257.44,0,0.0,0.0,0.0,1.0,21,0.8877,1,5
MFI_KE_000159,30,M,Nairobi,2,41,41,24188.45,22379.99,3197.37,6,3127.43,4063.54,17855.11,0.4446,2,0.807,1,1
MFI_KE_000160,20,M,Migori,10,38,46,21453.69,20581.06,1082.39,6,3032.88,5634.57,17375.61,0.6472,2,0.8141,0,1
MFI_KE_000161,27,F,Kisumu,3,40,54,6945.25,5967.08,1128.83,12,1382.16,2646.13,18999.6,0.4074,3,0.7337,0,1
MFI_KE_000162,26,F,Kericho,27,21,26,35402.11,26216.9,9893.55,3,57298.33,91838.98,205035.12,0.9844,10,0.9693,1,2
MFI_KE_000163,20,F,Nakuru,7,2,2,2570.01,2297.29,120.19,0,0.0,0.0,0.0,1.0,51,0.531,0,5
MFI_KE_000164,39,M,Murang'a,19,5,6,50606.56,47500.41,2380.26,1,29452.7,41475.97,26304.21,0.8631,6,0.3743,1,3
MFI_KE_000165,46,F,Trans Nzoia,39,30,20,38114.13,30188.31,11755.33,2,32751.11,52574.2,64904.18,0.9992,42,0.6554,0,2
MFI_KE_000166,44,F,Nairobi,2,2,4,5794.65,4311.72,890.13,0,0.0,0.0,0.0,1.0,95,0.517,0,5
MFI_KE_000167,28,M,Mombasa,2,48,48,24807.29,21831.78,975.31,4,2142.74,2855.19,7140.55,0.6647,7,0.9539,0,1
MFI_KE_000168,18,M,Nairobi,3,2,4,7350.64,6570.93,1106.81,0,0.0,0.0,0.0,1.0,232,0.7568,0,5
MFI_KE_000169,36,M,Kericho,3,22,23,84484.22,74309.38,23925.8,2,17003.57,29207.15,31399.01,0.8368,1,0.8269,1,2
MFI_KE_000170,36,F,Homa Bay,5,32,27,11624.3,9058.47,10261.11,2,31905.02,44223.71,63229.22,0.8872,10,0.7646,0,2
MFI_KE_000171,65,M,Turkana,22,5,14,86824.81,73524.56,6597.41,0,0.0,0.0,0.0,0.7584,8,0.4151,1,3
MFI_KE_000172,36,M,Garissa,1,3,4,11010.09,9253.73,200.17,0,0.0,0.0,0.0,1.0,116,0.4025,0,5
MFI_KE_000173,31,F,Nairobi,29,45,39,12435.2,9020.25,1102.88,8,2144.65,2535.47,13831.68,0.8345,1,0.6464,0,1
MFI_KE_000174,30,M,Mombasa,15,37,40,13867.93,12914.78,1431.31,10,3084.56,5871.64,34588.23,0.7557,1,0.881,0,1
MFI_KE_000175,18,M,Nyeri,6,2,3,850.98,620.11,3888.93,0,0.0,0.0,0.0,1.0,127,0.5717,0,5
MFI_KE_000176,34,M,Nyeri,5,1,3,5084.0,3603.12,1280.74,2,1337.38,2093.65,2760.47,0.3721,141,0.158,0,5
MFI_KE_000177,46,M,Bungoma,5,7,5,294207.2,243819.79,3948.64,5,39609.51,73801.86,233841.83,0.4894,11,0.7498,1,3
MFI_KE_000178,23,F,Kitui,1,1,3,5714.89,5245.11,1177.74,0,0.0,0.0,0.0,1.0,32,0.7533,0,5
MFI_KE_000179,27,F,Murang'a,2,40,38,20687.6,15101.27,4058.62,14,3149.67,3530.25,43947.48,0.5883,0,0.7538,0,1
MFI_KE_000180,18,F,Embu,29,38,45,2205.92,1735.6,2117.8,14,2914.86,5086.99,34503.55,0.6092,2,0.9488,0,1
MFI_KE_000181,18,M,Nairobi,9,38,45,18101.0,18778.58,1103.74,7,3363.76,4611.61,27631.47,0.7829,2,0.8884,0,1
MFI_KE_000182,32,F,Kiambu,7,48,43,14168.76,13764.93,1454.3,9,3280.22,4739.1,34344.15,0.3863,3,0.9463,0,1
MFI_KE_000183,22,M,Migori,19,82,55,91443.18,83899.32,18949.39,5,131745.19,137568.86,788487.27,0.8902,3,0.7026,0,4
MFI_KE_000184,24,F,Kisii,1,0,3,1496.74,1405.35,315.8,0,0.0,0.0,0.0,1.0,21,0.4389,0,5
MFI_KE_000185,24,M,Kiambu,6,27,49,31188.4,26038.54,9080.49,9,2701.92,5082.88,23845.16,0.6695,1,0.8357,0,1
MFI_KE_000186,22,M,Mombasa,19,31,47,5410.48,5010.7,3098.46,5,1368.47,1464.65,8137.45,0.7097,0,0.9497,1,1
MFI_KE_000187,28,F,Kakamega,11,35,41,3764.98,2726.52,581.93,6,2557.5,2854.76,16179.56,0.6567,1,0.9886,0,1
MFI_KE_000188,36,M,Nyeri,6,2,1,3508.62,3445.93,1249.57,0,0.0,0.0,0.0,1.0,79,0.6638,0,5
MFI_KE_000189,61,F,Turkana,3,8,2,199241.8,195833.84,6147.6,1,67607.62,97630.77,79071.59,0.6226,6,0.2892,0,3
MFI_KE_000190,48,M,Machakos,11,88,67,186664.66,155097.03,40463.27,5,139302.51,239585.06,778013.15,0.9091,0,0.5399,1,4
MFI_KE_000191,21,F,Uasin Gishu,9,42,47,12409.9,9815.15,2838.99,11,1496.88,2252.11,13990.62,0.7293,5,0.8756,0,1
MFI_KE_000192,29,M,Nyeri,7,50,48,6019.23,5497.72,5649.82,10,2155.87,3454.82,22390.68,0.9188,1,0.8275,0,1
MFI_KE_000193,23,M,Kiambu,6,29,36,2149.0,1622.32,3574.98,8,1992.69,3296.8,15896.32,0.6274,0,0.8499,0,1
MFI_KE_000194,18,F,Nakuru,1,1,5,1497.18,1294.64,564.75,0,0.0,0.0,0.0,1.0,28,0.5936,0,5
MFI_KE_000195,40,M,Nyeri,32,24,20,64155.74,50802.12,8392.59,4,22627.07,34118.56,96467.05,0.9857,1,0.703,0,2
MFI_KE_000196,31,M,Kitui,14,28,53,4569.37,4188.97,1832.8,7,2959.74,3613.58,17977.43,0.617,4,0.7827,0,1
MFI_KE_000197,27,M,Nakuru,22,44,45,10678.93,7906.5,1169.82,10,1035.35,1573.85,11603.48,0.6447,0,0.8311,0,1
MFI_KE_000198,18,M,Nakuru,18,31,46,53281.58,42548.58,4883.1,5,1659.15,3131.56,8843.11,0.7873,6,0.7024,0,1
MFI_KE_000199,29,M,Kisumu,50,45,35,3804.51,3349.7,1236.25,7,913.71,1311.98,6469.22,0.619,0,0.752,0,1
MFI_KE_000200,18,F,Kisumu,15,48,56,99091.16,103329.2,3528.45,5,3677.07,7304.33,14923.14,0.5943,1,0.9239,0,1
MFI_KE_000201,24,F,Kericho,32,64,63,211851.9,207559.92,44376.88,3,172096.64,329570.44,451717.75,0.9165,3,0.686,0,4
MFI_KE_000202,18,F,Uasin Gishu,65,33,54,17710.28,17199.77,547.25,9,7286.86,9990.69,69416.01,0.6902,5,0.8782,0,1
MFI_KE_000203,27,M,Nakuru,21,38,44,34678.68,24455.44,1060.35,4,2227.7,3054.82,9291.5,0.7139,4,0.7977,0,1
MFI_KE_000204,27,F,Kisumu,20,48,42,8301.75,6748.1,4835.91,4,2153.8,2289.07,10252.04,0.6347,1,0.9786,0,1
MFI_KE_000205,18,M,Nairobi,1,1,3,9240.18,9514.78,121.22,0,0.0,0.0,0.0,1.0,70,0.7734,0,5
MFI_KE_000206,23,F,Kisii,5,74,65,439201.51,372290.78,43195.26,8,98948.84,175293.16,662828.01,0.9689,1,0.4657,1,4
MFI_KE_000207,18,F,Kisumu,20,49,52,18478.62,15704.7,1223.81,12,2904.5,4702.13,37643.15,0.6983,1,0.831,0,1
MFI_KE_000208,41,M,Kilifi,2,98,62,106885.62,82950.72,41734.88,2,238875.96,450239.81,458161.63,0.8304,6,0.6168,0,4
MFI_KE_000209,35,F,Laikipia,1,2,4,891.03,649.18,563.04,0,0.0,0.0,0.0,1.0,55,0.5887,1,5
MFI_KE_000210,46,F,Kakamega,4,8,7,27456.23,26723.5,2487.15,4,80664.91,96716.03,361124.24,0.5509,8,0.6246,0,3
MFI_KE_000211,57,M,Laikipia,4,13,8,86239.68,74377.19,2198.43,2,89925.95,162477.2,162214.74,0.9216,9,0.4919,1,3
MFI_KE_000212,48,F,Kakamega,4,28,18,53948.89,44350.76,8543.97,3,47919.26,77798.98,142763.2,0.9919,3,0.5484,1,2
MFI_KE_000213,18,F,Nairobi,3,57,38,28715.77,21227.28,1105.41,11,1102.98,1238.01,10515.1,0.5586,0,0.954,0,1
MFI_KE_000214,23,M,Nairobi,27,43,51,8601.88,7548.05,2397.16,9,1613.63,2434.34,16474.99,0.5893,11,0.9875,0,1
MFI_KE_000215,30,F,Kericho,25,31,23,51214.6,38090.79,27440.9,2,44289.85,53130.31,79218.12,0.9832,6,0.7006,0,2
MFI_KE_000216,30,M,Bomet,10,25,22,76711.38,58401.5,18091.19,3,29501.42,51785.54,87123.32,0.9791,9,0.6499,1,2
MFI_KE_000217,52,F,Kakamega,16,24,18,103301.65,78413.96,6562.21,3,55337.32,88278.31,136915.87,0.944,5,0.7672,0,2
MFI_KE_000218,31,M,Nairobi,60,46,56,41885.99,39522.29,1667.05,5,3713.1,4399.31,21210.79,0.6196,5,0.8126,0,1
MFI_KE_000219,20,F,Embu,25,39,42,12490.9,12789.89,4776.99,13,2226.4,3888.17,30819.6,0.8565,0,0.5668,0,1
MFI_KE_000220,27,M,Nakuru,15,30,48,30257.92,21283.53,3185.64,11,2180.49,2607.54,28085.98,0.7273,10,0.8009,0,1
MFI_KE_000221,18,M,Kericho,2,4,4,1151.49,1136.65,170.27,1,2028.42,2297.0,1669.28,0.8154,19,0.6901,0,5
MFI_KE_000222,22,M,Garissa,15,78,61,225569.49,159368.56,74292.67,6,393866.49,609277.72,1995133.07,0.8542,0,0.7012,0,4
MFI_KE_000223,50,M,Kisii,24,7,10,78245.89,57159.99,2127.58,0,0.0,0.0,0.0,0.6837,6,0.6199,1,3
MFI_KE_000224,24,M,Nakuru,31,46,49,131104.37,95513.43,1479.58,8,1896.97,3384.9,12871.07,0.6522,1,0.923,0,1
MFI_KE_000225,28,F,Garissa,7,43,39,6457.85,5494.8,3603.38,5,2252.27,3726.21,10569.45,0.6759,1,0.9177,0,1
MFI_KE_000226,37,M,Machakos,13,29,8,92699.51,65192.59,16729.3,2,66975.37,91834.91,134662.36,0.9787,1,0.6995,0,2
MFI_KE_000227,49,M,Kisii,40,5,3,122335.22,107652.73,9404.06,3,50315.87,95864.62,125971.34,0.6506,1,0.6311,1,3
MFI_KE_000228,31,M,Homa Bay,16,7,6,14022.43,14040.92,3617.52,1,82574.02,125547.52,67825.88,0.5954,13,0.4385,1,3
MFI_KE_000229,41,F,Kisumu,52,17,26,49852.44,39548.71,22208.32,1,96819.23,112086.34,96125.26,0.9422,3,0.4536,1,2
MFI_KE_000230,53,F,Migori,31,7,3,518053.79,516773.95,8485.78,1,236788.74,421713.01,196057.58,0.6773,9,0.6822,0,3
MFI_KE_000231,20,M,Nakuru,2,43,55,9173.01,6822.97,300.7,3,2264.01,3459.85,5768.3,0.6068,5,0.7582,0,1
MFI_KE_000232,25,F,Kisumu,33,42,51,19902.94,14167.61,5936.65,17,1488.28,1797.76,27820.69,0.8067,0,0.9938,0,1
MFI_KE_000233,22,M,Nyeri,14,8,5,102858.8,76381.69,1386.66,5,35902.74,45744.54,156899.64,0.8171,7,0.3121,0,3
MFI_KE_000234,46,M,Trans Nzoia,19,25,27,99682.19,71088.09,10213.29,4,41415.89,64937.87,145133.51,0.9671,21,0.7426,0,2
MFI_KE_000235,34,M,Embu,18,26,22,36642.97,35738.96,12415.2,2,11356.09,18534.85,24243.52,0.9554,7,0.5778,0,2
MFI_KE_000236,28,F,Uasin Gishu,28,34,59,27170.71,24253.45,3852.34,12,818.99,867.52,8758.81,0.6907,12,0.8597,1,1
MFI_KE_000237,57,M,Kitui,4,20,20,97904.24,73196.55,15016.51,2,20267.41,29530.78,34018.37,0.9237,20,0.6741,0,2
MFI_KE_000238,27,F,Bungoma,20,23,19,126293.38,97293.09,41529.22,2,49281.3,49383.43,116131.0,0.768,22,0.4538,1,2
MFI_KE_000239,43,M,Kakamega,21,5,6,72990.42,69581.19,72092.04,2,66041.53,108799.1,145327.92,0.9358,22,0.4945,1,3
MFI_KE_000240,30,M,Kakamega,2,8,4,85369.08,82112.93,8463.15,1,46970.58,48564.04,47141.23,0.6308,1,0.2201,1,3
MFI_KE_000241,28,M,Trans Nzoia,29,36,41,10322.68,8452.66,1310.47,7,2752.05,4174.85,21985.61,0.4674,1,0.8562,0,1
MFI_KE_000242,34,M,Bungoma,9,68,54,218084.32,185771.2,36871.03,3,117656.13,211251.3,359614.8,0.828,0,0.6444,0,4
MFI_KE_000243,55,M,Kakamega,30,11,8,125175.92,99313.78,4630.73,0,0.0,0.0,0.0,0.8514,7,0.2576,0,3
MFI_KE_000244,39,M,Kitui,26,15,4,169177.64,128265.58,6974.32,2,45291.7,57488.77,89001.2,0.8607,22,0.5714,1,3
MFI_KE_000245,42,M,Kiambu,6,19,15,147486.71,107491.59,4953.93,2,92453.79,119546.62,183285.33,0.9812,2,0.3463,1,2
MFI_KE_000246,45,M,Murang'a,22,21,26,63487.57,64409.48,17864.27,2,41600.95,55865.8,95461.09,0.8711,1,0.5751,0,2
MFI_KE_000247,39,F,Bomet,11,71,63,49131.57,39990.62,32462.58,4,300905.76,565653.22,1277018.31,0.8511,0,0.3489,0,4
MFI_KE_000248,20,F,Machakos,46,36,57,20348.68,14848.99,506.77,7,1240.1,1356.93,8104.68,0.6292,2,0.6638,0,1
MFI_KE_000249,31,M,Bomet,3,0,3,1474.75,1115.71,515.1,0,0.0,0.0,0.0,1.0,16,0.6075,0,5
MFI_KE_000250,28,F,Trans Nzoia,120,32,47,11148.92,9633.16,2164.17,5,849.05,1087.91,3810.52,0.4839,7,0.9241,0,1
MFI_KE_000251,28,F,Uasin Gishu,19,32,54,21525.21,22059.54,1731.55,15,1320.66,2386.65,19502.87,0.828,3,0.6984,0,1
MFI_KE_000252,28,F,Homa Bay,33,7,4,609442.77,518818.57,1902.52,1,21369.34,33769.03,19533.11,0.7767,4,0.4855,1,3
MFI_KE_000253,57,M,Garissa,13,84,78,128727.91,119658.16,97403.44,6,265228.67,518317.92,1768621.04,0.9266,2,0.6997,0,4
MFI_KE_000254,36,M,Bungoma,8,71,70,2153063.14,1807624.72,9527.6,4,89843.13,153466.32,300238.03,0.8416,0,0.7299,1,4
MFI_KE_000255,38,M,Embu,19,36,16,51109.03,43592.58,22665.72,5,78625.77,96270.97,401370.32,0.9879,4,0.8256,0,2
MFI_KE_000256,35,M,Machakos,8,19,24,230833.74,202364.66,9163.11,2,31616.1,57943.61,69638.58,0.9313,3,0.4903,1,2
MFI_KE_000257,59,F,Kilifi,35,87,72,342026.43,315450.52,123588.9,3,271483.58,335982.13,781161.82,0.9468,0,0.4902,0,4
MFI_KE_000258,39,F,Migori,38,28,19,189430.58,168095.84,47838.75,3,10514.12,18120.92,31296.83,0.8313,15,0.6188,1,2
MFI_KE_000259,48,F,Kisii,2,74,71,437287.75,411462.26,20705.8,8,143224.65,248581.07,1007623.54,0.7143,1,0.4566,0,4
MFI_KE_000260,63,M,Kilifi,10,11,8,50820.03,39865.64,2289.9,1,77392.95,84424.28,79729.37,0.8664,1,0.3307,1,3
MFI_KE_000261,25,F,Uasin Gishu,1,2,3,6944.76,5351.61,2716.41,0,0.0,0.0,0.0,1.0,35,0.6554,0,5
MFI_KE_000262,28,M,Mombasa,25,30,58,16478.71,12053.73,5821.59,5,2913.21,5307.48,12109.55,0.6706,0,0.878,0,1
MFI_KE_000263,18,F,Mombasa,8,2,3,1248.42,944.52,824.11,0,0.0,0.0,0.0,1.0,76,0.5459,0,5
MFI_KE_000264,38,M,Turkana,12,23,25,55749.28,49335.69,7166.13,3,30795.21,53938.91,105710.98,0.9359,22,0.5012,0,2
MFI_KE_000265,18,M,Nakuru,14,48,47,17839.16,13913.03,1822.6,7,1570.75,1974.95,12888.21,0.5231,6,0.9487,0,1
MFI_KE_000266,35,F,Murang'a,3,19,16,119763.68,93377.79,23941.39,2,43135.48,57180.66,73121.96,0.9257,25,0.8916,0,2
MFI_KE_000267,44,F,Kiambu,23,24,17,28853.37,27780.25,7993.39,3,113874.39,217514.79,322776.96,0.9049,1,0.6629,0,2
MFI_KE_000268,38,F,Nairobi,14,31,20,57063.92,56188.51,33988.98,2,34949.41,52093.28,76418.28,0.999,1,0.5879,0,2
MFI_KE_000269,43,F,Laikipia,8,24,22,53552.15,49142.47,13441.11,4,19252.83,35234.42,89191.54,0.9962,21,0.4303,0,2
MFI_KE_000270,32,M,Kisumu,3,72,79,604490.1,563631.88,31969.19,7,45723.34,77290.48,270272.55,0.9699,0,0.5273,0,4
MFI_KE_000271,28,F,Turkana,2,4,6,20395.25,20710.79,2483.34,2,103190.37,119556.93,240142.14,0.7077,11,0.3532,1,3
MFI_KE_000272,28,M,Trans Nzoia,5,18,20,113178.05,85493.35,23880.09,1,52661.7,61807.19,43593.33,0.9735,2,0.7494,1,2
MFI_KE_000273,40,M,Kericho,2,10,5,100612.09,87980.41,4161.98,6,59886.46,75885.28,308686.53,0.6673,2,0.5206,1,3
MFI_KE_000274,24,F,Kiambu,3,26,55,1809.95,1768.73,346.78,11,1640.49,1730.62,17401.57,0.5939,0,0.8176,0,1
MFI_KE_000275,30,F,Nyeri,4,26,22,35290.67,33296.7,34865.84,2,46203.95,64304.54,103992.66,0.9741,10,0.8417,0,2
MFI_KE_000276,25,F,Nakuru,13,51,58,6077.45,4581.67,767.12,9,1897.15,3480.21,20307.73,0.6608,2,0.8527,0,1
MFI_KE_000277,31,F,Murang'a,1,3,4,4186.56,4340.93,212.35,0,0.0,0.0,0.0,1.0,48,0.989,0,5
MFI_KE_000278,21,F,Nairobi,12,46,49,15509.49,11057.37,1033.92,12,3455.93,4221.03,38839.29,0.6856,0,0.8682,0,1
MFI_KE_000279,24,F,Homa Bay,12,3,4,2464.33,2106.59,1011.25,0,0.0,0.0,0.0,1.0,30,0.6117,0,5
MFI_KE_000280,42,F,Kisumu,15,26,18,123795.96,107583.81,15921.07,2,11286.74,20178.45,27063.5,0.9623,5,0.7926,0,2
MFI_KE_000281,23,F,Uasin Gishu,23,37,41,21948.71,19048.26,992.01,11,3130.57,4110.17,35520.44,0.9157,0,0.6952,1,1
MFI_KE_000282,45,F,Machakos,63,10,3,21139.89,19185.49,6273.44,3,195949.09,388143.84,608809.35,0.6789,23,0.8141,0,3
MFI_KE_000283,22,M,Machakos,4,22,21,44555.25,44063.74,27986.14,1,65509.4,72388.66,59330.53,0.9544,2,0.6096,0,2
MFI_KE_000284,36,F,Kericho,3,2,4,541.81,541.51,543.08,1,1946.84,3728.36,2272.18,0.2366,53,0.786,0,5
MFI_KE_000285,33,M,Kisumu,2,33,44,7678.15,6647.01,2734.77,11,889.25,1327.36,9237.82,0.9007,13,0.9203,0,1
MFI_KE_000286,38,M,Bomet,52,25,17,54672.1,50630.31,14481.03,4,52894.71,95206.37,183012.78,0.9999,2,0.7251,1,2
MFI_KE_000287,29,F,Uasin Gishu,21,34,47,21678.07,22629.47,1340.59,13,2552.52,4274.2,37092.46,0.6911,0,0.8993,0,1
MFI_KE_000288,40,F,Laikipia,11,7,9,293899.02,298642.14,657.27,2,58677.99,111499.86,137164.89,0.8588,9,0.3792,1,3
MFI_KE_000289,29,F,Meru,42,33,57,16565.85,15471.41,1349.48,6,1949.7,2211.83,11471.36,0.5853,5,0.9844,0,1
MFI_KE_000290,27,M,Nakuru,14,37,55,4280.26,3876.77,2954.14,5,3480.12,5119.7,15493.56,0.3903,4,0.8384,0,1
MFI_KE_000291,43,F,Bomet,19,23,26,55894.3,58374.29,91206.32,1,24134.14,36511.36,26544.75,0.9355,3,0.4748,0,2
MFI_KE_000292,24,M,Uasin Gishu,1,2,2,4340.29,3572.91,307.53,0,0.0,0.0,0.0,1.0,24,0.6383,0,5
MFI_KE_000293,59,M,Embu,34,83,73,32577.89,33415.85,30921.61,5,332115.65,515105.12,1564576.99,0.8821,1,0.6299,0,4
MFI_KE_000294,29,F,Migori,38,20,23,54190.4,56888.3,7754.42,3,63877.25,126729.88,200694.47,0.9833,15,0.7366,0,2
MFI_KE_000295,19,F,Embu,2,2,3,11425.73,10693.67,1200.84,1,2724.96,2796.38,3093.39,0.3064,20,0.4409,0,5
MFI_KE_000296,35,M,Kiambu,13,43,46,6021.42,5896.89,645.6,10,2574.2,3630.19,22192.59,0.6356,2,0.7846,0,1
MFI_KE_000297,47,F,Embu,2,7,10,467980.47,424654.96,13687.96,1,60800.05,111012.2,57932.16,0.7001,4,0.5204,1,3
MFI_KE_000298,43,M,Kericho,13,74,73,211775.46,166161.77,80321.9,4,120650.35,137676.66,473120.94,0.9039,3,0.5143,0,4
MFI_KE_000299,22,M,Mombasa,14,29,50,11792.99,11645.99,2285.4,5,2490.11,2888.88,12894.68,0.6525,5,0.7698,0,1
MFI_KE_000300,39,M,Nyeri,15,9,4,18873.61,14728.12,1059.59,1,31178.26,52123.42,34363.7,0.6888,1,0.4826,1,3
MFI_KE_000301,37,F,Laikipia,2,7,8,58099.44,48097.13,3543.87,2,58955.65,69914.28,97230.62,0.7032,25,0.6135,1,3
MFI_KE_000302,30,F,Homa Bay,1,1,3,4887.61,3943.48,363.52,1,1471.65,2060.29,1765.62,0.243,31,0.7749,1,5
MFI_KE_000303,33,F,Nakuru,20,75,78,124940.58,99302.59,59925.54,4,209092.91,411583.35,758551.23,0.6541,2,0.5779,1,4
MFI_KE_000304,23,F,Uasin Gishu,68,44,45,6947.32,5747.57,508.75,10,2248.27,2487.4,24766.27,0.5494,2,0.8015,0,1
MFI_KE_000305,18,M,Kiambu,1,2,3,24649.3,17939.94,1725.0,1,1439.21,1594.09,1206.54,0.4763,14,0.771,1,5
MFI_KE_000306,26,F,Migori,21,9,8,18105.4,13572.02,4576.39,3,95918.44,113923.49,244632.15,0.7301,10,0.818,0,3
MFI_KE_000307,64,F,Garissa,2,88,81,1107918.4,795566.77,6569.53,6,244709.67,362638.81,1637978.09,0.8301,0,0.7004,0,4
MFI_KE_000308,32,F,Meru,41,8,3,12763.66,12599.64,3130.45,1,97209.51,134948.5,110705.9,0.7872,1,0.3596,1,3
MFI_KE_000309,33,M,Nairobi,31,37,54,23921.6,21040.99,755.56,8,2219.93,4179.54,15929.39,0.7019,0,0.894,0,1
MFI_KE_000310,39,F,Trans Nzoia,72,69,55,140956.11,104585.33,31284.07,3,170633.35,199497.53,584718.2,0.5542,1,0.3708,1,4
MFI_KE_000311,33,M,Kilifi,2,12,6,108135.66,88522.91,18964.59,3,40322.24,51673.59,143678.0,0.9152,7,0.4313,1,3
MFI_KE_000312,28,F,Nakuru,29,39,35,12334.07,11284.95,246.66,2,2710.15,5388.18,5446.27,0.6731,2,0.9304,0,1
MFI_KE_000313,37,M,Meru,18,6,3,20006.35,20264.4,27468.12,1,102937.4,127418.21,122462.23,0.9353,5,0.3084,1,3
MFI_KE_000314,23,F,Turkana,8,52,50,13884.42,10568.28,6786.26,5,689.56,1091.14,3071.93,0.7856,0,0.9707,0,1
MFI_KE_000315,27,F,Machakos,9,45,51,78064.59,60435.68,1903.64,12,1335.44,2260.27,13752.98,0.7735,3,0.7567,0,1
MFI_KE_000316,75,F,Embu,2,10,6,103680.96,107803.32,753.52,1,25088.22,41507.8,27164.53,0.7497,3,0.6089,0,3
MFI_KE_000317,21,M,Kiambu,15,48,39,10300.68,8473.9,531.6,5,1974.65,2971.88,8795.18,0.6751,7,0.8927,0,1
MFI_KE_000318,35,F,Kiambu,19,24,14,48974.74,50825.81,14461.57,2,74396.07,132771.88,143142.67,0.9377,2,0.7428,0,2
MFI_KE_000319,48,M,Kitui,10,8,3,137790.6,123759.95,187107.22,1,60733.88,116310.87,58923.39,0.7872,3,0.4024,0,3
MFI_KE_000320,34,F,Kisumu,5,75,73,516458.1,466492.11,86773.88,8,230700.96,442347.86,2112459.27,0.8807,2,0.4715,0,4
MFI_KE_000321,43,F,Kericho,52,26,17,29157.87,29569.18,16622.59,0,0.0,0.0,0.0,0.8976,23,0.5463,0,2
MFI_KE_000322,21,F,Nairobi,8,45,49,29311.77,22562.46,885.57,8,4575.17,6139.69,31373.62,0.704,2,0.904,0,1
MFI_KE_000323,24,F,Kiambu,10,42,56,13897.25,13663.12,1393.01,10,2770.75,3766.25,24839.73,0.7741,2,0.9055,0,1
MFI_KE_000324,56,F,Kericho,14,5,7,155921.22,152965.06,32010.67,0,0.0,0.0,0.0,0.7436,7,0.2584,1,3
MFI_KE_000325,44,F,Homa Bay,21,26,28,75555.49,69072.45,44087.86,4,59451.15,111738.53,273738.61,0.9977,8,0.6363,0,2
MFI_KE_000326,29,F,Trans Nzoia,29,84,62,123137.6,87686.06,41288.9,3,122513.81,124907.24,297661.7,0.7811,3,0.77,0,4
MFI_KE_000327,33,F,Kakamega,27,8,9,59384.73,54482.54,1425.72,1,25710.18,40738.8,27339.82,0.8397,5,0.3919,1,3
MFI_KE_000328,53,F,Migori,15,5,7,51641.6,46514.26,7083.14,1,55264.92,56650.63,49389.2,0.4989,13,0.6049,1,3
MFI_KE_000329,45,M,Mombasa,13,25,22,216373.85,207797.37,31660.07,4,31485.12,43929.58,127324.08,0.9093,2,0.7137,0,2
MFI_KE_000330,60,M,Kakamega,45,9,4,190290.54,152101.66,2412.91,1,47805.35,63861.4,43394.07,0.8793,35,0.4766,1,3
MFI_KE_000331,35,F,Migori,6,4,2,3879.42,2759.89,2797.61,1,1766.87,2468.31,1793.5,0.7549,66,0.8319,0,5
MFI_KE_000332,33,F,Machakos,38,8,5,55911.8,48225.4,4360.88,3,59338.81,91128.33,176811.88,0.5325,16,0.3664,0,3
MFI_KE_000333,43,M,Uasin Gishu,1,1,6,3553.34,3456.22,323.05,1,1004.43,1010.81,1054.85,0.3537,51,0.4264,0,5
MFI_KE_000334,45,F,Nyeri,14,25,19,70081.46,52062.99,48468.84,2,81553.82,83359.38,178755.5,0.9763,4,0.8561,0,2
MFI_KE_000335,34,F,Bomet,32,85,72,192790.0,161330.29,24635.28,5,137335.06,259205.46,728393.97,0.7489,2,0.7981,0,4
MFI_KE_000336,19,F,Kisumu,5,32,35,19069.99,18734.37,3218.64,7,1016.56,1655.66,7436.03,0.7592,5,0.9577,0,1
MFI_KE_000337,32,M,Machakos,2,3,2,1840.52,1539.29,608.53,0,0.0,0.0,0.0,1.0,65,0.7883,0,5
MFI_KE_000338,26,M,Machakos,13,39,56,21257.9,21145.64,769.15,16,1210.45,2051.44,17039.49,0.7371,1,0.9195,0,1
MFI_KE_000339,30,F,Kiambu,20,50,52,22852.91,17183.04,1199.21,4,2831.35,5013.72,12791.83,0.8607,1,0.7312,0,1
MFI_KE_000340,30,F,Kericho,5,60,50,13637.28,11654.07,1488.36,7,2105.43,3779.87,17151.89,0.4096,1,0.9067,0,1
MFI_KE_000341,64,M,Nyeri,22,6,3,79746.08,77006.43,7059.69,0,0.0,0.0,0.0,0.608,14,0.2461,1,3
MFI_KE_000342,22,F,Meru,6,12,3,51385.34,48139.76,10798.06,2,67458.08,83660.82,115378.12,0.7985,2,0.3283,0,3
MFI_KE_000343,42,F,Nakuru,6,1,1,1312.08,1211.92,3003.16,0,0.0,0.0,0.0,1.0,129,0.8909,1,5
MFI_KE_000344,28,F,Embu,10,12,6,13093.35,12120.28,8830.47,0,0.0,0.0,0.0,0.6874,2,0.4578,1,3
MFI_KE_000345,36,M,Meru,12,29,19,87417.7,66896.96,10487.56,4,43039.51,84302.22,166260.06,0.9853,5,0.7315,0,2
MFI_KE_000346,36,F,Nakuru,9,24,17,72429.92,68894.35,7974.63,3,60809.07,92634.81,178285.66,0.9274,43,0.4504,0,2
MFI_KE_000347,32,F,Kitui,21,53,58,28684.49,24313.48,1691.86,10,2305.35,2850.15,26368.32,0.6811,2,0.8428,0,1
MFI_KE_000348,33,F,Embu,3,2,4,1993.79,1456.5,428.62,0,0.0,0.0,0.0,1.0,14,0.7532,0,5
MFI_KE_000349,47,F,Kisumu,8,18,19,60629.29,47857.78,28688.37,4,23290.35,43332.55,75851.78,0.9999,1,0.6044,0,2
MFI_KE_000350,29,M,Nairobi,14,39,59,32648.08,29665.66,4583.55,7,1009.29,1342.86,7824.62,0.7322,20,0.8003,0,1
MFI_KE_000351,20,M,Kisumu,19,42,44,10719.18,9526.27,4235.85,16,3682.8,4737.51,60231.76,0.6308,9,0.9566,0,1
MFI_KE_000352,49,M,Kitui,15,20,19,23803.29,20131.15,9083.29,0,0.0,0.0,0.0,0.956,9,0.5705,1,2
MFI_KE_000353,36,F,Migori,17,19,20,149140.68,113517.95,14612.34,2,52907.61,91575.46,112053.89,0.9238,3,0.8006,0,2
MFI_KE_000354,27,F,Embu,13,24,18,25684.91,26766.12,21017.72,6,49836.94,97765.22,283469.77,0.9944,1,0.7616,1,2
MFI_KE_000355,54,M,Kakamega,120,11,8,745203.56,762644.84,10479.68,0,0.0,0.0,0.0,0.6693,8,0.2834,1,3
MFI_KE_000356,45,F,Kilifi,5,24,24,30008.84,31169.29,20992.71,2,34579.49,52864.74,65904.5,0.8417,15,0.8429,0,2
MFI_KE_000357,61,M,Kakamega,2,8,10,169164.03,155456.44,1178.95,1,64066.03,83022.06,58667.98,0.911,5,0.7267,0,3
MFI_KE_000358,24,M,Turkana,6,24,19,43418.53,37144.91,7442.62,2,19616.09,30440.8,32835.35,0.9439,2,0.8721,1,2
MFI_KE_000359,34,F,Migori,2,88,76,539173.49,413238.6,13665.96,5,89637.27,154623.22,391162.82,0.8827,0,0.8409,1,4
MFI_KE_000360,34,F,Nairobi,3,32,61,28633.84,26358.05,8666.05,7,1860.92,2354.88,15605.67,0.8535,5,0.9828,0,1
MFI_KE_000361,30,F,Garissa,16,28,21,52349.06,45780.48,22760.14,2,36859.0,58352.04,75491.15,0.8568,14,0.673,1,2
MFI_KE_000362,25,M,Kisumu,2,46,61,44804.67,38481.65,3261.4,4,1724.74,2264.66,8125.26,0.6416,1,0.9096,0,1
MFI_KE_000363,46,M,Migori,3,18,19,133331.98,132464.62,10323.83,5,23815.22,30519.44,135086.83,0.948,5,0.4681,0,2
MFI_KE_000364,42,F,Homa Bay,42,34,23,268087.41,268580.46,31343.42,1,50137.46,93871.35,57753.42,0.9011,1,0.4618,0,2
MFI_KE_000365,32,F,Turkana,2,21,14,30357.5,26448.69,7000.31,4,29464.46,56638.14,107916.31,0.9649,7,0.5439,0,2
MFI_KE_000366,23,M,Nairobi,27,40,45,21461.1,16666.9,5117.6,8,1876.03,2170.34,14425.8,0.4622,0,0.8492,0,1
MFI_KE_000367,46,F,Embu,8,20,15,179438.28,137669.24,37211.23,1,27027.02,47226.2,25716.16,0.9455,1,0.7439,0,2
MFI_KE_000368,36,M,Turkana,7,21,22,96449.28,76511.4,69495.49,2,18442.3,21747.21,32075.58,0.9246,8,0.6614,1,2
MFI_KE_000369,20,F,Kisii,1,1,3,1602.62,1531.48,635.19,0,0.0,0.0,0.0,1.0,118,0.8383,0,5
MFI_KE_000370,51,M,Kisumu,3,90,77,98527.53,70892.7,56996.33,5,136977.66,155811.32,555051.44,0.8327,1,0.5254,0,4
MFI_KE_000371,37,M,Garissa,10,9,4,151756.86,147106.59,4041.14,3,73300.94,125712.23,186981.23,0.751,1,0.5883,1,3
MFI_KE_000372,27,M,Nairobi,53,41,37,19125.6,18605.51,4555.44,6,1166.51,1789.82,6055.74,0.833,6,0.7354,0,1
MFI_KE_000373,59,M,Embu,48,10,6,57043.41,46910.6,3210.88,7,55047.56,70132.3,323378.76,0.7134,8,0.3913,0,3
MFI_KE_000374,18,F,Nairobi,4,45,54,34167.51,30105.81,969.82,8,2616.24,4805.13,23945.2,0.5411,1,0.9289,0,1
MFI_KE_000375,49,F,Kitui,1,2,3,274.24,286.77,1222.48,0,0.0,0.0,0.0,1.0,171,0.7817,0,5
MFI_KE_000376,25,F,Nakuru,15,48,39,16368.6,14878.63,2788.49,7,2463.06,2502.79,15822.02,0.4642,1,0.9119,0,1
MFI_KE_000377,35,F,Meru,32,73,75,157561.15,121431.23,30527.63,7,241445.42,476280.28,1437131.91,0.8809,0,0.487,0,4
MFI_KE_000378,48,F,Laikipia,74,25,22,129137.28,111859.77,5791.92,2,30477.22,34051.81,57696.71,0.9823,8,0.7491,0,2
MFI_KE_000379,28,M,Nakuru,18,38,55,76484.55,73577.45,1576.74,7,4197.47,4892.13,29926.88,0.56,0,0.8174,0,1
MFI_KE_000380,41,F,Homa Bay,23,23,16,82372.55,74093.95,19271.89,6,10282.88,19802.09,50028.34,0.9372,8,0.3268,0,2
MFI_KE_000381,37,F,Kericho,9,1,6,10730.02,8759.69,601.31,2,1725.5,2007.5,3877.03,0.3879,92,0.3956,0,5
MFI_KE_000382,39,M,Kisumu,4,77,74,370736.15,386224.69,78291.34,4,249599.63,264706.13,842881.53,0.6998,0,0.4401,1,4
MFI_KE_000383,36,M,Kisumu,5,94,60,467330.48,370891.75,9543.7,4,223279.22,370100.06,1064179.99,0.8008,0,0.551,0,4
MFI_KE_000384,34,M,Kericho,12,24,14,53111.79,52678.38,15645.56,5,116489.44,120983.98,590251.0,0.9636,1,0.5328,0,2
MFI_KE_000385,26,M,Kilifi,10,33,63,7204.29,5084.65,584.41,9,1972.8,3650.98,14997.23,0.4707,0,0.9746,0,1
MFI_KE_000386,26,M,Laikipia,66,46,38,10627.86,10975.6,1968.23,5,1911.73,2620.94,9645.85,0.6592,0,0.8368,0,1
MFI_KE_000387,22,M,Uasin Gishu,44,72,68,428908.8,444196.73,21174.07,4,193508.88,384945.82,640615.06,0.8205,1,0.4029,0,4
MFI_KE_000388,40,F,Nakuru,6,5,3,22965.14,21270.81,1569.21,0,0.0,0.0,0.0,1.0,35,0.3654,1,5
MFI_KE_000389,50,M,Migori,22,8,5,197663.92,192064.34,2751.37,8,90030.66,134657.55,768279.96,0.6588,2,0.5616,1,3
MFI_KE_000390,36,M,Nairobi,15,91,64,412176.36,303368.06,29068.51,7,127257.05,246640.69,1029092.83,0.6415,3,0.6555,1,4
MFI_KE_000391,55,F,Machakos,53,3,6,34650.02,30684.83,1402.99,1,55776.05,80272.09,58697.92,0.9385,1,0.1995,1,3
MFI_KE_000392,25,M,Nairobi,26,37,50,7763.74,7177.31,491.99,7,2456.25,2940.03,18649.38,0.5312,9,0.6641,0,1
MFI_KE_000393,30,F,Kakamega,13,23,15,97175.39,72531.25,8048.51,2,30351.15,51623.79,59838.18,0.9648,1,0.448,0,2
MFI_KE_000394,28,F,Bungoma,2,2,3,30043.96,26629.94,10773.0,2,58360.43,103404.24,101427.07,0.7436,2,0.5627,0,3
MFI_KE_000395,24,F,Mombasa,5,37,52,11913.31,11577.41,742.31,7,2104.98,3865.2,12598.55,0.7412,4,0.8614,1,1
MFI_KE_000396,31,M,Kitui,2,20,28,51684.75,39482.03,39535.34,6,37891.04,62366.69,260769.85,0.9437,1,0.5728,0,2
MFI_KE_000397,24,F,Nairobi,12,36,49,4255.34,3807.64,3356.63,5,3294.99,4045.65,14998.66,0.7118,2,0.8665,0,1
MFI_KE_000398,52,F,Kiambu,5,4,2,6850.21,4875.49,340.05,0,0.0,0.0,0.0,1.0,21,0.5867,0,5
MFI_KE_000399,45,M,Kericho,2,3,6,8351.27,6834.15,1483.44,0,0.0,0.0,0.0,1.0,39,0.7473,0,5
MFI_KE_000400,26,F,Kilifi,4,3,0,9623.58,9893.82,266.12,1,1570.95,3124.79,1520.41,0.4028,48,0.3852,0,5
MFI_KE_000401,51,M,Kakamega,45,6,7,126611.34,111628.38,9513.22,1,134957.21,212096.47,140078.56,0.8909,5,0.509,1,3
MFI_KE_000402,35,M,Laikipia,77,76,67,67533.23,66679.4,36083.98,3,145585.75,180265.91,382270.8,0.558,0,0.7805,0,4
MFI_KE_000403,23,M,Kitui,4,4,7,8337.04,7475.83,1053.74,0,0.0,0.0,0.0,1.0,64,0.6997,1,5
MFI_KE_000404,64,F,Nyeri,47,8,6,52961.83,52516.19,2645.83,0,0.0,0.0,0.0,0.8668,5,0.1251,1,3
MFI_KE_000405,25,F,Turkana,2,49,42,959.1,1002.68,972.03,6,2096.81,2903.14,15054.32,0.7415,0,0.9593,0,1
MFI_KE_000406,28,M,Mombasa,4,48,57,9915.52,10390.0,3697.92,6,4348.01,4558.76,26795.63,0.8656,0,0.9136,1,1
MFI_KE_000407,31,M,Uasin Gishu,28,41,52,5602.9,5027.83,6300.05,6,3009.93,3793.39,15194.71,0.522,1,0.7117,0,1
MFI_KE_000408,28,M,Machakos,5,37,31,44843.63,37888.04,4782.36,5,22989.66,42620.63,112303.56,0.8837,16,0.9551,0,2
MFI_KE_000409,33,M,Kisumu,15,96,65,199948.79,191196.79,69883.78,3,163974.73,257648.16,509683.79,0.8736,0,0.4558,0,4
MFI_KE_000410,26,F,Laikipia,7,73,71,771204.45,565183.44,49597.57,2,147162.62,179409.86,352553.09,0.8661,2,0.8495,0,4
MFI_KE_000411,43,M,Meru,29,5,6,22023.74,21917.78,3943.41,3,26778.94,45237.65,88731.31,0.695,15,0.5939,1,3
MFI_KE_000412,27,M,Nakuru,18,46,45,14238.88,10215.26,805.8,8,949.57,1650.46,6154.39,0.8944,2,0.9023,0,1
MFI_KE_000413,34,F,Embu,18,68,71,202005.44,157958.17,52075.38,10,89627.01,164308.6,835197.01,0.9402,2,0.4249,0,4
MFI_KE_000414,32,F,Kisii,23,7,6,20677.34,21150.25,1210.2,3,36859.03,73561.37,98575.7,0.7398,5,0.5349,1,3
MFI_KE_000415,34,M,Garissa,26,5,2,122371.39,101069.28,1227.42,0,0.0,0.0,0.0,0.8517,2,0.5628,1,3
MFI_KE_000416,30,M,Kisumu,44,35,52,3561.21,2513.72,10674.01,12,3219.87,4301.2,38611.22,0.7029,4,0.9837,1,1
MFI_KE_000417,18,M,Nakuru,1,1,2,3271.44,3429.28,2531.74,0,0.0,0.0,0.0,1.0,230,0.6337,0,5
MFI_KE_000418,36,M,Kisii,5,1,3,1869.63,1580.9,6409.22,1,608.57,1035.85,576.41,0.672,17,0.6098,0,5
MFI_KE_000419,19,F,Kisumu,6,40,53,6672.48,6678.89,785.74,8,4015.51,7951.05,35967.83,0.6826,0,0.8951,0,1
MFI_KE_000420,26,M,Nairobi,2,41,53,4276.56,3866.24,3416.78,4,1254.61,1472.34,5892.55,0.477,6,0.7997,0,1
MFI_KE_000421,34,M,Kitui,4,21,13,83165.58,67371.21,28301.38,3,41386.97,79886.33,148627.97,0.9136,9,0.5479,0,2
MFI_KE_000422,44,M,Nyeri,39,79,83,111421.39,111068.37,15590.71,4,127710.4,204050.96,561375.44,0.9253,1,0.5452,0,4
MFI_KE_000423,21,F,Mombasa,3,4,6,2425.01,2289.94,318.09,2,944.05,1719.56,1952.34,0.409,16,0.5131,0,5
MFI_KE_000424,22,F,Uasin Gishu,51,37,47,27235.84,23931.79,892.0,6,2288.56,4191.23,14187.58,0.6278,0,0.9626,0,1
MFI_KE_000425,19,F,Bungoma,27,38,47,8939.83,8589.97,3092.08,11,1874.87,2089.5,22421.1,0.7639,8,0.9443,0,1
MFI_KE_000426,28,M,Uasin Gishu,21,33,69,3518.28,2688.47,2964.97,7,1542.97,2079.15,8844.46,0.6658,7,0.8968,0,1
MFI_KE_000427,47,F,Kisumu,2,34,13,106578.55,75059.63,25125.13,1,21624.91,32050.22,25796.45,0.8617,17,0.6504,0,2
MFI_KE_000428,26,M,Bungoma,49,34,48,97321.49,71212.21,5868.16,8,998.88,1341.92,7135.1,0.5251,1,0.9097,0,1
MFI_KE_000429,40,F,Kitui,53,25,20,31917.49,33331.13,12415.82,1,48368.45,57927.71,54486.35,0.9887,2,0.4975,1,2
MFI_KE_000430,31,F,Bomet,23,6,4,55348.94,49396.42,2460.01,2,111487.97,138116.47,207319.48,0.9327,7,0.2662,0,3
MFI_KE_000431,34,F,Embu,16,21,13,80425.73,78658.42,31230.15,4,22488.59,32282.62,94463.15,0.9881,3,0.5186,0,2
MFI_KE_000432,20,F,Nairobi,33,42,57,5501.68,4477.84,5942.3,7,1602.92,1816.72,12635.07,0.7104,9,0.8726,0,1
MFI_KE_000433,27,M,Kiambu,2,38,62,11906.95,9593.58,2451.6,4,1630.77,2957.05,7126.34,0.87,2,0.8102,0,1
MFI_KE_000434,53,F,Laikipia,53,9,8,77180.65,77445.44,3977.61,0,0.0,0.0,0.0,0.9206,10,0.2219,1,3
MFI_KE_000435,22,M,Kericho,10,6,8,47608.78,36481.69,2435.58,3,42451.25,42492.11,151359.98,0.7521,31,0.3948,1,3
MFI_KE_000436,33,M,Migori,24,38,51,13145.66,10453.0,2557.49,7,1586.53,2201.53,9604.87,0.4368,0,0.7196,0,1
MFI_KE_000437,41,F,Kisumu,19,87,87,303348.51,247456.3,46923.82,5,157418.71,298340.62,868315.88,0.5519,2,0.5298,1,4
MFI_KE_000438,31,M,Kilifi,33,11,8,51169.23,37442.47,4002.3,1,83200.85,93238.17,70614.26,0.8498,6,0.683,1,3
MFI_KE_000439,28,M,Meru,16,24,12,46164.49,41762.08,7980.29,4,26146.06,29000.27,102822.63,0.9639,6,0.6406,0,2
MFI_KE_000440,37,M,Kitui,6,81,64,313645.34,289932.87,47978.73,4,86087.4,110457.71,395902.93,0.7063,1,0.5384,0,4
MFI_KE_000441,49,M,Homa Bay,11,4,6,86832.61,76439.76,29899.48,1,34296.22,50054.12,28725.35,0.8667,36,0.4738,1,3
MFI_KE_000442,18,M,Kakamega,2,1,3,533.06,420.4,479.09,1,1454.79,2417.8,1331.95,0.4392,35,0.3371,0,5
MFI_KE_000443,48,F,Homa Bay,19,12,7,212240.44,177779.12,488.64,2,53556.21,74940.6,113062.09,0.6789,2,0.2869,1,3
MFI_KE_000444,29,F,Nakuru,15,38,39,6136.94,5240.06,750.21,14,1150.33,1811.08,15404.43,0.6903,0,0.9207,0,1
MFI_KE_000445,33,M,Uasin Gishu,8,46,51,32329.25,27271.81,5860.53,8,2153.29,2187.19,15306.3,0.8404,4,0.9621,0,1
MFI_KE_000446,21,M,Mombasa,30,33,62,9233.84,8567.2,1870.84,10,1267.05,2179.47,14405.64,0.8036,0,0.9368,0,1
MFI_KE_000447,25,M,Mombasa,1,4,4,4992.43,4294.46,162.19,0,0.0,0.0,0.0,1.0,19,0.7646,0,5
MFI_KE_000448,39,M,Kilifi,2,1,3,1278.16,961.36,1037.15,0,0.0,0.0,0.0,1.0,15,0.7132,0,5
MFI_KE_000449,34,M,Migori,4,3,7,834.2,869.41,3298.95,1,1444.31,2849.08,1377.73,0.9015,12,0.5473,0,5
MFI_KE_000450,26,F,Turkana,48,35,43,26275.65,26554.17,1811.56,10,3018.09,3685.92,36045.02,0.2688,1,0.8755,0,1
MFI_KE_000451,37,F,Meru,3,9,7,57143.96,48767.61,3058.83,1,69097.69,77361.81,71831.39,0.9603,4,0.6173,1,3
MFI_KE_000452,42,F,Bomet,17,12,5,65941.48,58143.23,6363.81,1,165093.87,306304.61,137177.57,0.6319,3,0.6184,1,3
MFI_KE_000453,50,F,Uasin Gishu,7,80,76,680425.17,703305.4,132751.35,4,84534.62,143674.91,354762.98,0.8281,0,0.4043,0,4
MFI_KE_000454,50,M,Kilifi,27,28,24,40849.01,38328.13,9531.08,0,0.0,0.0,0.0,0.9881,2,0.7596,0,2
MFI_KE_000455,20,F,Meru,35,24,44,17178.03,17642.73,3824.38,8,1566.58,3130.71,10844.62,0.5288,0,0.9716,0,1
MFI_KE_000456,28,M,Turkana,5,16,23,165592.18,136803.68,49536.58,6,45491.46,72101.06,264816.39,0.9543,9,0.7719,1,2
MFI_KE_000457,47,M,Homa Bay,26,7,2,107006.87,110923.68,7006.86,2,87403.79,90425.51,140002.26,0.5701,17,0.5191,1,3
MFI_KE_000458,40,F,Uasin Gishu,1,1,5,4653.59,4426.12,7906.25,1,1683.67,2648.58,1416.27,0.3284,47,0.6381,0,5
MFI_KE_000459,42,F,Embu,6,70,77,107551.6,110930.05,17054.25,6,38388.7,42165.67,233272.74,0.8965,0,0.6551,0,4
MFI_KE_000460,37,M,Nyeri,8,26,14,91385.29,90300.3,32584.91,2,52876.56,72108.7,103401.35,0.9247,5,0.6059,0,2
MFI_KE_000461,38,F,Nairobi,18,95,69,291969.68,283288.68,69179.58,5,142212.29,212092.37,825123.17,0.8435,1,0.7443,0,4
MFI_KE_000462,39,F,Embu,12,9,9,207460.05,185848.44,6260.54,1,79243.01,93492.23,76681.44,0.6618,31,0.4656,0,3
MFI_KE_000463,26,F,Kisumu,34,35,62,7341.99,7049.8,670.05,5,1831.81,1969.07,10214.95,0.521,0,0.823,0,1
MFI_KE_000464,47,M,Turkana,23,22,16,222014.27,199265.77,6202.94,4,34746.14,36254.36,113141.66,0.8617,21,0.5783,1,2
MFI_KE_000465,20,F,Trans Nzoia,24,47,61,3771.02,3274.78,2881.69,10,3420.4,4353.59,28078.83,0.8685,1,0.9302,0,1
MFI_KE_000466,28,F,Machakos,12,22,13,183103.37,151394.86,7859.58,4,27872.4,33859.67,114491.93,0.9399,2,0.7429,0,2
MFI_KE_000467,32,F,Uasin Gishu,25,22,18,83586.14,59931.89,3746.25,0,0.0,0.0,0.0,0.9107,18,0.746,0,2
MFI_KE_000468,21,M,Uasin Gishu,3,41,50,9538.26,9453.51,1643.58,8,1891.56,2021.74,13501.25,0.721,0,0.9886,0,1
MFI_KE_000469,37,M,Nairobi,10,26,18,179023.79,170723.6,14512.21,5,17380.57,25942.25,100949.27,0.979,22,0.517,0,2
MFI_KE_000470,49,M,Migori,4,18,23,26773.95,27389.97,7757.11,1,19973.84,27576.67,21791.6,0.9923,3,0.6617,0,2
MFI_KE_000471,27,M,Embu,2,35,56,6819.78,6034.91,1497.03,13,1802.41,2051.15,26184.06,0.527,6,0.9108,0,1
MFI_KE_000472,31,M,Trans Nzoia,5,91,70,230272.4,239370.38,16396.55,8,236440.52,337874.61,1652466.45,0.8007,1,0.6043,0,4
MFI_KE_000473,25,M,Machakos,46,29,56,5526.08,4208.75,2345.38,10,3526.05,5221.74,30951.29,0.7916,5,0.7675,0,1
MFI_KE_000474,57,F,Garissa,11,11,7,16713.95,12555.59,3859.96,6,53301.42,60869.84,283629.6,0.7482,5,0.3355,1,3
MFI_KE_000475,45,F,Nairobi,1,2,6,4519.92,4487.25,1287.48,0,0.0,0.0,0.0,1.0,134,0.8531,0,5
MFI_KE_000476,41,M,Trans Nzoia,43,22,31,67096.64,53714.62,36439.37,1,25323.04,40264.06,27668.49,0.9961,3,0.6766,1,2
MFI_KE_000477,37,F,Kakamega,4,2,3,615.42,502.39,722.55,0,0.0,0.0,0.0,1.0,38,0.4052,0,5
MFI_KE_000478,28,F,Murang'a,5,1,3,1402.0,1140.16,490.28,0,0.0,0.0,0.0,1.0,108,0.4891,0,5
MFI_KE_000479,36,F,Uasin Gishu,11,43,43,21948.58,20890.64,798.88,4,1386.89,2044.49,4694.24,0.738,1,0.9016,0,1
MFI_KE_000480,24,M,Mombasa,11,45,57,27610.17,20695.18,871.38,8,2868.22,2999.55,20976.57,0.8103,0,0.984,0,1
MFI_KE_000481,51,M,Embu,14,6,5,32599.81,29388.67,3698.95,2,79961.91,81639.05,156031.89,0.6185,4,0.4357,1,3
MFI_KE_000482,42,F,Murang'a,6,19,19,160913.32,123327.13,11808.18,2,35391.81,60149.61,57983.17,0.9369,8,0.8743,1,2
MFI_KE_000483,24,M,Mombasa,7,46,65,7923.08,7632.5,1967.77,9,1278.03,1303.24,12841.33,0.6762,13,0.9365,0,1
MFI_KE_000484,29,M,Kiambu,7,39,48,15537.92,13808.02,6436.45,9,1931.92,2278.42,20382.72,0.6104,1,0.8043,0,1
MFI_KE_000485,35,F,Mombasa,54,37,54,16501.97,15514.33,1370.5,9,1173.36,1561.05,9079.51,0.3574,5,0.7816,1,1
MFI_KE_000486,23,M,Kilifi,8,13,4,73012.61,60947.2,1566.36,3,46912.77,53747.17,122891.01,0.6409,26,0.382,1,3
MFI_KE_000487,22,F,Embu,32,20,21,95618.33,80828.22,10047.99,1,29355.87,39753.51,25243.53,0.9479,4,0.326,0,2
MFI_KE_000488,34,M,Kericho,25,87,76,169483.75,120976.66,21188.27,11,155392.78,167536.64,1832793.0,0.8749,0,0.487,1,4
MFI_KE_000489,39,F,Trans Nzoia,2,89,75,170779.0,168376.94,26352.73,4,223146.76,397184.89,1062499.92,0.4481,1,0.3851,0,4
MFI_KE_000490,18,F,Uasin Gishu,1,2,0,3073.52,2213.61,2642.1,0,0.0,0.0,0.0,1.0,58,0.6197,0,5
MFI_KE_000491,41,F,Mombasa,2,30,11,70953.0,67011.11,4472.68,2,42652.35,67183.56,75369.84,0.9951,13,0.4323,0,2
MFI_KE_000492,35,F,Embu,67,21,16,69321.22,66499.89,53599.5,3,55991.45,107888.15,135653.77,0.8855,11,0.8789,0,2
MFI_KE_000493,35,F,Machakos,3,7,7,75693.52,58875.75,1685.03,0,0.0,0.0,0.0,0.6296,7,0.3236,0,3
MFI_KE_000494,24,F,Murang'a,18,18,28,38676.13,29697.08,9886.73,2,17037.38,20775.05,30535.44,0.9565,15,0.4369,1,2
MFI_KE_000495,48,M,Embu,3,12,2,21765.6,21025.54,11712.46,3,55615.92,67107.71,197103.18,0.6297,12,0.2869,1,3
MFI_KE_000496,35,F,Uasin Gishu,1,2,1,6600.89,6633.54,322.88,0,0.0,0.0,0.0,1.0,65,0.8678,0,5
MFI_KE_000497,31,F,Murang'a,14,46,48,6689.82,5005.52,1097.97,6,1998.37,2068.43,12702.26,0.5126,0,0.9706,0,1
MFI_KE_000498,50,F,Kiambu,7,20,15,65998.1,60750.92,56443.26,0,0.0,0.0,0.0,0.9829,18,0.6118,0,2
MFI_KE_000499,41,F,Trans Nzoia,1,4,1,28674.03,24820.98,1319.49,0,0.0,0.0,0.0,1.0,55,0.7132,1,5
MFI_KE_000500,31,M,Kakamega,25,82,42,705723.49,587239.07,37764.19,4,190124.32,295682.26,836758.56,0.811,1,0.3678,0,4
MFI_KE_000501,42,F,Kilifi,37,8,4,132615.1,99390.3,8204.06,2,27385.71,46839.25,57036.22,0.8793,26,0.4331,1,3
MFI_KE_000502,52,F,Trans Nzoia,24,11,5,13503.68,12863.38,3707.67,3,58145.02,64800.24,167218.18,0.8917,8,0.5752,1,3
MFI_KE_000503,47,M,Kericho,8,9,10,351926.55,343325.62,5984.72,2,66120.06,91871.91,119360.57,0.7229,8,0.6639,1,3
MFI_KE_000504,30,F,Uasin Gishu,1,4,4,44533.93,43133.25,618.92,0,0.0,0.0,0.0,1.0,17,0.3127,0,5
MFI_KE_000505,23,F,Kiambu,11,37,42,3340.12,2703.15,470.71,2,1690.42,2283.49,2822.76,0.8369,5,0.9268,0,1
MFI_KE_000506,47,F,Uasin Gishu,25,22,22,64567.76,60969.04,4980.88,5,26211.85,28673.66,116884.19,0.6243,6,0.6368,0,2
MFI_KE_000507,26,F,Kisumu,3,44,47,9698.36,6881.49,1581.8,4,1638.74,2025.31,7497.07,0.8239,0,0.981,0,1
MFI_KE_000508,31,F,Turkana,14,12,3,21753.81,18717.51,1880.08,3,69000.34,111512.25,183411.62,0.5508,3,0.3366,1,3
MFI_KE_000509,42,M,Turkana,76,8,10,49147.04,41330.95,25299.52,2,36017.09,56947.04,75061.79,0.7924,8,0.2671,0,3
MFI_KE_000510,39,M,Kiambu,1,0,0,7415.56,5493.58,187.08,0,0.0,0.0,0.0,1.0,199,0.6558,0,5
MFI_KE_000511,33,M,Meru,40,71,64,723643.05,653537.75,29914.85,7,176185.04,274886.01,1094654.37,0.8087,2,0.4932,1,4
MFI_KE_000512,26,F,Nakuru,5,39,49,9697.95,9644.5,3249.02,8,1570.29,3053.88,11846.2,0.8096,1,0.9504,0,1
MFI_KE_000513,27,M,Machakos,10,40,47,3268.76,2631.25,2109.08,4,1085.19,1889.88,4214.33,0.9289,0,0.9137,0,1
MFI_KE_000514,29,F,Kisii,49,19,14,87291.75,91636.45,4344.04,2,21021.65,26577.62,36742.56,0.8521,21,0.7196,1,2
MFI_KE_000515,18,F,Bomet,1,1,2,8520.35,7304.91,600.43,0,0.0,0.0,0.0,1.0,67,0.4489,0,5
MFI_KE_000516,18,F,Kiambu,25,26,46,4818.23,4380.77,3407.4,2,2987.25,5379.37,5542.65,0.6726,0,0.8865,0,1
MFI_KE_000517,32,F,Kiambu,5,25,18,39228.7,38279.2,24517.48,3,28692.6,52173.35,75700.54,0.8236,5,0.6648,0,2
MFI_KE_000518,18,F,Kericho,6,3,4,12370.73,9834.11,836.59,3,948.93,1693.72,2530.58,0.1604,36,0.7802,0,5
MFI_KE_000519,37,F,Migori,17,10,1,135310.31,127866.51,2348.13,2,21724.22,39846.73,41139.51,0.6277,11,0.5367,0,3
MFI_KE_000520,21,M,Kisumu,1,2,3,1722.46,1573.28,7920.54,1,3061.93,4018.51,3305.33,0.1578,21,0.8235,0,5
MFI_KE_000521,43,M,Murang'a,10,34,21,88808.42,90876.32,23968.37,1,16422.47,21679.04,17104.39,0.9743,4,0.456,0,2
MFI_KE_000522,39,F,Kilifi,2,0,0,3483.25,3547.23,1583.53,1,1137.98,2216.54,1032.76,0.7125,97,0.6829,0,5
MFI_KE_000523,18,M,Nairobi,14,38,43,41387.82,40316.36,473.66,10,2053.92,2859.14,23189.23,0.6733,9,0.838,0,1
MFI_KE_000524,18,M,Nakuru,13,35,40,6464.76,6074.29,360.17,8,3186.9,4091.54,21151.29,0.592,8,0.8994,0,1
MFI_KE_000525,38,M,Uasin Gishu,17,78,69,707756.97,502495.4,10928.04,4,72760.92,135459.14,344842.19,0.7222,3,0.397,0,4
MFI_KE_000526,40,M,Turkana,24,9,6,36395.93,31386.59,380.16,1,30913.38,35703.36,28609.85,0.5735,13,0.2584,1,3
MFI_KE_000527,40,F,Embu,19,27,25,26966.04,27001.81,42799.96,4,15648.02,29308.02,74979.8,0.9863,15,0.406,1,2
MFI_KE_000528,23,M,Migori,3,70,75,220252.41,184481.73,13941.7,8,154025.36,277833.19,1292025.68,0.7912,2,0.7907,1,4
MFI_KE_000529,42,F,Nyeri,13,8,7,31305.69,30074.46,3729.0,0,0.0,0.0,0.0,0.7372,10,0.4556,0,3
MFI_KE_000530,22,F,Embu,2,19,22,53784.3,38980.28,4003.37,5,40423.85,80724.05,169054.96,0.9325,15,0.3734,0,2
MFI_KE_000531,24,F,Nairobi,10,37,53,9331.05,7834.44,1442.35,11,2020.68,3966.84,24772.32,0.7284,0,0.905,1,1
MFI_KE_000532,24,M,Mombasa,2,36,47,6744.68,4722.66,440.59,8,2483.75,3346.06,20304.17,0.6105,0,0.75,0,1
MFI_KE_000533,45,M,Laikipia,93,40,20,245802.43,256976.23,7530.68,4,35570.59,41176.18,147484.43,0.9577,1,0.5735,0,2
MFI_KE_000534,24,F,Embu,91,28,21,108143.57,87481.88,12899.28,1,21212.95,37695.53,25372.16,0.9809,28,0.8263,1,2
MFI_KE_000535,52,M,Nyeri,5,28,25,80095.5,70812.74,9852.84,1,100272.26,165622.61,116830.99,0.9797,22,0.8714,0,2
MFI_KE_000536,28,F,Kilifi,14,4,8,98341.49,90179.38,8987.5,1,87315.1,92777.36,81448.59,0.8202,2,0.1671,1,3
MFI_KE_000537,53,M,Turkana,3,7,4,21445.48,15201.29,7092.2,3,44820.38,74917.57,116533.98,0.6922,22,0.74,1,3
MFI_KE_000538,57,F,Kakamega,17,86,74,86634.27,90006.09,3728.64,12,49729.68,63968.31,503833.56,0.9477,1,0.6032,1,4
MFI_KE_000539,49,F,Trans Nzoia,31,13,4,32130.16,24930.26,18324.95,0,0.0,0.0,0.0,0.4751,3,0.4128,0,3
MFI_KE_000540,32,M,Migori,3,71,82,431455.49,397819.76,113178.25,6,73955.22,129066.6,473590.51,0.7531,1,0.5608,0,4
MFI_KE_000541,49,F,Mombasa,76,28,18,32758.83,29184.91,28952.77,1,28658.85,30014.77,27456.12,0.999,1,0.34,1,2
MFI_KE_000542,20,F,Turkana,1,0,4,4472.97,4105.44,966.5,1,1404.17,2438.37,1615.13,0.8028,22,0.6195,0,5
MFI_KE_000543,31,F,Kilifi,11,7,7,33006.98,30822.41,5420.97,1,50499.83,65528.45,52236.48,0.5656,4,0.6451,1,3
MFI_KE_000544,18,F,Nairobi,41,49,44,4906.17,4969.87,1090.02,9,2647.57,3398.29,21856.32,0.8083,4,0.9873,0,1
MFI_KE_000545,38,F,Kisumu,4,3,1,632.92,529.48,2842.41,0,0.0,0.0,0.0,1.0,35,0.5619,0,5
MFI_KE_000546,33,F,Meru,4,23,12,50778.29,42249.92,2800.96,2,20213.58,27127.13,34665.92,0.8274,4,0.4707,0,2
MFI_KE_000547,29,F,Nakuru,15,42,49,14016.25,14251.37,931.77,16,1548.74,2052.25,28797.97,0.5372,5,0.8805,0,1
MFI_KE_000548,24,F,Mombasa,4,43,51,16717.97,15691.89,5922.34,5,6364.26,9811.64,26169.64,0.9176,4,0.9109,0,1
MFI_KE_000549,54,M,Machakos,77,10,4,82044.0,58342.66,1473.01,2,50113.68,67638.58,86372.36,0.7732,2,0.5413,1,3
MFI_KE_000550,41,F,Homa Bay,4,21,18,86848.41,77057.03,16570.2,6,80003.92,81695.46,560770.18,0.9078,4,0.3226,0,2
MFI_KE_000551,22,M,Machakos,14,27,14,47576.03,49632.04,17971.37,2,22762.32,29909.71,51663.5,0.9798,7,0.6476,0,2
MFI_KE_000552,43,M,Nyeri,18,6,1,67161.11,50244.42,4127.02,3,32154.95,37807.5,105610.62,0.6315,8,0.4936,1,3
MFI_KE_000553,48,F,Kiambu,2,4,4,2009.12,1917.33,653.49,1,1333.79,2267.95,1514.78,0.7614,37,0.6563,0,5
MFI_KE_000554,25,F,Machakos,7,9,7,13384.61,13007.88,1837.5,1,86394.58,116833.55,81713.11,0.833,1,0.324,1,3
MFI_KE_000555,51,F,Meru,10,72,80,128153.91,126077.25,43629.53,7,259847.95,486415.5,1509155.66,0.8724,1,0.808,0,4
MFI_KE_000556,18,M,Machakos,1,3,5,2980.36,2353.11,620.41,0,0.0,0.0,0.0,1.0,71,0.4295,0,5
MFI_KE_000557,18,M,Nyeri,4,33,42,21288.22,18274.96,3203.86,8,1529.25,2739.47,13633.56,0.5978,0,0.9033,0,1
MFI_KE_000558,35,M,Nairobi,16,23,22,43112.63,32636.13,17760.02,6,35080.1,66295.14,179846.41,0.9926,7,0.3094,0,2
MFI_KE_000559,36,F,Kisii,64,7,7,26153.71,24262.1,2749.41,3,92971.38,121508.78,297961.98,0.6961,3,0.299,1,3
MFI_KE_000560,18,F,Mombasa,4,45,59,18947.88,17320.72,808.11,6,2074.76,3355.82,12617.11,0.7478,4,0.7545,0,1
MFI_KE_000561,32,M,Kiambu,2,0,2,2248.06,1713.86,277.71,1,1752.05,3483.1,1603.23,0.1415,50,0.6442,0,5
MFI_KE_000562,57,M,Migori,9,8,5,16063.23,14888.74,9570.49,2,44539.75,81609.07,81470.54,0.6436,3,0.3769,1,3
MFI_KE_000563,36,M,Nairobi,1,3,1,7837.1,6122.96,1257.22,0,0.0,0.0,0.0,1.0,96,0.8977,1,5
MFI_KE_000564,23,M,Kisumu,25,39,61,11762.15,9998.76,2926.82,6,3505.14,5262.39,24539.81,0.7837,1,0.9009,0,1
MFI_KE_000565,30,F,Machakos,6,7,5,75645.57,69770.52,2335.94,3,67721.53,68547.01,177591.82,0.4853,13,0.4378,1,3
MFI_KE_000566,33,F,Laikipia,15,30,25,45472.91,40453.96,6269.68,3,13822.18,19829.3,47213.64,0.9137,5,0.4674,1,2
MFI_KE_000567,42,F,Garissa,4,1,4,4225.88,4007.21,242.68,0,0.0,0.0,0.0,1.0,17,0.6756,0,5
MFI_KE_000568,55,F,Garissa,22,4,2,61638.07,49364.17,6485.18,0,0.0,0.0,0.0,0.721,1,0.4796,0,3
MFI_KE_000569,23,F,Mombasa,17,28,47,45142.91,40102.99,2612.37,8,875.03,1494.91,5904.79,0.5975,0,0.563,0,1
MFI_KE_000570,36,M,Homa Bay,33,8,8,35555.64,36126.92,15879.2,3,86577.44,98273.51,273189.23,0.7403,10,0.2964,1,3
MFI_KE_000571,21,M,Kiambu,11,36,52,10915.37,10963.49,4612.51,7,2470.05,4726.0,19958.43,0.5974,0,0.8669,0,1
MFI_KE_000572,42,F,Kakamega,24,11,5,145729.9,115116.05,3897.46,2,62572.4,75216.92,108295.22,0.9051,8,0.7276,1,3
MFI_KE_000573,28,M,Murang'a,31,84,69,311161.03,289857.04,10950.98,4,70392.91,135834.29,273837.17,0.6926,1,0.49,0,4
MFI_KE_000574,22,F,Homa Bay,20,26,13,104233.92,107947.1,10037.52,1,19759.22,29272.77,20203.91,0.9257,1,0.5091,1,2
MFI_KE_000575,27,M,Migori,82,27,30,63319.7,61231.15,10642.45,3,21417.63,22742.05,74571.78,0.9846,7,0.7749,0,2
MFI_KE_000576,39,F,Murang'a,16,23,24,52286.98,39176.03,24899.71,2,57868.06,76755.65,94119.56,0.9691,1,0.8748,1,2
MFI_KE_000577,46,F,Kisumu,9,23,21,41973.66,33088.78,50027.11,2,60772.29,76458.44,111559.7,0.8089,6,0.4504,0,2
MFI_KE_000578,24,F,Nairobi,7,41,55,11865.47,9435.09,1230.77,5,1282.89,2508.02,7662.61,0.5686,3,0.9651,0,1
MFI_KE_000579,56,F,Mombasa,7,27,11,89567.1,85926.67,13312.03,3,23052.93,35686.17,63402.28,0.9244,2,0.6799,0,2
MFI_KE_000580,24,M,Uasin Gishu,25,42,66,9766.58,9811.27,1888.35,8,2026.7,3571.93,15334.78,0.6915,11,0.9702,0,1
MFI_KE_000581,38,M,Bomet,50,24,20,112711.39,108656.6,40165.65,5,16677.21,17754.87,81748.8,0.9346,2,0.5854,0,2
MFI_KE_000582,30,M,Kakamega,6,65,59,474948.59,341007.15,19421.57,6,134324.44,246741.56,660324.82,0.947,4,0.8305,0,4
MFI_KE_000583,46,F,Trans Nzoia,40,23,10,118499.02,115367.39,5748.43,3,48635.49,49515.76,157648.94,0.9924,10,0.6172,0,2
MFI_KE_000584,50,M,Nairobi,2,93,77,1037948.21,940740.0,22931.45,4,61391.29,74140.78,241341.83,0.6209,0,0.3597,0,4
MFI_KE_000585,41,M,Nairobi,10,21,25,156245.33,161192.74,7849.73,6,33258.0,58252.56,195286.68,0.9439,18,0.3391,0,2
MFI_KE_000586,25,F,Kisumu,4,50,54,7113.88,5572.53,4584.1,11,1823.08,2210.8,19449.43,0.7357,12,0.9127,0,1
MFI_KE_000587,26,F,Machakos,24,75,71,499662.25,362117.22,14217.69,5,230449.29,448614.93,934097.84,0.9426,0,0.6352,0,4
MFI_KE_000588,45,M,Kilifi,63,10,9,125901.49,88491.74,2883.67,3,27627.32,52781.33,69255.3,0.7735,2,0.4162,0,3
MFI_KE_000589,43,M,Bungoma,17,5,6,172005.17,171005.94,30877.1,3,56859.21,96910.36,197284.56,0.8367,1,0.2764,1,3
MFI_KE_000590,44,M,Kakamega,19,22,21,69288.78,51155.72,5047.05,3,54390.9,86965.81,187794.58,0.9318,6,0.322,0,2
MFI_KE_000591,28,F,Mombasa,4,32,52,10045.44,8801.5,10723.45,6,1975.92,2547.51,14111.02,0.5008,0,0.8123,0,1
MFI_KE_000592,51,M,Trans Nzoia,13,22,23,39406.93,31920.01,10371.98,1,24659.53,40431.62,24767.52,0.949,9,0.7982,0,2
MFI_KE_000593,26,F,Nakuru,20,35,47,14737.82,13951.15,607.74,10,2016.51,3072.59,17379.95,0.4429,2,0.8837,0,1
MFI_KE_000594,26,M,Kitui,3,94,67,387543.92,324302.87,31696.22,8,166089.52,198950.62,1219795.08,0.8439,1,0.596,0,4
MFI_KE_000595,45,M,Trans Nzoia,7,6,10,44115.21,31989.82,10046.64,1,36227.17,56666.99,30173.76,0.7503,6,0.3326,0,3
MFI_KE_000596,25,F,Kisumu,4,52,54,10658.73,9701.08,1940.36,5,2507.17,4871.25,12472.21,0.9255,0,0.9048,0,1
MFI_KE_000597,44,F,Migori,6,64,72,371097.73,302310.01,81179.67,6,130553.31,240630.37,855748.06,0.8867,0,0.6391,0,4
MFI_KE_000598,29,M,Turkana,18,27,16,106555.05,101049.98,17306.23,2,33319.54,34995.19,69710.5,0.9652,4,0.7412,0,2
MFI_KE_000599,64,F,Laikipia,18,1,4,3025.3,2652.58,449.54,2,2180.7,3512.1,5020.63,0.0674,209,0.8053,0,5
MFI_KE_000600,36,M,Kisumu,13,27,22,126368.28,94527.35,16605.27,3,27703.22,28677.77,91792.39,0.9333,1,0.7362,1,2
MFI_KE_000601,41,M,Kilifi,1,1,3,1588.5,1388.89,768.44,0,0.0,0.0,0.0,1.0,12,0.5298,0,5
MFI_KE_000602,26,F,Kiambu,7,35,58,9623.66,6894.06,2282.12,7,1834.98,2703.48,10291.8,0.5656,1,0.9786,0,1
MFI_KE_000603,24,F,Nairobi,17,47,59,16185.73,16406.75,1888.78,7,1801.58,2286.93,14005.66,0.4385,2,0.5255,0,1
MFI_KE_000604,44,F,Migori,2,23,20,58851.25,42043.86,23339.6,1,27920.26,53681.48,23404.52,0.9339,22,0.4321,0,2
MFI_KE_000605,37,F,Mombasa,57,89,65,908345.96,900187.51,47814.91,4,145191.24,222114.84,624252.82,0.7096,3,0.7313,0,4
MFI_KE_000606,26,M,Nakuru,28,39,50,26006.4,19027.34,2098.23,9,2142.42,4070.87,19498.58,0.51,1,0.6631,1,1
MFI_KE_000607,44,F,Laikipia,10,31,29,65608.63,56769.25,18493.62,2,50272.68,98951.69,108996.46,0.9876,12,0.6618,0,2
MFI_KE_000608,21,F,Nairobi,26,38,48,10099.91,9437.99,1376.42,6,2115.91,3692.23,12551.87,0.7106,4,0.7896,0,1
MFI_KE_000609,23,F,Uasin Gishu,7,31,39,22275.51,19581.54,1653.87,6,2841.32,3212.75,14685.74,0.6751,2,0.8646,0,1
MFI_KE_000610,18,F,Nyeri,7,41,47,4971.6,5100.0,1791.18,4,3218.29,3828.18,13317.45,0.3609,8,0.9093,1,1
MFI_KE_000611,21,F,Kisumu,62,44,37,14998.19,14681.93,901.43,11,2869.51,5323.08,37323.45,0.6198,2,0.8411,1,1
MFI_KE_000612,18,M,Bomet,3,31,47,97721.29,87354.82,630.15,9,1123.84,1332.51,9949.44,0.9277,0,0.8307,0,1
MFI_KE_000613,57,M,Kilifi,5,14,9,79528.05,60046.98,2521.71,4,146519.76,281308.27,488739.28,0.9357,1,0.1317,1,3
MFI_KE_000614,40,M,Meru,7,7,7,131058.44,100571.66,2371.05,1,66833.13,112917.31,67491.14,0.6865,1,0.3811,1,3
MFI_KE_000615,36,M,Nakuru,22,85,74,243529.91,195903.47,66087.86,5,58769.51,111337.49,325388.74,0.6862,3,0.4305,0,4
MFI_KE_000616,22,F,Kiambu,14,33,64,45140.19,44288.3,1665.33,9,2134.71,2274.87,22860.46,0.4046,0,0.8264,0,1
MFI_KE_000617,43,M,Migori,35,92,72,189593.45,194821.49,118967.0,7,203365.12,372243.3,1509368.19,0.8598,5,0.7759,1,4
MFI_KE_000618,21,F,Kisumu,57,35,45,14788.54,12309.56,2462.92,8,1194.06,1475.89,9079.16,0.8572,3,0.921,0,1
MFI_KE_000619,51,F,Nyeri,28,8,5,118074.42,93450.06,4809.4,0,0.0,0.0,0.0,0.8442,8,0.5047,0,3
MFI_KE_000620,41,F,Nyeri,2,3,3,2762.61,2314.26,849.15,1,1107.97,1997.47,909.47,0.7132,15,0.9419,0,5
MFI_KE_000621,22,M,Mombasa,28,71,79,259928.92,202670.18,72768.52,5,71808.9,129637.24,404821.28,0.9195,2,0.7259,0,4
MFI_KE_000622,22,M,Turkana,53,22,13,108708.27,100254.7,11244.67,7,29919.37,46626.41,243800.35,0.9506,2,0.7293,0,2
MFI_KE_000623,33,F,Homa Bay,15,19,27,54924.94,57073.57,21101.23,0,0.0,0.0,0.0,0.6832,7,0.4263,1,2
MFI_KE_000624,58,M,Murang'a,22,4,8,8794.49,7093.49,2326.14,6,36766.33,46953.5,257331.02,0.7441,5,0.5401,1,3
MFI_KE_000625,48,F,Kitui,18,21,25,34280.88,31079.02,21675.88,4,27197.76,34032.54,87919.27,0.8784,8,0.6067,0,2
MFI_KE_000626,23,M,Kericho,19,73,69,232486.82,215259.79,73465.88,5,363855.64,428708.91,1698727.1,0.6488,4,0.2824,0,4
MFI_KE_000627,18,F,Bungoma,2,4,5,8448.34,6069.52,21.44,0,0.0,0.0,0.0,1.0,35,0.6043,0,5
MFI_KE_000628,37,F,Machakos,7,24,27,169731.42,125455.14,4590.13,2,24386.04,46278.58,43563.07,0.792,2,0.8891,0,2
MFI_KE_000629,21,M,Bomet,2,2,4,1492.23,1157.36,915.63,0,0.0,0.0,0.0,1.0,13,0.669,0,5
MFI_KE_000630,28,M,Mombasa,65,42,47,12167.45,12775.44,3688.09,6,2544.43,4359.88,16420.86,0.8176,2,0.8883,0,1
MFI_KE_000631,22,F,Mombasa,50,33,54,15220.4,10853.6,2824.47,11,959.5,1914.86,8737.31,0.3811,5,0.9097,0,1
MFI_KE_000632,21,M,Nakuru,16,39,61,8176.06,6671.17,3709.33,7,1911.27,2965.05,13257.58,0.4055,0,0.9504,0,1
MFI_KE_000633,40,F,Laikipia,9,29,26,66884.36,55174.29,13682.56,5,47100.3,74141.39,202721.41,0.984,2,0.41,0,2
MFI_KE_000634,35,F,Nyeri,15,29,22,55529.21,54374.16,8078.79,0,0.0,0.0,0.0,0.9953,1,0.69,1,2
MFI_KE_000635,28,M,Machakos,16,5,7,76903.75,66030.51,3255.93,3,157714.01,159990.35,404165.33,0.9293,5,0.3559,1,3
MFI_KE_000636,55,M,Turkana,6,18,16,42729.9,31637.65,18775.61,4,67376.67,94204.35,290637.97,0.9313,1,0.8135,0,2
MFI_KE_000637,46,F,Embu,34,75,73,171683.92,161753.15,121222.51,5,108959.54,117521.53,474214.46,0.8528,4,0.5834,1,4
MFI_KE_000638,23,M,Nairobi,4,41,44,67781.14,52374.06,362.76,8,1441.76,2400.01,13037.84,0.436,0,0.7486,0,1
MFI_KE_000639,37,F,Mombasa,7,0,5,1819.08,1483.56,3329.91,2,3028.46,3115.38,5351.91,0.2401,86,0.6212,0,5
MFI_KE_000640,49,M,Nairobi,2,24,28,126559.56,93525.31,14126.89,3,56498.2,75653.12,142311.24,0.9813,4,0.3892,1,2
MFI_KE_000641,33,M,Bungoma,35,46,59,11487.43,8609.95,1202.07,5,1881.99,3422.87,9085.77,0.7391,0,0.7601,0,1
MFI_KE_000642,44,F,Nakuru,8,81,60,341497.37,334951.41,24422.03,4,87456.08,117604.2,390504.17,0.995,0,0.4327,0,4
MFI_KE_000643,28,F,Trans Nzoia,12,23,23,99423.74,82835.95,8130.07,4,35388.53,55687.95,151720.61,0.9647,1,0.6407,1,2
MFI_KE_000644,44,F,Nyeri,6,10,10,37034.7,27326.3,4149.26,0,0.0,0.0,0.0,0.7636,1,0.4155,0,3
MFI_KE_000645,48,M,Bomet,58,21,15,206964.93,194908.72,10549.89,6,39143.88,42299.65,223015.38,0.9676,1,0.6581,0,2
MFI_KE_000646,46,M,Murang'a,53,81,75,103509.19,76101.9,181065.03,8,101402.79,141036.57,847403.98,0.7613,1,0.481,1,4
MFI_KE_000647,34,F,Meru,11,34,19,63613.87,65732.96,17252.1,3,25172.14,33805.03,85285.35,0.8227,1,0.4877,0,2
MFI_KE_000648,54,F,Kisii,19,16,4,27056.14,23278.3,6611.99,3,39492.12,47860.38,137245.46,0.4515,31,0.6546,1,3
MFI_KE_000649,33,M,Bomet,8,21,17,25791.44,26040.5,26404.94,2,45072.61,88414.81,94452.28,0.9838,12,0.9422,0,2
MFI_KE_000650,38,M,Kitui,35,28,29,46883.15,43852.05,2679.23,3,26664.6,51826.22,83029.17,0.9672,3,0.6211,0,2
MFI_KE_000651,30,F,Nakuru,1,0,1,8184.28,6472.58,826.48,0,0.0,0.0,0.0,1.0,56,0.5969,1,5
MFI_KE_000652,37,F,Kisumu,1,0,3,1142.82,1041.95,330.87,0,0.0,0.0,0.0,1.0,10,0.7731,0,5
MFI_KE_000653,30,F,Murang'a,2,2,5,1223.13,1153.12,1128.57,0,0.0,0.0,0.0,1.0,100,0.5483,0,5
MFI_KE_000654,47,F,Nyeri,7,18,16,47869.34,34020.73,9412.24,2,44466.12,66181.43,75988.08,0.9632,11,0.395,0,2
MFI_KE_000655,47,F,Turkana,3,10,11,76460.23,74298.95,15316.44,3,71400.55,125951.91,251001.28,0.876,24,0.5269,0,3
MFI_KE_000656,34,F,Homa Bay,28,23,20,167614.43,174110.74,21599.37,3,43417.1,66421.21,106154.84,0.9324,2,0.4675,0,2
MFI_KE_000657,27,M,Kisumu,21,47,51,16261.53,15779.63,887.78,11,2620.19,4246.97,26151.6,0.8744,4,0.8738,0,1
MFI_KE_000658,30,F,Kitui,9,25,18,58749.73,59549.52,33872.68,3,39655.41,40464.61,101860.21,0.6882,1,0.4712,0,2
MFI_KE_000659,31,M,Kilifi,25,30,20,49992.71,41518.34,11322.69,0,0.0,0.0,0.0,0.9351,7,0.8755,1,2
MFI_KE_000660,54,M,Migori,53,8,3,96043.95,70231.41,4638.25,2,80552.7,80930.25,191321.55,0.9321,18,0.1507,1,3
MFI_KE_000661,49,M,Mombasa,10,4,3,7176.75,6892.75,1338.01,0,0.0,0.0,0.0,1.0,34,0.4197,0,5
MFI_KE_000662,30,F,Kericho,3,5,4,2229.05,1906.77,1285.62,0,0.0,0.0,0.0,1.0,118,0.3781,0,5
MFI_KE_000663,19,F,Uasin Gishu,10,41,40,20631.68,19599.24,670.73,10,4020.51,4308.73,34073.53,0.5999,4,0.9034,0,1
MFI_KE_000664,33,M,Bungoma,50,9,12,70653.34,51786.23,2237.34,5,85694.19,138241.35,463672.28,0.8128,16,0.6683,1,3
MFI_KE_000665,22,F,Uasin Gishu,2,44,40,20064.99,17652.3,5382.72,7,3495.87,4154.3,26895.4,0.7579,1,0.7443,0,1
MFI_KE_000666,22,F,Uasin Gishu,9,43,64,26769.85,21176.15,343.31,5,899.09,925.41,4854.59,0.7826,1,0.7294,0,1
MFI_KE_000667,18,F,Machakos,1,4,6,4601.07,4165.85,891.46,1,812.93,1537.91,712.72,0.847,46,0.7038,0,5
MFI_KE_000668,25,F,Kisumu,2,34,57,29418.21,27293.43,3768.53,10,2159.12,3233.4,18492.78,0.5793,1,0.9454,0,1
MFI_KE_000669,21,F,Mombasa,9,39,43,5651.2,5797.9,3811.48,12,1469.64,2334.64,19545.49,0.6086,1,0.8517,0,1
MFI_KE_000670,55,F,Kisii,34,11,9,24530.13,19706.56,1114.76,1,55759.56,94908.95,53996.35,0.9242,1,0.5516,0,3
MFI_KE_000671,24,F,Kisumu,4,37,56,9425.99,9837.33,2639.39,9,1614.49,1884.15,14675.5,0.8892,0,0.8421,0,1
MFI_KE_000672,18,M,Garissa,3,2,3,1048.73,913.94,765.9,0,0.0,0.0,0.0,1.0,33,0.6546,0,5
MFI_KE_000673,51,F,Kitui,6,4,6,19562.69,16039.45,1830.01,1,60067.6,63717.72,70404.93,0.7274,2,0.1972,0,3
MFI_KE_000674,37,M,Kisumu,7,20,13,78176.15,62998.25,11485.86,4,47256.8,90533.95,159943.42,0.8778,10,0.6659,1,2
MFI_KE_000675,40,M,Bomet,41,26,25,22950.71,16381.86,9156.51,4,40374.63,65621.62,176209.82,0.983,31,0.7805,1,2
MFI_KE_000676,46,F,Kakamega,22,5,1,74123.05,59635.55,11425.0,2,39301.54,43362.88,80761.81,0.6578,2,0.4021,1,3
MFI_KE_000677,61,M,Nyeri,8,7,4,201818.51,199638.63,2030.17,1,161304.15,167009.44,160513.82,0.5457,2,0.3337,1,3
MFI_KE_000678,29,M,Kakamega,35,25,15,135562.01,116575.23,8896.56,2,44140.79,86988.3,105250.08,0.9902,14,0.5864,0,2
MFI_KE_000679,32,F,Laikipia,1,2,5,2728.33,2674.26,1012.75,0,0.0,0.0,0.0,1.0,12,0.66,0,5
MFI_KE_000680,34,M,Kisumu,3,35,58,21247.66,19663.47,817.72,10,1423.14,2534.18,15932.43,0.8133,0,0.8661,0,1
MFI_KE_000681,34,M,Kitui,9,34,17,43447.52,33032.4,10387.2,0,0.0,0.0,0.0,0.956,10,0.3528,1,2
MFI_KE_000682,47,F,Homa Bay,24,22,18,40324.26,37215.82,7312.98,4,35100.65,43760.14,159686.23,0.8702,6,0.7414,0,2
MFI_KE_000683,25,M,Nakuru,15,40,45,28978.14,26164.67,954.74,9,1005.03,1217.23,9645.33,0.7329,2,0.7426,0,1
MFI_KE_000684,57,F,Meru,8,20,20,35224.05,35929.45,11893.61,1,42543.21,83511.34,41193.52,0.978,7,0.4355,0,2
MFI_KE_000685,44,F,Laikipia,5,33,30,141123.83,103248.85,18986.85,4,28308.14,34794.0,93955.13,0.9962,37,0.4343,0,2
MFI_KE_000686,25,M,Kisii,16,30,44,2623.8,2137.81,13475.32,8,1642.52,2123.73,11303.7,0.58,1,0.8493,0,1
MFI_KE_000687,42,F,Embu,42,28,26,197083.31,155318.53,21804.86,2,33337.83,61672.2,71807.9,0.9977,8,0.786,0,2
MFI_KE_000688,23,M,Laikipia,24,32,58,9409.41,7215.68,4581.72,8,3335.05,4710.23,24559.78,0.6179,1,0.852,0,1
MFI_KE_000689,51,M,Laikipia,17,24,21,69782.27,53899.48,11157.01,2,14938.76,19445.39,24622.37,0.9356,7,0.1426,0,2
MFI_KE_000690,23,M,Kiambu,17,46,58,8574.86,6858.67,899.52,6,2680.34,2940.59,16802.12,0.6894,0,0.7885,0,1
MFI_KE_000691,35,F,Kitui,5,9,5,294921.3,212464.22,679.81,2,50005.01,52004.38,96970.68,0.9179,11,0.3537,1,3
MFI_KE_000692,39,F,Kakamega,12,25,12,117047.68,121585.3,13464.75,3,67102.88,88135.23,201315.16,0.9524,7,0.703,0,2
MFI_KE_000693,29,M,Kisumu,27,57,54,9346.57,7853.99,826.35,8,3404.41,6050.99,32582.02,0.8133,2,0.6084,0,1
MFI_KE_000694,47,M,Homa Bay,6,5,3,34294.17,29395.94,1527.81,2,82788.63,112312.75,150293.59,0.7362,8,0.7109,0,3
MFI_KE_000695,28,F,Kiambu,4,39,47,19025.3,13862.17,675.12,8,2566.91,3837.36,21147.85,0.3921,1,0.898,0,1
MFI_KE_000696,21,M,Mombasa,17,36,39,9860.65,7155.68,1030.94,6,4620.9,7585.95,26117.88,0.4305,4,0.8686,0,1
MFI_KE_000697,23,F,Nakuru,11,56,44,26910.54,27308.91,716.92,8,2331.61,4054.55,17026.65,0.6725,2,0.8141,0,1
MFI_KE_000698,28,F,Laikipia,30,43,40,23170.8,18734.19,3525.93,5,2490.85,4513.4,10560.49,0.7932,7,0.8375,0,1
MFI_KE_000699,36,M,Kisumu,2,42,50,7790.56,5517.59,4826.08,5,1679.68,1719.78,7047.39,0.7052,4,0.9029,1,1
MFI_KE_000700,27,M,Uasin Gishu,14,46,56,8002.21,5668.09,4181.9,3,3044.45,3111.5,8263.8,0.6497,1,0.9369,0,1
MFI_KE_000701,41,F,Kiambu,18,89,65,153350.94,156840.74,151174.65,5,110384.17,195258.22,620313.05,0.9245,1,0.6408,1,4
MFI_KE_000702,22,F,Kiambu,9,43,40,12702.77,12438.18,959.25,10,3135.06,5028.82,28619.4,0.7835,1,0.793,0,1
MFI_KE_000703,35,F,Garissa,1,2,3,2128.47,2106.02,7030.33,0,0.0,0.0,0.0,1.0,66,0.4844,0,5
MFI_KE_000704,33,M,Garissa,6,22,21,29926.0,23927.6,13962.62,3,46452.16,69756.24,112010.59,0.9073,1,0.5424,0,2
MFI_KE_000705,49,M,Migori,14,19,21,61063.26,61577.34,33181.59,2,51039.99,87909.96,114044.64,0.9598,4,0.7283,0,2
MFI_KE_000706,22,M,Kitui,3,2,3,30727.01,26622.76,423.99,0,0.0,0.0,0.0,1.0,39,0.6086,0,5
MFI_KE_000707,40,M,Kakamega,6,32,19,60773.75,60220.92,24077.27,1,38292.17,54844.86,42894.5,0.8973,4,0.7665,0,2
MFI_KE_000708,35,F,Homa Bay,23,31,15,64492.88,56554.12,10481.05,5,18155.2,31948.99,89977.46,0.9652,5,0.709,0,2
MFI_KE_000709,46,F,Murang'a,16,27,33,74870.0,70091.88,13473.71,2,29771.83,50271.94,50370.58,0.9396,9,0.4001,0,2
MFI_KE_000710,25,M,Kisii,5,87,71,886070.89,682691.36,36880.29,4,91678.39,126895.4,299652.8,0.9475,0,0.764,1,4
MFI_KE_000711,27,F,Uasin Gishu,12,36,41,25225.0,20683.29,1245.27,13,2398.34,4381.48,30793.65,0.6614,0,0.844,0,1
MFI_KE_000712,37,M,Turkana,1,3,2,9674.17,7353.98,1792.32,0,0.0,0.0,0.0,1.0,184,0.9612,1,5
MFI_KE_000713,23,F,Kisumu,20,48,49,23927.24,19762.77,176.24,4,2108.5,4103.6,6846.55,0.8563,1,0.7981,0,1
MFI_KE_000714,44,F,Kitui,10,31,21,29079.42,21019.81,9640.34,3,55365.21,98962.76,191785.11,0.9835,2,0.7121,0,2
MFI_KE_000715,41,F,Embu,13,13,5,19311.35,13532.32,1839.12,1,78451.58,101752.0,63669.91,0.7446,3,0.2825,0,3
MFI_KE_000716,35,F,Turkana,8,22,17,69118.64,70530.73,5867.86,5,25879.98,32665.8,120784.33,0.9855,1,0.6269,0,2
MFI_KE_000717,35,M,Homa Bay,11,18,19,24046.68,19272.03,29688.11,1,78657.51,97832.51,92485.72,0.7716,3,0.6868,0,2
MFI_KE_000718,23,F,Uasin Gishu,3,30,53,5026.9,4160.96,691.75,8,1753.37,2499.35,12889.58,0.6333,5,0.9534,0,1
MFI_KE_000719,47,M,Meru,5,21,29,75047.73,63277.65,10695.87,4,46349.53,49941.28,169806.69,0.9789,6,0.6409,1,2
MFI_KE_000720,42,M,Kakamega,56,19,19,134802.29,116425.81,38658.9,5,52439.74,60811.77,246318.35,0.9632,22,0.7417,0,2
MFI_KE_000721,37,F,Mombasa,4,80,64,785765.54,589710.02,7426.62,5,93512.19,181045.77,384165.1,0.9131,0,0.4706,0,4
MFI_KE_000722,47,F,Embu,19,10,6,37800.22,29158.91,1921.32,3,34364.39,39613.58,120418.84,0.712,3,0.4106,1,3
MFI_KE_000723,27,F,Kisumu,20,79,48,577960.58,604522.62,8334.18,7,92466.25,102394.42,561142.29,0.8949,0,0.528,1,4
MFI_KE_000724,34,F,Meru,23,24,27,40347.69,41698.26,9792.0,2,23185.97,34431.44,49154.18,0.9829,1,0.2929,0,2
MFI_KE_000725,33,F,Machakos,2,23,25,127697.53,128236.06,7617.38,2,101902.46,168308.68,170192.35,0.9011,6,0.6675,0,2
MFI_KE_000726,45,M,Kilifi,42,26,23,170115.33,170940.83,22949.91,3,34363.27,41549.66,89957.96,0.9106,15,0.5444,1,2
MFI_KE_000727,34,F,Kilifi,12,88,60,99900.28,75293.49,10324.79,2,138662.61,262483.28,283571.79,0.8955,0,0.7604,0,4
MFI_KE_000728,22,F,Turkana,6,2,2,8417.61,8296.03,606.06,0,0.0,0.0,0.0,1.0,46,0.8306,0,5
MFI_KE_000729,33,F,Embu,25,7,6,78659.93,58666.87,1323.86,2,37978.76,39343.14,86810.68,0.7391,28,0.3742,1,3
MFI_KE_000730,27,F,Nyeri,48,41,43,35015.56,29981.82,1433.16,7,2785.11,3570.19,18964.07,0.965,0,0.9395,0,1
MFI_KE_000731,27,M,Nakuru,17,18,20,80122.44,71622.69,18889.63,6,22874.69,26246.07,134059.03,0.9034,7,0.6168,1,2
MFI_KE_000732,50,M,Bungoma,10,7,7,352488.9,369243.28,12578.67,1,14581.5,22965.92,14419.63,0.7321,5,0.3319,1,3
MFI_KE_000733,40,F,Garissa,5,90,69,95119.8,73858.58,69859.41,5,102171.14,159904.72,514442.0,0.9161,0,0.5798,1,4
MFI_KE_000734,39,F,Migori,51,11,4,25751.35,23921.51,2901.73,4,19172.83,26842.26,80865.42,0.8157,4,0.4349,1,3
MFI_KE_000735,44,M,Garissa,2,4,5,53759.49,47600.39,11488.71,0,0.0,0.0,0.0,0.7186,3,0.4006,1,3
MFI_KE_000736,47,M,Murang'a,23,24,19,123482.96,96410.32,10738.95,1,20185.51,39317.45,22939.53,0.9536,14,0.7131,0,2
MFI_KE_000737,31,F,Kilifi,3,6,5,40393.15,41382.61,783.13,2,37384.05,62183.83,69040.18,0.7917,11,0.422,0,3
MFI_KE_000738,38,M,Garissa,21,6,9,98707.23,71181.49,1362.36,1,50861.39,62350.2,47157.93,0.8581,11,0.6263,0,3
MFI_KE_000739,27,F,Embu,67,35,43,58173.04,57317.59,2538.16,11,1160.36,1383.26,11449.73,0.2837,0,0.8046,0,1
MFI_KE_000740,28,F,Kericho,17,23,22,83992.54,82876.19,8167.93,4,73221.3,131822.1,268669.57,0.9721,14,0.7383,1,2
MFI_KE_000741,36,F,Embu,42,73,82,145033.65,149842.2,71266.19,6,146489.87,234469.58,936453.71,0.8561,0,0.6466,1,4
MFI_KE_000742,40,M,Kiambu,2,2,3,4753.59,4684.76,221.17,0,0.0,0.0,0.0,1.0,51,0.6752,0,5
MFI_KE_000743,39,F,Kilifi,1,2,2,4070.07,3694.74,270.74,1,1034.09,1487.93,961.23,0.4466,122,0.3597,0,5
MFI_KE_000744,36,F,Nyeri,27,21,17,186417.03,164542.6,8316.04,0,0.0,0.0,0.0,0.9564,3,0.615,0,2
MFI_KE_000745,36,M,Trans Nzoia,4,23,26,59029.63,57131.85,11198.37,9,32403.36,34623.24,296117.45,0.9707,9,0.4046,0,2
MFI_KE_000746,27,F,Kisumu,59,50,41,14416.61,10732.85,941.16,8,3352.18,3414.23,31738.0,0.809,0,0.9018,0,1
MFI_KE_000747,43,M,Uasin Gishu,1,3,1,1618.71,1375.79,1596.77,0,0.0,0.0,0.0,1.0,18,0.6209,0,5
MFI_KE_000748,24,M,Bomet,1,2,2,11367.14,9154.07,1030.9,0,0.0,0.0,0.0,1.0,178,0.4724,0,5
MFI_KE_000749,25,F,Mombasa,12,36,52,49141.02,40402.33,9106.17,4,3108.82,4781.28,13586.33,0.6596,4,0.9791,0,1
MFI_KE_000750,32,M,Nairobi,5,29,56,10112.01,10545.74,2309.13,9,3545.23,3987.43,37994.9,0.8795,8,0.945,1,1
MFI_KE_000751,18,M,Mombasa,19,23,46,10426.97,7562.57,3188.73,2,778.83,990.15,1689.48,0.8812,0,0.7282,0,1
MFI_KE_000752,27,F,Garissa,8,25,25,120300.65,96218.43,43216.13,2,33808.67,59045.43,74996.6,0.9238,12,0.5524,0,2
MFI_KE_000753,36,M,Migori,9,0,3,898.4,841.85,151.58,1,970.25,1159.63,1104.44,0.7764,112,0.5428,0,5
MFI_KE_000754,23,M,Kiambu,4,45,56,7776.27,7310.31,1419.22,7,5477.94,5854.01,37340.27,0.8991,9,0.9646,0,1
MFI_KE_000755,21,M,Kericho,1,0,7,1270.14,1116.38,841.47,0,0.0,0.0,0.0,1.0,103,0.8355,0,5
MFI_KE_000756,23,F,Meru,3,1,1,3392.38,3392.52,406.44,0,0.0,0.0,0.0,1.0,64,0.5108,0,5
MFI_KE_000757,18,F,Kisumu,11,42,60,6552.97,5507.62,676.59,4,1292.23,1379.83,5182.73,0.4499,0,0.91,0,1
MFI_KE_000758,18,F,Laikipia,1,3,4,21655.52,20777.02,484.67,1,1202.14,2007.69,1240.33,0.2692,133,0.4557,0,5
MFI_KE_000759,40,M,Bomet,37,8,3,24547.32,23296.17,2476.46,2,67282.85,123579.12,119758.28,0.842,5,0.616,0,3
MFI_KE_000760,26,F,Garissa,36,30,25,52469.53,42031.49,17381.52,2,27022.85,40058.42,43916.16,0.9002,6,0.5949,1,2
MFI_KE_000761,40,F,Migori,47,20,14,84236.31,72559.07,9166.12,5,19635.86,37057.74,90994.66,0.9097,2,0.8743,0,2
MFI_KE_000762,33,F,Kiambu,31,71,55,205059.55,179853.61,64851.11,2,158652.06,205819.68,352224.13,0.6854,3,0.4155,0,4
MFI_KE_000763,41,F,Nairobi,1,1,7,3261.58,2345.1,67.26,1,1291.7,1836.8,1337.08,0.8472,25,0.7488,0,5
MFI_KE_000764,35,M,Machakos,2,6,6,56381.07,45700.06,2701.72,0,0.0,0.0,0.0,0.8929,19,0.2748,0,3
MFI_KE_000765,37,M,Nairobi,7,36,53,14376.84,12046.6,2798.58,6,2695.21,4922.31,18834.92,0.6435,0,0.8899,0,1
MFI_KE_000766,34,F,Nakuru,22,25,26,142696.85,106860.92,17634.29,3,31136.38,58716.36,77903.14,0.8973,14,0.5924,0,2
MFI_KE_000767,33,F,Kericho,30,45,51,2629.86,2504.13,1187.48,7,2542.89,3778.8,19719.59,0.8383,0,0.8993,0,1
MFI_KE_000768,49,F,Laikipia,2,9,4,54711.93,41665.03,15928.65,4,167180.52,232346.32,700141.54,0.7213,4,0.3381,1,3
MFI_KE_000769,41,F,Uasin Gishu,23,21,19,130435.42,125254.89,16213.2,1,24146.1,26011.93,25587.57,0.9392,2,0.6554,0,2
MFI_KE_000770,22,M,Turkana,4,15,17,83825.94,67980.0,2277.76,2,22813.96,43818.37,51861.84,0.9104,58,0.5352,0,2
MFI_KE_000771,41,M,Nyeri,104,6,7,21970.14,21540.93,10443.98,2,55510.23,68615.59,92071.87,0.823,1,0.6526,1,3
MFI_KE_000772,23,F,Nakuru,12,37,43,14937.39,11171.69,1180.19,8,859.47,1131.49,5952.43,0.8071,5,0.8634,0,1
MFI_KE_000773,28,M,Nakuru,51,38,53,14184.96,12230.99,1005.18,7,2979.61,3743.32,19302.47,0.879,9,0.8914,1,1
MFI_KE_000774,30,F,Kisumu,41,87,71,209998.24,152004.72,67244.23,1,115844.58,210815.7,95841.75,0.6993,0,0.3596,0,4
MFI_KE_000775,50,F,Nakuru,11,83,68,219045.08,224038.18,28846.91,6,51016.45,65125.89,318195.23,0.7607,2,0.212,1,4
MFI_KE_000776,37,M,Kilifi,13,21,19,157628.43,150451.97,7541.14,3,27099.5,49726.56,84616.92,0.9917,4,0.5556,0,2
MFI_KE_000777,26,F,Garissa,15,23,14,109669.59,110044.01,13509.09,4,37252.55,49744.01,139101.14,0.9866,9,0.6272,0,2
MFI_KE_000778,43,F,Nyeri,16,27,17,24416.0,21396.12,13305.68,1,38936.72,39275.2,44480.41,0.9874,7,0.8639,0,2
MFI_KE_000779,46,M,Laikipia,12,73,76,596882.07,569443.71,83991.61,4,181156.55,355042.05,769780.29,0.9365,0,0.6019,0,4
MFI_KE_000780,47,F,Garissa,34,6,9,115683.48,81618.49,12858.19,3,71130.78,84592.37,178121.86,0.9011,9,0.523,0,3
MFI_KE_000781,46,F,Kisii,3,11,5,98777.76,89913.78,5527.97,0,0.0,0.0,0.0,0.576,3,0.563,1,3
MFI_KE_000782,28,F,Turkana,2,3,2,2334.06,2014.35,636.03,1,2393.76,4526.46,2103.56,0.4208,98,0.5262,0,5
MFI_KE_000783,23,F,Mombasa,3,39,42,20492.2,15673.25,2765.24,8,3356.5,5162.83,27099.8,0.3393,7,0.8515,0,1
MFI_KE_000784,30,F,Murang'a,14,71,69,181940.33,154995.61,62634.5,4,120346.84,231437.64,425456.11,0.9679,0,0.3544,1,4
MFI_KE_000785,31,M,Nakuru,11,30,50,17589.48,16958.75,5809.06,4,1480.08,1496.67,5915.05,0.514,3,0.8181,0,1
MFI_KE_000786,25,M,Mombasa,73,33,55,43059.79,38138.11,2873.85,4,1534.07,2371.9,6358.5,0.7857,0,0.8436,0,1
MFI_KE_000787,25,F,Nakuru,4,46,49,55120.14,53639.07,2392.85,9,4874.02,7008.72,40105.61,0.5734,5,0.873,0,1
MFI_KE_000788,18,F,Uasin Gishu,11,34,47,6475.39,5348.44,110.84,10,2321.88,2709.05,18710.1,0.8059,2,0.8726,0,1
MFI_KE_000789,26,F,Embu,3,47,36,5224.57,4737.39,944.81,10,3306.84,5072.68,36747.6,0.289,4,0.7891,0,1
MFI_KE_000790,39,F,Embu,43,19,20,66733.39,68073.76,17603.45,2,31446.91,61384.64,71843.73,0.9924,2,0.53,1,2
MFI_KE_000791,33,M,Machakos,6,84,78,54827.73,38614.68,199843.65,9,143492.1,214367.51,1397547.85,0.8892,0,0.548,1,4
MFI_KE_000792,55,F,Migori,18,10,10,35130.04,36629.84,19289.11,2,23185.97,38462.0,48834.86,0.7549,6,0.565,0,3
MFI_KE_000793,32,M,Kisii,3,74,65,177083.86,126596.73,179485.99,5,228603.51,382707.67,1327460.4,0.9365,0,0.6912,0,4
MFI_KE_000794,23,F,Homa Bay,11,13,5,38303.48,28382.83,2269.34,3,35176.09,55462.73,124842.65,0.8875,6,0.2423,1,3
MFI_KE_000795,54,F,Murang'a,6,24,14,117293.71,103086.03,16940.77,1,21425.74,39663.75,20828.0,0.8995,6,0.4904,0,2
MFI_KE_000796,50,M,Homa Bay,41,94,78,878466.99,701897.23,56639.55,4,81688.67,136202.51,320656.68,0.8958,1,0.5979,0,4
MFI_KE_000797,53,M,Bomet,2,7,4,109390.68,86529.48,2878.48,1,39423.69,55489.19,37957.87,0.6268,2,0.459,1,3
MFI_KE_000798,22,M,Kitui,11,10,10,186256.13,188141.12,6973.2,2,69132.54,100478.75,157886.31,0.6147,22,0.2598,1,3
MFI_KE_000799,56,F,Trans Nzoia,10,4,6,124310.1,92284.91,5631.15,4,54850.64,97412.53,257151.66,0.5959,3,0.275,1,3
MFI_KE_000800,28,F,Kisii,77,8,3,10530.22,9654.01,20381.81,2,96129.97,100590.22,189960.5,0.7657,10,0.4293,0,3
MFI_KE_000801,37,F,Kilifi,26,22,18,50203.84,52602.17,34884.26,0,0.0,0.0,0.0,0.9723,4,0.7341,0,2
MFI_KE_000802,46,F,Kakamega,32,80,72,39064.9,39071.93,19524.65,3,116918.83,150917.76,330607.66,0.9565,0,0.647,1,4
MFI_KE_000803,30,F,Bomet,77,17,23,26724.6,20439.58,13231.15,2,45035.43,54612.32,83736.45,0.8636,26,0.3752,0,2
MFI_KE_000804,34,M,Machakos,12,20,25,72244.71,50722.72,12749.86,0,0.0,0.0,0.0,0.972,35,0.7438,0,2
MFI_KE_000805,33,M,Nairobi,20,19,19,67976.4,51431.6,7531.7,7,9381.95,12391.51,58915.26,0.8081,2,0.2305,0,2
MFI_KE_000806,50,F,Murang'a,22,31,22,89663.96,72963.18,26342.82,3,45509.95,67256.14,113399.76,0.7936,1,0.2889,0,2
MFI_KE_000807,33,F,Kericho,2,1,3,5433.93,5017.07,627.61,1,1236.04,2206.83,1106.71,0.7938,71,0.418,0,5
MFI_KE_000808,54,F,Homa Bay,7,11,10,82481.69,82428.62,4500.17,3,86782.61,164942.47,268098.52,0.6551,1,0.3699,1,3
MFI_KE_000809,69,F,Kisii,16,6,7,45978.13,35846.62,8850.19,0,0.0,0.0,0.0,0.8757,2,0.387,0,3
MFI_KE_000810,56,M,Laikipia,9,7,6,87528.97,76459.96,6517.62,3,72493.92,123517.49,256363.25,0.8095,12,0.3888,1,3
MFI_KE_000811,47,F,Kericho,3,4,6,79792.95,60654.44,1015.49,4,155770.26,180309.84,502431.81,0.846,1,0.5709,1,3
MFI_KE_000812,18,F,Nairobi,4,48,49,37634.87,33545.03,4322.46,10,1271.76,1999.4,12922.09,0.7086,2,0.9643,0,1
MFI_KE_000813,29,M,Garissa,23,25,21,73702.6,68771.15,5629.32,0,0.0,0.0,0.0,0.6966,28,0.4907,0,2
MFI_KE_000814,45,F,Mombasa,5,60,72,438198.05,332853.99,24338.16,4,149405.86,240997.93,632828.97,0.8894,0,0.5442,0,4
MFI_KE_000815,25,F,Mombasa,10,47,59,15904.82,12247.44,381.29,6,2141.77,2764.8,13320.47,0.5429,0,0.9675,0,1
MFI_KE_000816,30,F,Nakuru,6,40,51,11945.24,9720.81,998.6,7,833.95,901.89,4899.36,0.5796,9,0.9816,0,1
MFI_KE_000817,37,F,Migori,2,1,4,8864.47,7918.74,884.26,0,0.0,0.0,0.0,1.0,45,0.6413,0,5
MFI_KE_000818,47,F,Meru,22,6,10,176449.55,156684.39,6558.02,3,39275.68,61557.6,111735.75,0.8611,4,0.5901,1,3
MFI_KE_000819,54,F,Bomet,6,22,20,56168.19,42274.39,3727.26,1,23491.08,45943.96,27818.11,0.9694,16,0.4957,0,2
MFI_KE_000820,18,F,Nairobi,9,45,63,32682.87,23161.43,898.91,6,1708.89,1961.69,10493.85,0.5805,0,0.7737,0,1
MFI_KE_000821,22,F,Nakuru,4,40,46,76093.53,63285.49,869.89,9,4066.72,5121.65,42008.86,0.738,2,0.9505,0,1
MFI_KE_000822,21,M,Uasin Gishu,23,37,52,26811.49,22386.2,3602.15,7,1845.26,2205.07,13496.2,0.6604,0,0.8646,0,1
MFI_KE_000823,20,F,Kisumu,4,1,1,2754.46,2626.21,5070.36,1,1220.53,1914.09,1142.06,0.7708,62,0.3826,0,5
MFI_KE_000824,24,F,Kericho,6,3,2,6615.76,5433.76,1405.0,0,0.0,0.0,0.0,1.0,93,0.5362,0,5
MFI_KE_000825,42,M,Meru,9,34,15,51355.45,44600.29,3463.59,6,48394.83,90845.62,339800.39,0.9311,9,0.8725,0,2
MFI_KE_000826,39,F,Kericho,46,26,17,215025.2,214194.28,4728.01,6,53943.5,67381.62,262203.01,0.9592,16,0.2994,1,2
MFI_KE_000827,33,F,Nakuru,5,45,46,13438.76,12269.97,529.11,9,3149.87,6089.38,24884.32,0.6452,0,0.7744,0,1
MFI_KE_000828,42,M,Laikipia,2,30,22,137957.69,107151.71,25166.38,3,41724.93,54000.47,113213.89,0.963,2,0.5575,0,2
MFI_KE_000829,63,F,Meru,6,5,4,19213.64,19448.59,22128.02,2,66988.97,133403.35,124857.48,0.8715,3,0.4517,1,3
MFI_KE_000830,22,M,Kisumu,15,41,44,5949.2,4655.38,3893.11,8,1784.42,3563.76,11747.04,0.4169,0,0.8529,0,1
MFI_KE_000831,29,F,Kitui,33,45,48,24539.32,19837.96,1519.2,5,1098.21,1142.28,5462.02,0.6596,8,0.8439,0,1
MFI_KE_000832,26,M,Meru,31,25,20,55730.5,44715.7,5631.41,4,19206.7,28023.44,77557.39,0.9971,8,0.5873,1,2
MFI_KE_000833,43,F,Turkana,24,8,7,35481.65,36673.4,3597.7,2,35433.19,51433.95,78384.19,0.9713,4,0.341,1,3
MFI_KE_000834,30,F,Nyeri,1,0,4,9597.33,9677.97,973.94,0,0.0,0.0,0.0,1.0,123,0.4239,0,5
MFI_KE_000835,30,M,Uasin Gishu,9,33,54,5624.62,4519.01,4478.45,8,1188.22,1941.76,10661.53,0.2858,2,0.9486,1,1
MFI_KE_000836,61,F,Machakos,4,4,3,600.25,515.68,235.93,1,2742.46,3425.72,2310.69,0.2405,24,0.4816,1,5
MFI_KE_000837,26,F,Turkana,2,22,20,67204.92,51775.7,19011.2,0,0.0,0.0,0.0,0.986,6,0.755,0,2
MFI_KE_000838,38,M,Nairobi,21,26,17,44684.37,34309.1,54058.78,0,0.0,0.0,0.0,0.9321,1,0.3525,0,2
MFI_KE_000839,18,F,Kisumu,24,35,61,38427.12,38267.3,5009.19,13,3018.07,5288.09,35251.65,0.6077,3,0.6921,0,1
MFI_KE_000840,23,F,Uasin Gishu,4,45,49,3705.5,3285.44,2135.86,7,2218.86,3503.98,13995.63,0.4131,0,0.9672,0,1
MFI_KE_000841,36,M,Machakos,3,3,4,1844.19,1593.01,1923.94,1,129671.09,215851.08,129066.64,0.6462,2,0.4423,1,3
MFI_KE_000842,29,M,Murang'a,14,89,63,300273.73,224297.22,48887.59,3,94624.61,171471.81,296361.16,0.8759,0,0.5106,1,4
MFI_KE_000843,42,M,Kilifi,26,36,13,48840.48,38534.46,20296.67,8,28134.98,53202.13,264635.01,0.975,2,0.4341,0,2
MFI_KE_000844,52,M,Laikipia,5,2,9,80572.27,56431.97,3628.72,5,77550.71,97032.67,318026.24,0.8368,6,0.2419,0,3
MFI_KE_000845,41,F,Kisumu,67,26,20,47927.66,45637.94,9682.15,7,13355.94,15340.92,88904.5,0.9142,8,0.5622,1,2
MFI_KE_000846,43,M,Trans Nzoia,6,26,20,50973.41,41276.58,18911.34,0,0.0,0.0,0.0,0.9785,12,0.8023,0,2
MFI_KE_000847,35,M,Turkana,1,3,3,9498.51,7627.94,3472.42,0,0.0,0.0,0.0,1.0,105,0.6272,0,5
MFI_KE_000848,24,M,Turkana,5,40,54,34753.31,25438.99,18342.17,13,1446.94,1848.16,20277.36,0.5587,6,0.9323,0,1
MFI_KE_000849,48,F,Migori,57,22,19,68473.95,63181.07,23012.41,3,31080.2,46373.54,84594.14,0.9941,2,0.6793,0,2
MFI_KE_000850,40,M,Bomet,11,30,18,68053.78,52873.36,15640.8,4,54832.56,94632.67,246693.04,0.9699,8,0.6351,0,2
MFI_KE_000851,46,F,Kakamega,1,4,5,12323.59,10815.42,295.27,0,0.0,0.0,0.0,1.0,10,0.9085,0,5
MFI_KE_000852,28,F,Kiambu,1,3,3,27120.39,24485.66,4019.51,0,0.0,0.0,0.0,1.0,258,0.3061,0,5
MFI_KE_000853,46,F,Meru,22,19,18,69197.06,62325.38,9594.57,1,47914.89,69951.6,57222.33,0.9989,2,0.5637,1,2
MFI_KE_000854,29,F,Nakuru,2,46,51,51690.44,50031.23,451.35,10,3214.81,3561.98,33572.04,0.644,2,0.7913,0,1
MFI_KE_000855,19,F,Kiambu,29,39,49,24434.26,17464.7,523.99,8,2215.89,2636.99,21223.77,0.6216,8,0.986,0,1
MFI_KE_000856,33,M,Kisumu,12,26,44,60059.73,57758.23,2573.84,6,2529.04,3861.56,13780.55,0.5384,1,0.8467,0,1
MFI_KE_000857,20,F,Uasin Gishu,3,29,40,15787.71,12107.54,3923.87,8,3260.01,4065.54,26483.54,0.5321,4,0.9536,0,1
MFI_KE_000858,52,M,Embu,16,31,12,56424.62,41030.21,17798.62,3,37090.26,61153.99,108661.67,0.8665,4,0.4314,0,2
MFI_KE_000859,21,F,Uasin Gishu,14,36,57,7461.33,6002.91,32674.55,8,2423.9,3064.33,20546.32,0.6124,2,0.9627,0,1
MFI_KE_000860,56,F,Kilifi,6,3,4,48230.88,38916.25,1919.39,3,29185.45,31418.77,78251.16,0.8701,3,0.4343,1,3
MFI_KE_000861,24,M,Kiambu,9,39,42,9599.37,8149.98,1452.73,5,1995.55,3858.27,11334.8,0.4707,2,0.6927,0,1
MFI_KE_000862,35,M,Migori,20,14,6,23997.21,20638.16,5532.61,2,49448.42,73505.29,83456.94,0.7169,2,0.1778,1,3
MFI_KE_000863,30,F,Embu,42,10,6,54007.52,42485.08,5380.01,1,58310.56,89105.28,65134.44,0.7627,2,0.2357,1,3
MFI_KE_000864,23,F,Turkana,14,27,20,253294.69,232022.45,13459.68,0,0.0,0.0,0.0,0.8514,1,0.3813,0,2
MFI_KE_000865,41,F,Trans Nzoia,12,9,4,114714.58,91692.78,5530.21,2,23964.15,39208.88,51215.19,0.9271,1,0.2879,0,3
MFI_KE_000866,44,M,Bungoma,2,20,15,135889.94,100199.28,22102.41,5,77514.0,147312.29,328525.91,0.8838,4,0.7246,0,2
MFI_KE_000867,50,M,Kericho,5,3,3,1862.77,1540.58,547.37,0,0.0,0.0,0.0,1.0,68,0.3086,0,5
MFI_KE_000868,32,F,Nairobi,2,46,53,9659.69,9059.62,1116.12,10,4136.57,7546.12,42917.85,0.7979,4,0.8875,0,1
MFI_KE_000869,25,M,Garissa,5,22,17,28188.64,26500.41,25475.26,2,38142.94,40583.33,73495.75,0.9282,10,0.3706,1,2
MFI_KE_000870,27,F,Kitui,2,25,21,44942.2,33438.19,18758.87,3,41092.57,75184.6,139993.99,0.997,1,0.4503,0,2
MFI_KE_000871,46,F,Meru,15,10,3,215430.16,151501.68,8764.99,2,39274.09,62286.75,75804.81,0.6968,6,0.3582,1,3
MFI_KE_000872,52,M,Bomet,1,1,2,5248.69,4307.59,1352.82,1,1225.44,1588.04,1426.43,0.7664,77,0.3872,0,5
MFI_KE_000873,24,F,Mombasa,6,26,49,21276.18,20058.01,3869.83,4,4093.64,6525.1,13160.38,0.742,0,0.8369,0,1
MFI_KE_000874,25,M,Meru,13,35,46,1858.84,1519.84,10359.91,8,1432.05,1579.3,11730.07,0.878,1,0.9373,0,1
MFI_KE_000875,47,M,Garissa,32,28,13,85521.91,61547.21,7496.53,5,26970.4,30038.57,154818.47,0.9877,4,0.511,0,2
MFI_KE_000876,34,M,Bomet,15,5,4,5245.57,3845.47,14716.85,1,46304.52,73303.83,50965.99,0.9093,4,0.5017,0,3
MFI_KE_000877,37,M,Machakos,2,11,2,11932.74,9562.35,4542.61,2,61086.81,76279.66,130734.29,0.6832,42,0.2713,1,3
MFI_KE_000878,37,M,Nyeri,26,8,3,39324.64,29093.42,2824.92,1,69098.75,136717.51,79528.71,0.64,2,0.5063,0,3
MFI_KE_000879,28,M,Mombasa,11,40,55,15991.46,14751.92,3333.32,5,6351.66,12463.06,26260.52,0.7033,5,0.7612,0,1
MFI_KE_000880,48,M,Nairobi,20,20,20,59609.71,47517.96,12707.3,1,33504.37,56722.12,32632.08,0.9055,23,0.5152,1,2
MFI_KE_000881,21,F,Nairobi,6,37,60,16012.94,13291.42,3084.92,7,1859.35,2139.63,11944.68,0.5599,1,0.8453,0,1
MFI_KE_000882,44,F,Kakamega,5,7,10,62567.22,56407.87,1736.26,0,0.0,0.0,0.0,0.9091,24,0.4601,1,3
MFI_KE_000883,39,M,Trans Nzoia,1,2,3,1421.15,1441.77,6081.03,0,0.0,0.0,0.0,1.0,73,0.8754,0,5
MFI_KE_000884,44,M,Meru,7,30,29,44894.11,41999.76,7481.52,1,15838.83,31610.5,17265.83,0.9177,8,0.6948,1,2
MFI_KE_000885,32,M,Nyeri,16,48,62,4470.98,3800.45,2100.06,9,2019.61,3208.09,15683.71,0.7043,1,0.8851,0,1
MFI_KE_000886,18,F,Kiambu,34,31,52,17136.96,16597.74,1130.67,9,1368.49,2053.15,10778.58,0.4942,8,0.7659,0,1
MFI_KE_000887,22,F,Mombasa,44,36,38,8887.36,7923.61,5808.36,13,3766.08,4901.65,42484.93,0.4311,0,0.9058,0,1
MFI_KE_000888,33,F,Nakuru,4,74,74,263930.06,233571.76,85626.08,5,66431.58,125925.24,322180.81,0.8159,0,0.4456,1,4
MFI_KE_000889,27,F,Kitui,19,79,72,353801.94,305386.63,22338.38,6,47855.04,85056.24,242633.17,0.7525,3,0.7214,1,4
MFI_KE_000890,25,F,Laikipia,9,36,49,9817.26,8338.58,772.38,7,2688.04,5133.01,22339.18,0.4844,1,0.7778,0,1
MFI_KE_000891,29,F,Murang'a,41,15,22,63777.99,55932.08,16766.9,4,90073.76,165561.75,427849.17,0.9769,19,0.6186,1,2
MFI_KE_000892,30,F,Turkana,2,10,2,31076.48,29838.22,8767.68,3,93907.49,174364.76,259323.62,0.6726,3,0.4983,1,3
MFI_KE_000893,39,M,Kisii,10,77,77,111741.5,79394.64,16632.72,8,171849.06,179771.1,1385294.8,0.7913,0,0.5606,0,4
MFI_KE_000894,40,F,Laikipia,1,3,2,3145.76,3015.09,954.78,0,0.0,0.0,0.0,1.0,273,0.7568,0,5
MFI_KE_000895,22,M,Trans Nzoia,23,5,4,62220.78,62849.46,4245.35,1,88119.37,128151.77,78697.82,0.8248,10,0.3553,1,3
MFI_KE_000896,56,F,Trans Nzoia,15,3,6,55970.14,53423.1,285.48,2,115045.95,192497.72,207038.96,0.7935,24,0.3796,1,3
MFI_KE_000897,45,M,Laikipia,14,29,21,33935.43,32325.68,7693.68,4,27680.01,51095.71,108900.76,0.9879,2,0.7593,0,2
MFI_KE_000898,35,F,Kiambu,11,16,29,91091.61,91266.96,10836.76,4,21534.43,23622.02,83709.92,0.9806,19,0.7629,1,2
MFI_KE_000899,36,M,Bungoma,1,2,3,12499.74,8981.24,3603.49,0,0.0,0.0,0.0,1.0,15,0.8191,0,5
MFI_KE_000900,51,M,Mombasa,26,19,23,23970.42,17943.02,3984.37,3,58564.31,75434.84,168541.56,0.8741,12,0.4654,0,2
MFI_KE_000901,32,M,Bomet,14,48,43,10627.1,8508.32,3833.96,9,1368.89,1490.13,10376.52,0.8735,2,0.7621,0,1
MFI_KE_000902,29,F,Kiambu,10,36,50,28508.26,21134.4,622.76,9,2782.75,4469.97,29228.55,0.5231,1,0.9167,0,1
MFI_KE_000903,31,M,Kericho,53,35,50,11069.27,9526.44,1894.07,10,3632.4,6584.88,38733.26,0.7078,0,0.9866,0,1
MFI_KE_000904,51,F,Embu,3,76,70,133595.64,120695.8,57466.5,4,155795.02,189293.92,577273.88,0.8913,1,0.4493,0,4
MFI_KE_000905,20,M,Nakuru,34,39,50,4921.85,3480.12,1633.51,11,2338.09,3158.53,24548.32,0.5359,1,0.8593,0,1
MFI_KE_000906,43,M,Nakuru,1,4,2,32311.06,26493.26,710.19,0,0.0,0.0,0.0,1.0,64,0.6406,1,5
MFI_KE_000907,42,F,Migori,5,28,12,71672.95,55551.38,21947.55,1,55863.91,100856.81,47659.58,0.8239,15,0.3409,0,2
MFI_KE_000908,23,M,Bungoma,6,2,0,1200.51,925.8,578.87,1,2372.03,4406.35,2255.68,0.7322,13,0.7441,0,5
MFI_KE_000909,42,F,Kilifi,23,63,68,114046.42,88418.03,53259.08,2,75037.13,149469.06,157220.87,0.5251,0,0.4889,0,4
MFI_KE_000910,41,F,Garissa,40,2,6,299526.73,252776.1,7058.32,2,56680.32,104996.1,105867.99,0.7415,5,0.5131,0,3
MFI_KE_000911,39,F,Nyeri,5,24,21,180972.9,184888.8,15510.7,2,31590.72,35360.4,58253.68,0.9278,26,0.8457,0,2
MFI_KE_000912,58,F,Murang'a,19,67,75,526120.45,376459.15,72897.53,4,125327.17,191649.89,567204.49,0.8783,0,0.6647,1,4
MFI_KE_000913,28,M,Uasin Gishu,5,45,52,8006.8,6084.05,6372.03,8,1927.94,3093.12,18017.94,0.8295,1,0.9448,0,1
MFI_KE_000914,37,F,Machakos,16,84,55,191472.34,193934.67,17677.45,2,146449.92,248654.6,249105.28,0.959,0,0.1629,1,4
MFI_KE_000915,25,M,Machakos,3,2,0,3460.62,2489.03,1590.24,0,0.0,0.0,0.0,1.0,17,0.74,0,5
MFI_KE_000916,31,M,Embu,6,25,14,28567.09,21248.32,36532.57,4,24809.82,43434.87,84029.0,0.9778,2,0.4812,0,2
MFI_KE_000917,50,M,Kilifi,13,7,6,23633.33,22079.01,4109.68,2,28371.04,41049.91,57009.39,0.6577,1,0.3972,1,3
MFI_KE_000918,30,F,Kilifi,49,75,72,354314.44,364636.72,82554.03,6,118126.3,193331.59,694262.49,0.9125,4,0.7341,0,4
MFI_KE_000919,28,F,Nakuru,10,35,41,12120.55,8505.07,1639.35,12,2613.02,5036.48,27675.7,0.7582,1,0.8303,0,1
MFI_KE_000920,39,F,Murang'a,10,11,1,86569.07,85536.11,3825.28,3,57465.76,69959.85,186572.12,0.6103,8,0.5723,0,3
MFI_KE_000921,29,F,Embu,25,100,72,1932832.75,1946295.4,32330.85,4,129753.5,168013.68,520437.89,0.7286,4,0.669,0,4
MFI_KE_000922,29,F,Kiambu,46,44,53,12509.73,9742.88,1290.1,6,2523.82,4236.93,17385.38,0.5812,0,0.9393,0,1
MFI_KE_000923,39,M,Kericho,14,8,3,100412.9,77453.38,1625.37,2,80445.8,94140.84,173100.72,0.8019,13,0.6357,0,3
MFI_KE_000924,41,F,Bomet,3,72,67,116865.25,86919.65,7654.05,2,333679.25,490280.71,657906.32,0.8524,0,0.564,0,4
MFI_KE_000925,21,F,Laikipia,56,35,58,18322.95,16981.51,890.27,6,2899.26,4295.14,20717.89,0.4972,1,0.9696,0,1
MFI_KE_000926,32,M,Mombasa,39,69,69,173993.83,130170.67,38064.91,5,291111.35,481429.35,1603048.37,0.6564,1,0.9166,1,4
MFI_KE_000927,41,F,Kericho,35,72,63,740455.24,665002.73,20556.94,4,315283.18,404070.49,1055757.43,0.8622,1,0.4092,0,4
MFI_KE_000928,30,M,Kisumu,71,34,58,12732.63,11291.06,2084.96,10,2858.82,4947.14,27539.59,0.3825,1,0.9419,0,1
MFI_KE_000929,45,M,Laikipia,22,32,29,68605.12,70605.48,8111.08,6,27242.94,37453.68,140282.97,0.9907,8,0.5781,0,2
MFI_KE_000930,49,M,Migori,34,85,78,761949.91,588433.49,164822.79,4,53094.84,92949.25,230325.47,0.9095,5,0.6485,1,4
MFI_KE_000931,52,F,Kiambu,10,23,21,80007.62,71887.43,16492.44,3,25008.31,45977.37,60771.88,0.7714,6,0.7678,1,2
MFI_KE_000932,39,M,Machakos,52,64,74,1479624.17,1042912.57,35009.32,6,175777.03,306190.15,1260412.36,0.5363,4,0.4431,1,4
MFI_KE_000933,39,M,Meru,12,31,16,93849.39,70110.94,22573.89,6,55168.46,73608.3,276937.83,0.9457,25,0.4588,0,2
MFI_KE_000934,31,F,Uasin Gishu,24,69,75,224986.12,235759.59,62714.83,3,198609.99,275618.25,587391.99,0.6851,0,0.2211,1,4
MFI_KE_000935,33,M,Turkana,37,30,17,82591.2,73882.17,10470.98,3,42504.14,66575.52,117471.86,0.8455,8,0.5436,1,2
MFI_KE_000936,45,M,Nakuru,7,25,21,240355.37,244085.49,14134.88,4,24131.94,47935.02,81920.16,0.8195,2,0.4965,0,2
MFI_KE_000937,48,M,Kakamega,19,8,4,98163.37,79722.78,9004.45,2,99072.41,181573.61,210845.64,0.5192,5,0.61,1,3
MFI_KE_000938,43,M,Embu,64,21,22,56897.94,49806.11,4240.54,1,19022.74,23727.62,21798.12,0.9422,18,0.798,1,2
MFI_KE_000939,43,F,Trans Nzoia,20,31,23,59435.08,55972.44,15354.2,0,0.0,0.0,0.0,0.9063,2,0.6421,0,2
MFI_KE_000940,33,F,Nairobi,5,57,64,3098.15,3029.98,2812.16,10,2336.2,2515.23,20164.56,0.8907,1,0.7985,1,1
MFI_KE_000941,20,F,Uasin Gishu,2,35,53,51907.96,39839.84,4128.3,5,2975.91,5060.95,16543.06,0.7761,2,0.9563,0,1
MFI_KE_000942,36,F,Nyeri,26,77,78,666685.12,552423.36,55094.37,3,587459.38,631576.65,1595071.25,0.8154,0,0.5481,1,4
MFI_KE_000943,18,F,Machakos,1,2,4,18856.3,19662.99,720.13,0,0.0,0.0,0.0,1.0,57,0.7253,0,5
MFI_KE_000944,40,F,Nyeri,3,17,26,101553.11,79238.78,10753.66,0,0.0,0.0,0.0,0.9325,6,0.7121,0,2
MFI_KE_000945,25,F,Laikipia,5,33,51,22822.61,22517.63,1893.09,6,1415.68,2103.57,9229.18,0.8185,2,0.9156,0,1
MFI_KE_000946,40,M,Kiambu,11,20,14,17572.11,16055.36,47779.9,7,30508.04,49577.4,180313.04,0.9551,2,0.5963,0,2
MFI_KE_000947,31,M,Laikipia,2,0,0,4001.96,3963.3,602.33,1,899.27,1537.1,1060.76,0.4831,20,0.6483,0,5
MFI_KE_000948,48,F,Trans Nzoia,19,2,2,1482.04,1497.2,573.57,0,0.0,0.0,0.0,1.0,29,0.7326,0,5
MFI_KE_000949,52,F,Kericho,9,11,6,71740.33,58302.68,3972.5,4,47241.99,52869.0,202819.75,0.7269,30,0.1426,0,3
MFI_KE_000950,22,M,Homa Bay,3,1,1,3424.75,3196.43,370.07,0,0.0,0.0,0.0,1.0,24,0.4882,0,5
MFI_KE_000951,35,F,Laikipia,38,6,2,143370.01,140727.57,3968.64,2,45900.29,73552.27,101115.24,0.6019,1,0.6493,1,3
MFI_KE_000952,22,F,Kisumu,28,36,51,3449.85,2619.94,6846.03,3,2039.26,3831.47,5373.27,0.4234,1,0.6135,0,1
MFI_KE_000953,26,M,Kitui,1,1,1,4386.62,3609.68,379.61,1,1524.96,1658.52,1294.33,0.7605,147,0.339,0,5
MFI_KE_000954,23,F,Kilifi,26,37,41,36243.7,32202.29,1243.11,7,1736.58,2556.57,10151.72,0.5608,1,0.9865,0,1
MFI_KE_000955,22,F,Nakuru,11,51,53,13358.35,11351.98,1281.89,5,1937.89,3064.86,10658.02,0.6367,0,0.8637,1,1
MFI_KE_000956,49,F,Mombasa,38,27,17,71855.8,51641.54,47210.08,4,26479.13,28567.08,115833.76,0.942,4,0.4626,0,2
MFI_KE_000957,22,F,Homa Bay,2,3,4,354.04,314.6,310.22,0,0.0,0.0,0.0,1.0,74,0.5404,1,5
MFI_KE_000958,25,F,Kisumu,6,17,25,23657.58,19865.86,7706.36,3,59503.89,103697.02,148393.59,0.9673,4,0.8997,0,2
MFI_KE_000959,23,F,Nairobi,7,25,51,11376.08,8777.64,1934.79,6,1112.2,2011.47,5935.26,0.9005,1,0.9189,1,1
MFI_KE_000960,42,F,Garissa,18,30,24,32385.61,27823.15,22667.31,1,58912.11,97709.23,68177.0,0.7682,2,0.5632,0,2
MFI_KE_000961,43,F,Kiambu,18,25,19,122632.18,91547.51,131023.86,3,69914.99,125750.67,219516.41,0.9959,11,0.8133,0,2
MFI_KE_000962,41,M,Machakos,13,79,71,126772.35,101212.71,167460.65,2,95788.31,171556.44,216370.19,0.8217,0,0.6584,0,4
MFI_KE_000963,52,F,Machakos,7,9,11,70776.29,49544.93,3555.43,1,57799.85,91452.3,68184.12,0.9062,2,0.6072,1,3
MFI_KE_000964,30,F,Nairobi,7,36,40,3009.87,2507.53,275.59,11,2235.75,3592.21,28540.22,0.681,7,0.947,0,1
MFI_KE_000965,31,M,Nyeri,5,20,22,44092.13,43711.39,13270.07,0,0.0,0.0,0.0,0.958,38,0.5148,1,2
MFI_KE_000966,43,F,Mombasa,55,21,18,89902.63,73760.4,12552.01,2,29102.4,54527.64,56759.69,0.7843,9,0.9208,0,2
MFI_KE_000967,46,M,Turkana,24,10,4,73317.17,61041.01,451.41,3,59110.42,87818.25,204608.1,0.8402,2,0.3109,1,3
MFI_KE_000968,48,F,Murang'a,9,0,3,945.77,902.51,290.63,0,0.0,0.0,0.0,1.0,92,0.794,0,5
MFI_KE_000969,35,F,Trans Nzoia,29,12,5,69278.15,62816.31,4357.43,2,48854.02,83029.12,81716.14,0.7738,6,0.4218,1,3
MFI_KE_000970,45,M,Kisumu,15,27,24,25382.85,20321.04,13761.88,2,172040.88,317680.02,299825.09,0.9931,44,0.63,0,2
MFI_KE_000971,33,M,Turkana,4,1,2,6650.67,5655.75,1527.34,0,0.0,0.0,0.0,1.0,119,0.5443,0,5
MFI_KE_000972,34,F,Uasin Gishu,34,51,49,10484.77,10274.35,1643.18,9,791.3,1473.69,7395.08,0.5821,0,0.9207,0,1
MFI_KE_000973,30,M,Migori,1,2,5,5970.96,5530.4,794.65,1,742.49,1466.15,757.45,0.1856,64,0.7083,1,5
MFI_KE_000974,53,M,Uasin Gishu,26,23,23,58472.54,49640.19,41107.36,2,25781.67,36729.76,53307.9,0.9727,1,0.6384,1,2
MFI_KE_000975,32,M,Laikipia,2,1,2,4251.1,4058.86,548.47,0,0.0,0.0,0.0,1.0,78,0.8128,0,5
MFI_KE_000976,21,F,Kiambu,46,34,47,3544.22,3348.95,906.26,7,5770.3,6038.32,36605.7,0.5341,4,0.7498,0,1
MFI_KE_000977,45,F,Meru,56,32,19,48612.95,50126.2,28587.05,4,16644.31,31115.12,78831.95,0.9568,1,0.4122,1,2
MFI_KE_000978,36,F,Kiambu,21,35,72,5229.61,5357.18,432.29,6,912.26,993.16,6049.77,0.7921,8,0.9797,0,1
MFI_KE_000979,18,M,Nairobi,11,3,5,1602.34,1334.88,1122.99,0,0.0,0.0,0.0,1.0,52,0.5039,0,5
MFI_KE_000980,26,M,Nakuru,2,35,44,3165.69,2769.85,1151.86,4,1964.65,2085.7,6800.83,0.848,1,0.6827,0,1
MFI_KE_000981,44,M,Garissa,20,10,7,27657.02,25665.35,670.74,2,64344.14,64843.52,104799.47,0.8951,15,0.1853,1,3
MFI_KE_000982,27,F,Uasin Gishu,7,40,50,5986.51,5014.95,1841.61,11,1111.36,1947.78,11090.25,0.804,4,0.8337,0,1
MFI_KE_000983,28,F,Nairobi,2,2,2,9775.61,7236.44,539.96,0,0.0,0.0,0.0,1.0,35,0.4588,0,5
MFI_KE_000984,42,F,Nyeri,12,8,5,97847.38,89090.78,3431.54,5,185428.18,295604.81,871455.77,0.785,3,0.6119,0,3
MFI_KE_000985,39,F,Nairobi,8,24,17,104325.87,81518.56,36298.03,2,64562.42,108159.87,112119.89,0.981,3,0.452,0,2
MFI_KE_000986,23,M,Bungoma,7,34,47,21740.87,15423.0,2593.59,7,4360.45,6710.84,31532.04,0.7727,0,0.9317,0,1
MFI_KE_000987,18,M,Kisumu,27,32,41,12497.82,12869.82,3217.72,12,2438.22,4594.1,24134.2,0.8589,0,0.9272,0,1
MFI_KE_000988,25,F,Nyeri,3,9,3,32941.6,30629.64,5332.19,4,112168.62,187075.02,363481.21,0.912,20,0.5646,1,3
MFI_KE_000989,44,F,Bomet,44,30,17,139115.43,125736.78,17385.26,4,32096.52,38162.69,107300.66,0.9269,10,0.5669,0,2
MFI_KE_000990,35,F,Kisumu,11,86,77,172971.05,124671.74,14680.44,3,184873.97,275193.95,611455.79,0.8537,1,0.4129,0,4
MFI_KE_000991,42,M,Bungoma,9,7,4,106281.29,82975.03,1495.79,1,56525.82,106445.4,45293.33,0.6403,1,0.6822,1,3
MFI_KE_000992,20,F,Kisii,42,39,46,3845.94,3145.76,5410.31,13,888.65,1705.48,9797.38,0.799,1,0.9442,0,1
MFI_KE_000993,19,F,Embu,21,40,55,7256.12,5080.64,475.15,6,1792.4,2169.12,10805.38,0.5954,0,0.9045,0,1
MFI_KE_000994,35,F,Uasin Gishu,100,44,43,31673.78,27981.33,1674.0,7,1260.12,2252.43,10410.19,0.2887,2,0.9798,1,1
MFI_KE_000995,59,M,Kakamega,29,13,2,557944.86,460981.33,4864.5,3,52148.41,66391.85,129156.42,0.764,1,0.6667,1,3
MFI_KE_000996,19,M,Kisumu,41,31,42,49650.52,35891.98,972.06,11,2273.42,2293.7,27350.93,0.7849,4,0.9751,0,1
MFI_KE_000997,52,M,Embu,9,27,20,70146.79,51861.84,5662.36,5,25616.39,42654.88,139465.23,0.9977,8,0.5741,0,2
MFI_KE_000998,28,F,Kisii,7,10,7,44253.04,35544.76,967.67,0,0.0,0.0,0.0,0.8197,8,0.4794,1,3
MFI_KE_000999,46,F,Machakos,12,30,26,21904.6,17603.62,9537.51,4,35835.19,48266.57,121523.69,0.9209,2,0.7007,1,2
MFI_KE_001000,20,M,Bomet,7,46,47,27734.46,21181.67,4495.05,11,1408.51,2180.18,16647.03,0.8136,3,0.817,0,1
MFI_KE_001001,24,F,Mombasa,5,21,20,36121.34,36674.04,13373.22,3,36889.42,39978.8,93470.39,0.7005,1,0.4502,0,2
MFI_KE_001002,47,F,Kitui,38,10,5,18477.92,18399.81,6803.28,1,40342.96,75834.5,48243.99,0.7238,4,0.4254,1,3
MFI_KE_001003,48,M,Turkana,1,3,2,4058.97,3596.59,258.67,1,4416.62,6092.14,5280.84,0.3545,71,0.6681,0,5
MFI_KE_001004,30,M,Garissa,11,2,3,3018.46,2631.58,204.06,1,1405.37,2348.07,1432.91,0.309,39,0.7093,0,5
MFI_KE_001005,55,M,Murang'a,25,83,76,374615.29,315872.08,79654.16,1,147290.71,164891.34,134011.08,0.8603,6,0.5381,0,4
MFI_KE_001006,36,F,Kericho,7,89,62,178806.47,129789.33,15185.89,6,206394.81,303091.83,1245853.67,0.6237,0,0.4899,0,4
MFI_KE_001007,30,F,Machakos,31,7,8,40168.5,32102.13,1271.8,3,70316.31,95729.29,225137.34,0.7007,6,0.364,1,3
MFI_KE_001008,25,M,Nakuru,27,50,49,61856.82,60065.97,1375.3,6,4446.84,7340.59,26500.86,0.7465,2,0.8876,0,1
MFI_KE_001009,36,F,Kiambu,29,40,43,21027.79,16017.27,1213.97,5,4304.57,4365.57,20598.96,0.3582,2,0.7823,0,1
MFI_KE_001010,43,M,Homa Bay,5,13,7,69014.84,65851.23,3654.74,2,40450.99,52742.94,66058.18,0.8651,8,0.3112,0,3
MFI_KE_001011,22,M,Murang'a,10,25,18,132078.17,117688.13,10964.75,4,24149.96,34410.28,115052.72,0.9232,6,0.5845,1,2
MFI_KE_001012,47,F,Kiambu,7,24,16,53734.96,48333.0,8519.92,2,14912.94,22349.37,28881.06,0.9847,11,0.9242,0,2
MFI_KE_001013,48,F,Kericho,55,9,4,66077.01,50286.64,12612.51,2,128080.44,151470.47,245638.72,0.558,16,0.3099,0,3
MFI_KE_001014,23,M,Kiambu,66,39,54,28976.85,29703.53,641.87,10,2581.3,3088.73,26842.99,0.7513,5,0.9863,0,1
MFI_KE_001015,29,F,Mombasa,13,39,47,13121.17,10066.68,4686.91,5,2112.93,4142.7,12235.88,0.6427,1,0.9839,0,1
MFI_KE_001016,27,F,Turkana,20,30,44,15339.85,14211.11,1260.52,4,1937.09,3522.87,6837.27,0.4849,3,0.9972,0,1
MFI_KE_001017,18,M,Uasin Gishu,62,37,49,13862.46,13179.66,3511.99,10,1321.73,2286.58,11898.93,0.7666,5,0.812,0,1
MFI_KE_001018,40,F,Homa Bay,1,1,2,3012.98,2605.03,219.6,1,1502.03,2931.7,1644.13,0.8216,19,0.8214,0,5
MFI_KE_001019,48,F,Turkana,18,7,7,159379.44,154925.51,9260.27,0,0.0,0.0,0.0,0.6682,1,0.5483,1,3
MFI_KE_001020,46,F,Trans Nzoia,8,14,16,144091.9,136367.69,5859.13,5,22638.36,36752.39,96654.53,0.925,3,0.8801,0,2
MFI_KE_001021,25,M,Trans Nzoia,2,2,5,251.38,223.84,596.15,0,0.0,0.0,0.0,1.0,29,0.8456,0,5
MFI_KE_001022,29,F,Uasin Gishu,7,39,38,38390.22,40285.48,1138.74,9,1013.01,1863.15,10312.79,0.9428,4,0.8913,0,1
MFI_KE_001023,33,F,Kilifi,16,4,6,166159.87,160379.91,1280.41,3,73717.88,136508.25,222498.66,0.7859,8,0.2913,1,3
MFI_KE_001024,54,F,Kericho,7,87,66,45972.54,46457.73,22241.55,5,76974.53,120510.71,371245.96,0.7266,0,0.5458,0,4
MFI_KE_001025,36,M,Meru,10,23,27,90970.67,94769.52,4153.3,1,36473.52,44135.74,43339.75,0.7988,2,0.7444,1,2
MFI_KE_001026,41,M,Kisumu,48,19,18,253136.05,214815.22,10294.03,3,47306.02,50426.95,168998.42,0.9137,15,0.8163,0,2
MFI_KE_001027,31,F,Kilifi,10,15,20,45232.01,45622.07,27248.37,1,51613.7,101114.51,43878.78,0.8546,18,0.6436,1,2
MFI_KE_001028,45,F,Migori,3,31,14,23224.68,22908.61,7008.18,2,40432.88,64675.41,91528.08,0.8251,6,0.7919,0,2
MFI_KE_001029,23,F,Nakuru,18,46,49,8830.28,7181.37,1176.24,8,2295.82,3666.41,16493.58,0.7324,3,0.9409,0,1
MFI_KE_001030,24,F,Nakuru,120,26,18,83200.74,75137.25,16519.28,1,45092.87,81194.81,44690.11,0.8454,3,0.9406,0,2
MFI_KE_001031,54,F,Garissa,13,0,3,2512.29,2495.03,6580.52,0,0.0,0.0,0.0,1.0,24,0.6201,0,5
MFI_KE_001032,48,M,Machakos,33,8,10,86841.15,67266.11,2710.54,2,50152.51,91338.47,87128.97,0.8455,2,0.529,1,3
MFI_KE_001033,32,F,Trans Nzoia,17,9,3,121387.68,119373.95,14963.3,3,119489.01,225060.21,323197.19,0.9359,29,0.5686,1,3
MFI_KE_001034,50,F,Migori,13,18,17,42794.55,39418.78,16022.91,1,25650.8,30676.78,26963.18,0.9269,7,0.2888,0,2
MFI_KE_001035,38,M,Turkana,2,3,1,4439.44,3508.92,1856.46,0,0.0,0.0,0.0,1.0,63,0.5739,1,5
MFI_KE_001036,50,M,Kakamega,2,80,73,837765.61,699322.68,69162.1,1,153825.66,241205.14,161415.66,0.86,0,0.7927,1,4
MFI_KE_001037,33,M,Kilifi,33,27,14,98124.89,78274.8,21745.36,2,34237.45,43639.59,81105.16,0.9044,1,0.7593,0,2
MFI_KE_001038,42,M,Laikipia,7,26,27,60915.39,43028.97,10552.92,1,25260.59,43414.0,28250.45,0.8621,15,0.4686,0,2
MFI_KE_001039,33,M,Bungoma,66,39,8,90338.96,84857.16,22135.66,6,47931.23,51960.7,264860.58,0.9368,5,0.6365,0,2
MFI_KE_001040,38,M,Bomet,77,29,23,73450.5,66779.57,6467.19,4,37282.55,54482.68,133627.77,0.9898,13,0.5042,0,2
MFI_KE_001041,24,F,Bungoma,3,1,3,4495.08,4590.93,206.84,0,0.0,0.0,0.0,1.0,13,0.7165,0,5
MFI_KE_001042,52,F,Turkana,1,4,4,12389.56,8695.29,641.47,0,0.0,0.0,0.0,1.0,16,0.7118,1,5
MFI_KE_001043,30,F,Nairobi,42,82,62,193014.69,202228.26,20990.13,4,114329.19,190429.46,452295.25,0.8252,9,0.6464,0,4
MFI_KE_001044,49,F,Kitui,1,0,1,6925.88,6872.38,300.73,1,2669.34,5186.74,3137.2,0.0387,236,0.6172,0,5
MFI_KE_001045,27,F,Murang'a,1,1,5,669.22,523.79,1142.54,0,0.0,0.0,0.0,1.0,30,0.9418,0,5
MFI_KE_001046,53,F,Laikipia,6,2,1,6882.23,5993.31,1817.99,0,0.0,0.0,0.0,1.0,21,0.6675,0,5
MFI_KE_001047,21,F,Bomet,19,39,46,38911.19,34781.18,3408.68,9,2515.28,4140.04,23113.47,0.6038,0,0.9064,0,1
MFI_KE_001048,52,M,Homa Bay,14,7,5,15118.36,12417.29,7062.45,0,0.0,0.0,0.0,0.2892,19,0.5244,1,3
MFI_KE_001049,46,F,Migori,37,8,7,26868.34,19950.61,3129.36,1,83970.61,111010.14,81247.51,0.721,2,0.6473,1,3
MFI_KE_001050,29,F,Mombasa,4,43,52,18244.02,14540.75,1227.44,7,4240.89,5396.45,33652.01,0.385,3,0.9058,0,1
MFI_KE_001051,45,M,Meru,6,9,4,69988.97,51967.04,3088.14,1,27190.52,38858.64,31609.62,0.7967,10,0.7126,1,3
MFI_KE_001052,47,M,Kakamega,15,18,15,72726.95,61862.81,6934.55,4,53716.06,61704.94,204732.0,0.9957,1,0.3798,0,2
MFI_KE_001053,63,F,Embu,30,10,3,21098.66,22043.05,1101.33,1,35528.88,48094.12,33938.05,0.5847,3,0.5999,1,3
MFI_KE_001054,37,M,Bungoma,6,24,24,50410.67,37368.99,13462.98,2,84575.24,135452.36,147474.25,0.8538,1,0.1651,0,2
MFI_KE_001055,30,M,Kericho,12,7,3,39945.26,35468.56,4798.2,0,0.0,0.0,0.0,0.6158,4,0.5078,1,3
MFI_KE_001056,22,M,Meru,29,97,79,238977.27,177303.96,15996.65,2,123667.85,207458.91,281606.49,0.7941,0,0.3781,1,4
MFI_KE_001057,28,F,Kilifi,10,33,23,105624.77,99175.02,6685.3,1,60003.45,83658.61,67599.77,0.9068,21,0.6261,0,2
MFI_KE_001058,41,M,Kakamega,6,10,3,27975.45,23064.6,32130.6,1,108705.55,196881.22,128656.68,0.7454,12,0.5514,1,3
MFI_KE_001059,29,F,Murang'a,35,42,64,14684.92,11742.16,2885.33,7,3285.27,5465.45,22452.58,0.4668,3,0.8375,0,1
MFI_KE_001060,50,F,Nakuru,4,18,15,151923.09,123218.88,22445.97,5,75578.59,106779.46,327403.16,0.9013,11,0.8358,0,2
MFI_KE_001061,22,F,Meru,8,8,4,124328.88,123026.29,62081.81,0,0.0,0.0,0.0,0.6329,4,0.5042,1,3
MFI_KE_001062,63,M,Kitui,12,4,4,29991.66,22982.67,18944.11,4,133517.73,181599.48,474412.86,0.742,43,0.3571,1,3
MFI_KE_001063,23,M,Nairobi,28,50,53,35452.16,29676.6,2805.79,11,1986.53,3084.61,24961.3,0.5367,4,0.9758,0,1
MFI_KE_001064,37,F,Kakamega,28,26,18,115769.78,90232.57,34733.54,1,40133.19,65177.03,45161.64,0.9548,5,0.7859,0,2
MFI_KE_001065,29,M,Kisumu,19,49,44,7761.47,7087.16,3528.54,4,3062.15,4032.87,12491.69,0.8377,2,0.9192,0,1
MFI_KE_001066,30,F,Kakamega,3,2,2,5019.22,3829.14,1054.47,2,2124.2,3484.51,4388.65,0.5596,27,0.7695,0,5
MFI_KE_001067,50,F,Kilifi,14,89,73,790575.26,565642.86,43819.4,5,207231.86,284372.37,1143755.51,0.942,5,0.7596,0,4
MFI_KE_001068,26,F,Kericho,11,10,4,66466.11,63252.13,4979.99,3,36568.94,52435.93,88689.43,0.9308,14,0.3671,0,3
MFI_KE_001069,56,F,Nakuru,2,0,1,6769.53,6114.92,363.37,0,0.0,0.0,0.0,1.0,49,0.3981,0,5
MFI_KE_001070,43,M,Kisii,3,2,3,2316.62,2006.95,100.11,0,0.0,0.0,0.0,1.0,72,0.4957,0,5
MFI_KE_001071,45,M,Nyeri,10,76,69,297957.67,258687.8,26516.46,6,138816.19,184443.2,863915.12,0.7755,5,0.5766,1,4
MFI_KE_001072,35,F,Nairobi,29,28,29,121573.92,91917.89,7601.8,2,37129.64,65594.81,61013.43,0.9963,17,0.7161,0,2
MFI_KE_001073,37,F,Trans Nzoia,28,23,19,39940.02,41628.51,15483.48,3,17522.95,31451.29,60733.71,0.9507,6,0.5761,0,2
MFI_KE_001074,22,M,Machakos,12,47,53,25279.5,24590.36,3105.72,6,3831.19,4213.33,27082.56,0.6749,4,0.9259,0,1
MFI_KE_001075,27,F,Meru,6,65,70,357650.67,286908.81,16663.82,3,110513.52,196776.36,308430.27,0.8384,4,0.5343,0,4
MFI_KE_001076,36,F,Mombasa,10,25,24,45526.17,34392.34,25344.39,3,22238.75,36494.22,65942.28,0.999,1,0.6693,1,2
MFI_KE_001077,45,M,Bomet,72,20,23,144564.35,148251.05,24896.06,0,0.0,0.0,0.0,0.8342,34,0.6832,0,2
MFI_KE_001078,22,F,Kiambu,2,2,4,3943.81,3054.86,1035.01,0,0.0,0.0,0.0,1.0,39,0.6479,0,5
MFI_KE_001079,44,F,Kitui,38,21,22,197110.5,146181.41,17430.81,2,24385.38,43748.07,55524.75,0.9062,3,0.6836,1,2
MFI_KE_001080,29,M,Kiambu,2,3,4,1911.83,1940.72,530.83,0,0.0,0.0,0.0,1.0,39,0.3706,0,5
MFI_KE_001081,25,F,Kisumu,2,29,52,18825.39,15101.72,739.27,6,1638.98,1873.38,11394.78,0.7403,0,0.8985,0,1
MFI_KE_001082,33,M,Nairobi,23,75,67,390849.41,409902.16,13518.15,4,117946.5,185093.12,383869.02,0.5004,4,0.4524,0,4
MFI_KE_001083,31,F,Mombasa,6,47,47,39274.48,31431.22,1719.65,5,2205.47,3610.01,9915.59,0.4992,1,0.7287,0,1
MFI_KE_001084,56,F,Kakamega,4,3,5,17259.33,13626.4,1003.86,0,0.0,0.0,0.0,1.0,116,0.7251,0,5
MFI_KE_001085,63,F,Laikipia,2,7,5,147902.07,136706.2,2018.95,2,31206.0,62335.82,71447.68,0.5582,5,0.2869,1,3
MFI_KE_001086,27,F,Uasin Gishu,3,42,53,7665.87,6708.46,7253.78,5,3134.74,4523.0,16588.26,0.9071,2,0.4831,0,1
MFI_KE_001087,28,F,Uasin Gishu,79,37,49,8636.76,7146.6,2323.87,4,1170.33,1905.21,4068.83,0.9026,5,0.8413,0,1
MFI_KE_001088,38,F,Kisii,5,18,23,61288.04,43468.46,33786.27,5,33441.78,53814.32,188980.27,0.9973,10,0.715,0,2
MFI_KE_001089,37,F,Migori,9,75,78,353295.12,288165.18,11153.47,7,287846.73,404322.55,1648687.2,0.8111,3,0.6868,1,4
MFI_KE_001090,29,M,Kisii,17,23,15,119652.05,102029.97,24039.13,3,31873.43,54906.02,93545.2,0.8298,27,0.6931,0,2
MFI_KE_001091,24,F,Homa Bay,2,3,3,6092.76,5416.75,900.44,2,788.3,1347.24,1826.17,0.8004,118,0.7938,0,5
MFI_KE_001092,27,F,Bungoma,22,71,76,345595.78,299995.84,15369.13,5,137792.23,198162.16,814921.15,0.6734,0,0.375,0,4
MFI_KE_001093,32,M,Embu,3,39,50,9341.73,8219.42,2945.09,7,3720.49,4911.32,29272.59,0.616,0,0.9667,0,1
MFI_KE_001094,31,F,Homa Bay,9,0,4,54061.9,39378.5,1827.23,0,0.0,0.0,0.0,1.0,37,0.6128,0,5
MFI_KE_001095,38,M,Nakuru,2,24,16,88254.61,68707.34,6818.73,4,31988.27,46501.19,142200.28,0.9538,19,0.5064,0,2
MFI_KE_001096,37,M,Nyeri,30,18,23,28242.89,24028.12,12643.26,6,32408.29,38673.75,166423.82,0.9038,4,0.7523,1,2
MFI_KE_001097,66,F,Murang'a,38,7,4,110899.34,84446.93,645.95,4,95799.06,175942.76,330784.37,0.6416,2,0.3473,0,3
MFI_KE_001098,22,M,Kilifi,7,13,6,105539.67,89313.19,9521.61,1,79598.61,121894.28,87958.83,0.9069,3,0.5345,1,3
MFI_KE_001099,43,M,Nairobi,21,18,14,57366.59,50318.78,11582.7,2,24807.16,32163.18,59194.39,0.8636,8,0.8657,0,2
MFI_KE_001100,36,F,Homa Bay,8,35,14,301196.39,297504.69,16726.69,5,47411.17,48492.69,205895.75,0.9178,12,0.6752,0,2
MFI_KE_001101,33,F,Kiambu,26,42,47,14735.14,10600.44,585.32,8,2455.85,2481.2,22970.1,0.9203,5,0.9602,0,1
MFI_KE_001102,38,M,Kisumu,7,21,11,93493.94,93125.07,7338.93,4,37282.33,42369.24,153660.71,0.9242,18,0.6732,0,2
MFI_KE_001103,37,F,Murang'a,24,79,77,695707.27,595277.45,20300.01,6,166564.52,285165.12,863717.15,0.8596,0,0.7297,1,4
MFI_KE_001104,41,F,Migori,11,56,57,5670.26,4533.35,908.24,6,3257.05,5000.74,22879.09,0.8274,0,0.6839,0,1
MFI_KE_001105,54,M,Laikipia,19,7,8,219961.76,226422.43,3854.83,1,39728.93,45759.4,37458.09,0.8072,7,0.2845,1,3
MFI_KE_001106,28,M,Machakos,2,23,23,167921.71,141606.92,12787.63,2,55890.6,92686.27,102340.88,0.932,1,0.3641,0,2
MFI_KE_001107,47,F,Machakos,27,73,71,351533.96,284428.98,11856.16,2,132542.47,222504.77,281199.7,0.7081,3,0.4684,0,4
MFI_KE_001108,23,M,Kiambu,38,33,41,11035.73,10508.13,7080.82,9,2422.87,3323.21,21880.0,0.9481,1,0.829,0,1
MFI_KE_001109,32,F,Embu,5,10,7,79035.17,66753.63,3069.55,1,80978.75,127211.87,72976.86,0.9645,2,0.4129,1,3
MFI_KE_001110,40,F,Embu,19,100,77,695924.89,695465.51,25538.46,5,256079.69,368002.47,1127612.78,0.8898,0,0.4313,1,4
MFI_KE_001111,21,F,Kitui,8,1,1,2042.8,1546.48,370.59,0,0.0,0.0,0.0,1.0,28,0.8949,0,5
MFI_KE_001112,28,M,Garissa,16,9,7,75595.63,61349.42,2260.59,1,51891.82,82986.76,51288.65,0.6578,1,0.2935,1,3
MFI_KE_001113,44,M,Murang'a,2,10,5,39456.05,30206.08,2359.34,2,54968.3,76320.64,119330.37,0.8896,7,0.227,1,3
MFI_KE_001114,29,F,Kiambu,56,41,49,13646.24,12867.42,339.69,9,2580.71,3319.3,26804.8,0.5209,0,0.9643,0,1
MFI_KE_001115,24,F,Mombasa,14,41,50,10604.26,7869.04,1067.16,9,1726.98,3259.67,17220.32,0.5786,1,0.772,1,1
MFI_KE_001116,37,F,Trans Nzoia,22,17,13,26691.68,23241.42,10683.2,0,0.0,0.0,0.0,0.9905,1,0.468,0,2
MFI_KE_001117,47,F,Kakamega,1,3,3,1550.56,1110.72,360.13,1,1981.37,2767.97,1679.67,0.3776,114,0.7151,0,5
MFI_KE_001118,37,F,Kisii,11,60,75,171517.18,179240.18,31905.53,6,338713.01,462436.44,2313705.22,0.8944,0,0.4526,0,4
MFI_KE_001119,29,F,Laikipia,6,21,22,143975.51,113165.84,26798.84,2,59244.74,100281.77,124016.54,0.9161,10,0.7637,0,2
MFI_KE_001120,26,F,Nakuru,39,43,51,14577.54,10968.33,3137.88,8,1427.6,1924.48,9193.28,0.7371,1,0.7906,0,1
MFI_KE_001121,35,M,Bungoma,23,10,6,35385.67,34961.03,29580.98,2,71852.49,129048.57,158932.85,0.7916,9,0.371,1,3
MFI_KE_001122,33,M,Nakuru,5,44,55,5947.94,5494.03,685.95,9,865.5,867.77,7359.52,0.8121,6,0.9622,1,1
MFI_KE_001123,57,F,Homa Bay,13,36,22,118591.03,113661.36,27187.96,1,18397.0,36725.02,18577.19,0.9409,2,0.473,0,2
MFI_KE_001124,29,F,Bomet,31,30,56,19694.85,16901.65,2053.06,10,2122.25,4043.92,19795.85,0.4998,5,0.905,0,1
MFI_KE_001125,22,M,Kisii,2,1,1,2130.04,2197.47,250.44,2,1143.56,2213.85,2383.61,0.1007,53,0.3404,1,5
MFI_KE_001126,32,M,Mombasa,5,34,56,15492.53,11342.72,1222.12,11,2623.88,3923.16,31990.43,0.4513,2,0.9813,0,1
MFI_KE_001127,40,F,Garissa,61,25,17,188635.68,186354.42,12874.9,4,45531.2,47766.61,155979.65,0.8363,5,0.7735,0,2
MFI_KE_001128,36,F,Uasin Gishu,6,2,4,5683.48,5689.47,613.4,0,0.0,0.0,0.0,1.0,166,0.6018,0,5
MFI_KE_001129,43,F,Bomet,6,8,13,118185.62,97476.04,6463.24,3,102344.1,198523.88,302496.81,0.8134,10,0.3833,0,3
MFI_KE_001130,34,M,Murang'a,24,8,4,7716.85,6169.21,15151.49,2,38591.86,61449.21,82302.27,0.8155,1,0.2678,0,3
MFI_KE_001131,47,F,Nyeri,14,81,65,258955.23,241682.86,10803.71,7,158346.12,284448.09,974997.04,0.9703,0,0.6189,1,4
MFI_KE_001132,43,M,Laikipia,7,4,2,1312.21,1038.35,186.89,1,1501.66,2744.55,1527.6,0.5828,128,0.7499,0,5
MFI_KE_001133,35,F,Kakamega,21,25,16,78307.04,62709.51,5969.32,1,37514.78,53944.33,38656.12,0.9134,9,0.2154,1,2
MFI_KE_001134,38,F,Garissa,26,84,70,1204230.18,1017824.92,46634.19,5,123553.78,212452.28,700481.69,0.8079,0,0.5315,0,4
MFI_KE_001135,45,F,Turkana,26,8,5,386630.12,357465.76,4531.47,1,43761.75,45309.25,37643.0,0.6439,9,0.5148,0,3
MFI_KE_001136,18,F,Nakuru,8,37,53,35039.68,27723.49,1151.36,7,1826.72,3390.54,13825.65,0.7704,6,0.9453,0,1
MFI_KE_001137,21,F,Kiambu,17,43,58,9630.69,9472.78,5775.09,9,2724.97,5243.32,28654.12,0.677,5,0.8885,0,1
MFI_KE_001138,39,M,Bungoma,5,4,6,3651.82,3608.93,667.88,0,0.0,0.0,0.0,1.0,17,0.77,0,5
MFI_KE_001139,42,M,Embu,3,4,2,678.91,640.68,2125.89,1,2776.69,3923.7,2877.73,0.5352,104,0.9536,0,5
MFI_KE_001140,25,F,Nairobi,75,46,40,12310.91,8771.33,1686.12,8,1872.8,3068.89,12070.39,0.609,2,0.9146,1,1
MFI_KE_001141,23,M,Uasin Gishu,48,36,54,8814.66,6475.32,2430.15,7,1793.15,2559.12,11216.36,0.9904,2,0.984,1,1
MFI_KE_001142,21,M,Kisii,2,47,55,16599.55,16139.57,1947.64,11,962.24,1307.84,12226.02,0.9355,1,0.9938,0,1
MFI_KE_001143,44,F,Bungoma,3,8,6,199128.22,159017.4,5140.9,2,52758.45,54134.42,111243.96,0.839,10,0.6607,1,3
MFI_KE_001144,31,M,Homa Bay,45,4,2,113929.73,111996.81,1453.19,0,0.0,0.0,0.0,0.698,11,0.2177,0,3
MFI_KE_001145,30,M,Nyeri,24,34,49,15902.65,15689.39,729.92,7,1297.77,1683.49,7785.89,0.7855,2,0.8658,0,1
MFI_KE_001146,39,F,Migori,17,4,7,186282.03,189288.3,3850.5,2,94904.85,127086.97,215295.36,0.6345,14,0.5475,0,3
MFI_KE_001147,22,F,Turkana,6,9,7,29499.13,22678.97,11103.95,0,0.0,0.0,0.0,0.9588,20,0.5102,1,3
MFI_KE_001148,18,M,Mombasa,6,37,49,13255.39,12327.75,1015.76,9,1015.5,1700.78,9914.01,0.69,0,0.7742,0,1
MFI_KE_001149,37,F,Laikipia,6,0,0,3049.17,2478.69,1264.35,0,0.0,0.0,0.0,1.0,176,0.7339,0,5
MFI_KE_001150,49,F,Kitui,35,12,3,74746.11,53043.31,6549.78,2,44917.28,64857.43,77972.17,0.7117,3,0.5617,1,3
MFI_KE_001151,47,M,Mombasa,11,13,12,88451.69,89332.14,63153.55,2,52287.35,66776.31,96217.95,0.9909,3,0.4922,0,2
MFI_KE_001152,38,F,Kisii,1,4,3,4275.62,3352.2,1771.39,2,1131.04,1371.99,2313.88,0.4096,82,0.6218,0,5
MFI_KE_001153,32,F,Machakos,1,2,6,910.47,680.94,451.41,0,0.0,0.0,0.0,1.0,56,0.7028,0,5
MFI_KE_001154,21,F,Nakuru,22,44,49,9352.49,8758.01,1797.86,7,1960.14,3742.48,15104.62,0.6741,0,0.9228,0,1
MFI_KE_001155,46,F,Bomet,2,25,14,52619.51,46764.87,10132.71,1,32669.75,62172.29,28584.18,0.9861,35,0.7809,1,2
MFI_KE_001156,43,M,Kisii,7,7,7,48938.54,39158.14,1564.64,3,50586.91,87190.76,148122.81,0.7468,8,0.7012,1,3
MFI_KE_001157,48,F,Meru,1,1,2,1460.99,1216.88,455.09,3,1861.98,3206.52,4948.83,0.7836,76,0.4753,0,5
MFI_KE_001158,37,F,Kisii,3,21,23,61448.12,59635.27,28244.24,2,16772.46,23044.62,30520.39,0.9843,2,0.6571,0,2
MFI_KE_001159,45,F,Migori,14,23,22,64378.08,55415.61,8845.83,2,44814.51,61785.41,97662.45,0.9079,22,0.4101,0,2
MFI_KE_001160,32,M,Murang'a,6,36,42,3072.15,2183.58,1373.65,8,2624.87,5180.3,19221.75,0.5609,17,0.6057,0,1
MFI_KE_001161,51,F,Machakos,10,25,21,93947.58,93849.31,4564.75,6,16448.07,27411.65,82496.26,0.9866,6,0.6919,0,2
MFI_KE_001162,23,M,Kisumu,9,39,56,17804.21,17209.46,1865.64,4,1898.37,2639.64,8834.34,0.5768,0,0.895,0,1
MFI_KE_001163,18,F,Nairobi,13,39,56,13174.73,12756.91,3427.2,11,2352.03,4208.5,30106.01,0.8057,1,0.9308,0,1
MFI_KE_001164,61,M,Kisii,11,8,4,100374.95,70609.59,17805.92,1,34447.19,58350.51,36768.39,0.7048,5,0.4676,0,3
MFI_KE_001165,30,F,Mombasa,13,25,22,44812.24,38552.74,24302.81,2,20127.89,35470.69,42215.72,0.9609,11,0.7224,1,2
MFI_KE_001166,54,M,Kisii,42,17,12,87055.63,83080.14,2492.97,1,37117.75,56036.88,43510.47,0.9307,3,0.7717,0,2
MFI_KE_001167,33,F,Murang'a,31,4,5,95460.1,68118.67,3207.12,2,29136.85,55342.22,50548.83,0.7425,1,0.115,1,3
MFI_KE_001168,47,F,Nakuru,16,22,17,218076.87,212791.8,45421.38,1,84657.45,122872.87,78951.16,0.9073,6,0.6709,1,2
MFI_KE_001169,50,M,Nairobi,1,3,3,294.22,221.88,3307.9,0,0.0,0.0,0.0,1.0,35,0.7069,0,5
MFI_KE_001170,41,F,Kericho,3,2,3,1671.5,1423.68,1757.7,0,0.0,0.0,0.0,1.0,57,0.7974,0,5
MFI_KE_001171,35,F,Kericho,1,6,2,3426.17,2907.83,2177.1,1,2106.57,2261.38,2253.3,0.5139,184,0.7299,0,5
MFI_KE_001172,43,F,Homa Bay,7,22,20,58103.87,43087.36,28743.92,5,23609.3,43155.49,138173.04,0.8393,1,0.7049,0,2
MFI_KE_001173,43,F,Kakamega,13,20,16,150311.58,114358.39,6570.28,2,50999.44,84614.05,98096.33,0.8779,9,0.6684,0,2
MFI_KE_001174,24,F,Nakuru,36,27,64,42060.91,31643.58,5037.58,5,1759.62,1876.96,7159.47,0.7427,2,0.7417,0,1
MFI_KE_001175,32,M,Kericho,22,31,19,64206.39,67026.9,6607.96,2,38409.79,74674.29,85847.33,0.9782,17,0.4902,0,2
MFI_KE_001176,25,M,Nakuru,2,42,50,26212.28,19651.69,6296.79,13,2286.92,3325.57,24717.18,0.6174,0,0.8446,0,1
MFI_KE_001177,43,F,Nyeri,4,6,4,31911.51,29981.48,2893.69,0,0.0,0.0,0.0,0.8255,15,0.217,1,3
MFI_KE_001178,36,F,Kisii,4,72,66,273376.04,213373.58,8061.25,6,101529.53,113908.96,514624.96,0.9404,1,0.2726,0,4
MFI_KE_001179,30,F,Kisumu,28,30,20,61588.0,57187.41,4066.55,6,128560.85,197898.27,689600.38,0.9083,3,0.4031,0,2
MFI_KE_001180,30,F,Bungoma,4,4,5,20366.27,14373.33,7499.01,3,55376.13,87634.82,188258.52,0.7265,2,0.3725,0,3
MFI_KE_001181,26,M,Kiambu,12,40,50,30085.82,28373.2,1670.81,11,2640.4,4062.36,34841.51,0.7209,0,0.7921,0,1
MFI_KE_001182,25,M,Kiambu,55,37,56,2314.35,1677.44,242.11,10,1455.9,2146.11,13141.92,0.7696,1,0.5368,0,1
MFI_KE_001183,35,M,Murang'a,9,27,22,37862.38,39663.59,5935.75,3,103507.47,105765.88,284930.86,0.9597,5,0.5402,0,2
MFI_KE_001184,28,M,Nairobi,3,47,50,11995.9,10678.22,578.32,14,2847.69,3152.61,39628.08,0.4988,3,0.8714,0,1
MFI_KE_001185,25,M,Meru,11,6,3,42496.18,30771.92,1429.2,1,79966.86,116182.52,69464.01,0.5591,7,0.22,1,3
MFI_KE_001186,37,M,Kericho,2,19,28,57424.87,48772.25,38897.45,3,95393.48,130167.26,258488.05,0.8985,17,0.8238,0,2
MFI_KE_001187,44,F,Kakamega,5,5,4,11613.48,11929.7,5741.67,1,56178.19,58264.29,60981.16,0.759,10,0.3888,0,3
MFI_KE_001188,36,F,Embu,3,31,49,21189.81,16991.56,804.21,5,1543.67,2258.65,7002.4,0.7224,1,0.8919,0,1
MFI_KE_001189,49,M,Nairobi,6,5,8,13250.5,10094.92,18450.27,1,3857.72,5898.16,4280.41,0.5847,11,0.6016,0,5
MFI_KE_001190,21,M,Kisumu,20,48,57,2329.48,1931.23,1222.48,5,5578.0,10893.01,24091.68,0.9036,1,0.8681,0,1
MFI_KE_001191,47,F,Bomet,17,85,63,303230.21,307031.67,27360.29,2,89870.05,156331.93,197141.99,0.8837,0,0.5862,0,4
MFI_KE_001192,26,M,Mombasa,18,40,46,1233.62,1257.95,889.4,4,1097.65,1445.26,4390.22,0.513,0,0.8679,1,1
MFI_KE_001193,31,M,Mombasa,9,43,48,7578.06,6155.07,2838.06,10,2023.06,3216.44,24150.03,0.5503,2,0.8351,0,1
MFI_KE_001194,55,F,Kitui,8,77,62,137905.68,104824.71,48519.09,7,308321.02,389608.5,2178372.36,0.8015,1,0.4957,0,4
MFI_KE_001195,44,F,Kitui,10,80,68,532002.99,473237.73,25739.99,3,48554.36,71891.79,136753.91,0.9697,0,0.6955,0,4
MFI_KE_001196,21,M,Mombasa,13,37,50,34046.2,31144.91,1019.71,10,1619.72,1709.85,17335.45,0.705,6,0.8586,0,1
MFI_KE_001197,54,F,Trans Nzoia,4,92,60,798809.31,749461.25,52286.83,5,122523.52,203982.58,679380.51,0.7085,3,0.6561,1,4
MFI_KE_001198,35,M,Kiambu,3,30,60,5830.57,5959.49,2976.51,6,1175.57,1769.34,7461.92,0.8092,3,0.8382,0,1
MFI_KE_001199,57,F,Murang'a,32,27,17,85476.86,73079.51,37683.32,3,27263.3,42200.43,97125.24,0.9576,2,0.3998,0,2
MFI_KE_001200,25,F,Mombasa,2,36,44,62699.29,47263.74,1290.83,9,3955.46,7250.94,31561.79,0.4021,2,0.7714,0,1
MFI_KE_001201,50,M,Trans Nzoia,27,9,6,10591.98,8833.74,39070.48,2,65370.31,105325.01,152395.61,0.7269,16,0.6974,1,3
MFI_KE_001202,43,F,Homa Bay,8,39,17,136424.82,118640.48,9904.46,7,41852.97,76328.4,236189.11,0.9632,1,0.5602,0,2
MFI_KE_001203,22,F,Uasin Gishu,45,55,37,42524.28,37062.44,929.18,10,1483.67,2764.24,17374.5,0.5802,1,0.9125,0,1
MFI_KE_001204,23,F,Uasin Gishu,59,37,47,31478.99,26154.42,1244.56,11,1576.17,2248.9,17652.94,0.5735,2,0.8602,0,1
MFI_KE_001205,60,M,Kisii,4,13,5,41352.85,38578.04,3603.79,1,58138.27,104480.39,63667.51,0.8192,23,0.3769,1,3
MFI_KE_001206,33,F,Nyeri,17,29,24,66215.69,68556.68,15945.25,3,20992.34,25482.4,74940.29,0.9252,4,0.7299,1,2
MFI_KE_001207,37,F,Bomet,21,85,70,1088124.74,840258.19,22004.79,8,142808.11,149483.47,1204869.02,0.8921,2,0.5316,1,4
MFI_KE_001208,60,F,Trans Nzoia,11,8,8,260230.27,198676.46,4385.29,1,25545.21,40893.08,25481.77,0.3513,24,0.4071,0,3
MFI_KE_001209,30,F,Kiambu,5,42,50,4252.2,3131.47,6284.65,12,2087.8,2292.78,20416.77,0.9102,0,0.8336,0,1
MFI_KE_001210,56,M,Murang'a,1,1,6,2947.41,2063.43,276.72,0,0.0,0.0,0.0,1.0,106,0.6742,0,5
MFI_KE_001211,54,M,Garissa,16,10,5,78358.03,63708.73,4808.67,0,0.0,0.0,0.0,0.8141,1,0.349,1,3
MFI_KE_001212,24,F,Kiambu,5,30,55,18580.68,16424.4,3102.13,7,1915.55,2355.97,14052.58,0.9153,4,0.9529,1,1
MFI_KE_001213,23,F,Nairobi,43,35,54,32263.23,27917.42,2366.77,6,1888.22,2673.13,12255.96,0.7083,2,0.9415,1,1
MFI_KE_001214,32,M,Garissa,6,23,14,104988.79,106049.55,6489.38,2,20294.56,35980.74,38398.82,0.9512,18,0.7367,1,2
MFI_KE_001215,56,M,Machakos,56,8,3,157549.16,126416.83,5157.97,4,60175.56,72452.03,241330.39,0.4462,4,0.6667,1,3
MFI_KE_001216,29,F,Trans Nzoia,1,3,4,960.25,843.56,645.33,1,1671.84,2468.01,1726.03,0.2622,72,0.6676,0,5
MFI_KE_001217,24,M,Embu,22,3,9,59124.02,47249.89,7176.39,1,102468.41,168078.36,94080.87,0.7922,3,0.3265,0,3
MFI_KE_001218,60,M,Migori,10,1,2,1486.1,1363.95,478.11,0,0.0,0.0,0.0,1.0,53,0.5689,0,5
MFI_KE_001219,38,M,Bomet,10,79,73,211503.44,170017.89,44862.61,2,87448.78,104363.43,168586.14,0.8379,0,0.4599,1,4
MFI_KE_001220,25,M,Bungoma,2,41,51,7704.81,7194.41,2127.38,10,1890.25,2250.55,15843.98,0.401,3,0.9429,0,1
MFI_KE_001221,21,F,Nairobi,17,49,54,25697.34,22899.93,1076.43,9,1850.62,3485.42,15044.92,0.7083,4,0.7781,1,1
MFI_KE_001222,37,F,Kericho,7,10,3,30179.49,22671.69,2098.82,1,37343.12,70320.29,30946.2,0.6085,10,0.3253,1,3
MFI_KE_001223,38,F,Bomet,1,4,1,2801.81,2936.61,463.82,1,1122.29,1338.69,1196.07,0.5461,71,0.6005,1,5
MFI_KE_001224,27,F,Mombasa,20,40,51,9029.15,7002.46,245.78,3,3310.11,5594.88,9235.17,0.5969,0,0.8771,0,1
MFI_KE_001225,27,M,Embu,4,11,7,34309.6,33129.62,66627.01,6,60905.35,98061.68,342863.3,0.8887,6,0.484,1,3
MFI_KE_001226,31,M,Trans Nzoia,11,30,13,129091.07,123387.71,16317.0,3,20099.78,29155.25,69660.94,0.9886,25,0.6242,0,2
MFI_KE_001227,42,M,Kitui,8,14,17,30180.56,28480.23,5435.31,6,74437.01,106268.51,437642.22,0.9605,5,0.657,0,2
MFI_KE_001228,46,F,Embu,9,17,36,36832.89,30302.31,12632.97,5,20077.21,33996.72,114026.5,0.936,17,0.6761,1,2
MFI_KE_001229,42,F,Turkana,33,11,10,34349.79,24842.19,15563.39,5,26822.96,47991.87,122939.28,0.9465,6,0.2863,1,3
MFI_KE_001230,34,F,Kisumu,1,2,1,12962.87,11317.18,189.15,0,0.0,0.0,0.0,1.0,92,0.5878,0,5
MFI_KE_001231,42,F,Garissa,5,75,77,470002.08,427717.46,20517.1,8,68236.9,89514.62,599833.76,0.9336,1,0.5954,0,4
MFI_KE_001232,52,F,Kiambu,7,69,82,475159.44,493468.88,29763.1,5,181007.76,321573.64,880938.13,0.8812,6,0.8905,0,4
MFI_KE_001233,40,F,Migori,5,84,74,160518.05,149228.74,128465.12,11,219036.55,339927.72,2356392.76,0.51,3,0.6802,1,4
MFI_KE_001234,28,M,Uasin Gishu,6,33,49,18186.9,13748.69,666.04,9,3487.78,5848.92,30275.66,0.4559,0,0.6538,0,1
MFI_KE_001235,24,F,Uasin Gishu,59,33,17,24962.3,20808.94,10740.92,3,56285.04,83425.12,199723.18,0.9802,5,0.8904,1,2
MFI_KE_001236,36,F,Kilifi,11,10,18,238272.34,171835.41,18712.23,2,29164.32,49178.12,66658.55,0.9977,14,0.6956,1,2
MFI_KE_001237,38,F,Migori,4,11,5,54871.85,50798.49,3454.21,2,47971.88,75354.82,79400.33,0.7382,3,0.403,1,3
MFI_KE_001238,36,F,Meru,11,41,46,14388.41,10442.36,863.71,5,3682.39,6440.12,17380.83,0.8669,4,0.9735,0,1
MFI_KE_001239,27,M,Laikipia,1,1,5,13836.2,11997.0,959.36,0,0.0,0.0,0.0,1.0,62,0.6517,0,5
MFI_KE_001240,34,M,Kitui,24,25,18,61678.06,60142.11,18025.15,5,19063.27,27184.69,81105.46,0.9652,3,0.4766,0,2
MFI_KE_001241,27,F,Nakuru,17,44,57,8518.21,6346.61,2599.43,7,2466.06,2543.04,20269.64,0.8543,3,0.8662,0,1
MFI_KE_001242,28,F,Embu,24,27,56,28342.47,23500.59,1171.34,18,5741.23,10354.73,93030.89,0.4974,1,0.7911,0,1
MFI_KE_001243,39,F,Trans Nzoia,2,84,69,370704.03,359226.91,72630.18,4,219921.83,371959.27,1034459.83,0.7994,2,0.6489,0,4
MFI_KE_001244,29,M,Trans Nzoia,8,6,9,25753.5,25751.36,3467.56,2,99985.05,144700.35,174048.36,0.7873,45,0.2758,1,3
MFI_KE_001245,51,M,Bungoma,7,89,64,814240.66,685456.42,33532.98,5,62906.97,116972.85,359763.79,0.79,3,0.5331,0,4
MFI_KE_001246,44,F,Uasin Gishu,8,2,2,8879.64,9313.58,485.74,1,905.46,1592.83,963.55,0.0773,14,0.3747,0,5
MFI_KE_001247,64,M,Embu,12,13,6,111499.09,99101.64,5226.32,2,25236.61,40232.49,42286.71,0.9567,8,0.212,1,3
MFI_KE_001248,18,M,Embu,5,32,41,9091.91,6475.32,885.81,4,3173.27,4471.19,14614.56,0.4453,3,0.921,1,1
MFI_KE_001249,22,M,Garissa,9,15,15,50850.87,41891.02,4638.0,2,30430.38,49377.99,63917.76,0.9894,5,0.6992,1,2
MFI_KE_001250,20,F,Nakuru,3,46,59,6595.85,6908.93,1503.65,15,920.23,1026.64,15620.29,0.5681,0,0.8372,0,1
MFI_KE_001251,36,F,Kisumu,23,79,84,352451.02,331136.65,23167.13,8,86524.98,145389.58,819505.0,0.8873,1,0.6429,0,4
MFI_KE_001252,35,F,Kakamega,31,6,13,33975.02,26020.58,387.07,2,39414.02,53065.58,77284.8,0.7568,1,0.3704,0,3
MFI_KE_001253,40,F,Bomet,22,9,7,101527.24,93369.18,14439.86,2,118598.58,157301.6,203905.09,0.8214,26,0.5372,0,3
MFI_KE_001254,64,F,Kakamega,7,11,2,9526.91,9867.97,3024.68,3,39470.32,44679.99,123365.8,0.5154,3,0.2162,1,3
MFI_KE_001255,48,M,Kisii,12,77,60,158518.93,117640.02,9780.34,3,141059.49,192818.46,348203.81,0.8923,2,0.3615,1,4
MFI_KE_001256,33,M,Nyeri,9,6,2,716.32,507.19,1454.19,0,0.0,0.0,0.0,1.0,22,0.5781,0,5
MFI_KE_001257,32,M,Meru,31,43,54,7857.68,6351.37,772.36,3,2323.24,2559.66,7004.63,0.8181,0,0.8899,0,1
MFI_KE_001258,23,F,Turkana,1,2,1,20271.72,14808.16,264.58,0,0.0,0.0,0.0,1.0,134,0.7044,0,5
MFI_KE_001259,31,M,Bomet,13,29,13,144590.67,105311.27,14484.13,3,45947.77,62686.28,160686.89,0.9958,7,0.9675,0,2
MFI_KE_001260,47,F,Nyeri,75,5,2,52639.77,40684.94,2800.93,1,35718.0,45606.5,34570.34,0.504,28,0.3766,1,3
MFI_KE_001261,35,F,Garissa,3,3,6,1740.42,1517.03,229.41,3,1113.84,1299.36,2815.68,0.7478,19,0.7077,0,5
MFI_KE_001262,21,M,Kiambu,6,35,33,3864.51,3355.78,11447.7,9,892.42,1095.78,9309.36,0.5589,4,0.9391,0,1
MFI_KE_001263,32,F,Bomet,25,27,15,179704.94,170198.95,8202.8,5,25954.75,48717.82,143984.33,0.9828,9,0.5078,0,2
MFI_KE_001264,43,F,Trans Nzoia,5,7,5,73147.96,57127.15,5012.38,4,65843.92,116726.19,254588.6,0.8732,3,0.5675,1,3
MFI_KE_001265,29,M,Nakuru,26,39,61,16186.47,11699.14,1749.21,8,2714.18,4026.7,23408.68,0.6919,0,0.8436,1,1
MFI_KE_001266,18,F,Nairobi,2,38,49,26138.94,25466.66,2326.51,5,1318.52,1355.44,7411.69,0.6754,1,0.9642,0,1
MFI_KE_001267,57,F,Kilifi,4,14,5,31439.06,26216.53,7174.93,3,135071.16,221417.2,355518.2,0.9223,13,0.4349,1,3
MFI_KE_001268,19,F,Kisii,20,22,54,4810.39,4777.92,533.8,15,1497.39,1734.4,18071.77,0.7361,0,0.9371,0,1
MFI_KE_001269,45,M,Nairobi,6,23,20,34263.42,32848.31,20849.8,4,30218.45,58290.0,102422.95,0.9929,6,0.5642,1,2
MFI_KE_001270,27,M,Mombasa,40,42,54,14765.84,13542.3,1785.68,10,2456.39,4601.25,20744.91,0.7956,5,0.7966,0,1
MFI_KE_001271,38,M,Kitui,7,22,16,66534.1,61305.04,4147.36,3,39500.2,40679.07,142120.85,0.9156,6,0.4928,0,2
MFI_KE_001272,44,F,Garissa,5,7,14,117183.93,122361.67,10781.34,3,32447.64,37649.13,99655.09,0.683,3,0.3026,1,3
MFI_KE_001273,50,M,Machakos,5,6,12,55710.0,52802.83,8238.27,2,98075.86,138564.71,196443.07,0.7699,6,0.3815,0,3
MFI_KE_001274,40,F,Migori,4,70,75,321782.57,296621.1,108122.58,9,217896.02,320256.05,1837341.52,0.9321,0,0.504,0,4
MFI_KE_001275,22,M,Bomet,6,30,21,70411.17,71581.25,35264.0,4,40715.33,78062.33,172123.93,0.9205,1,0.7393,0,2
MFI_KE_001276,47,M,Bomet,3,26,32,180896.97,144035.18,97132.14,1,10941.26,14323.99,8966.07,0.994,4,0.485,0,2
MFI_KE_001277,34,F,Machakos,27,22,13,75540.87,55460.98,4005.76,2,42115.99,60978.68,97851.56,0.9551,7,0.5997,1,2
MFI_KE_001278,25,M,Nairobi,64,35,48,14154.55,12010.66,2816.36,10,2071.1,3971.73,17728.04,0.8282,4,0.9274,0,1
MFI_KE_001279,22,M,Nairobi,34,43,58,21492.69,20870.73,2602.24,12,2328.74,3643.21,26789.82,0.5895,0,0.9222,0,1
MFI_KE_001280,40,F,Homa Bay,12,27,18,130454.05,113776.65,4477.99,4,49948.09,96507.42,214496.73,0.9471,1,0.5931,0,2
MFI_KE_001281,46,F,Bungoma,3,3,4,61890.37,54624.31,17729.59,2,78936.37,86059.58,165524.25,0.8764,12,0.2584,0,3
MFI_KE_001282,24,F,Kakamega,1,8,6,1431.02,1270.53,98.85,1,2242.87,2427.58,2314.78,0.3601,47,0.5249,0,5
MFI_KE_001283,52,F,Laikipia,4,5,5,68485.16,69690.92,17383.59,3,78005.37,81401.83,248856.55,0.6762,3,0.4665,1,3
MFI_KE_001284,42,M,Murang'a,29,23,19,33378.11,32816.69,27720.35,5,26485.95,32134.98,136450.16,0.9606,1,0.5738,0,2
MFI_KE_001285,42,F,Laikipia,24,20,24,62484.73,62783.72,6500.21,2,46644.25,87416.79,75663.46,0.9887,8,0.4864,0,2
MFI_KE_001286,25,F,Kisumu,2,33,45,14252.52,10709.76,28307.37,12,2551.21,3776.6,35478.58,0.6328,3,0.8846,0,1
MFI_KE_001287,34,M,Homa Bay,1,2,7,3822.79,3756.24,4023.61,1,2779.18,4732.79,2606.33,0.4951,233,0.8457,0,5
MFI_KE_001288,45,M,Nairobi,27,20,20,176652.02,150320.45,37644.31,5,15965.33,26234.44,80286.96,0.9002,4,0.527,1,2
MFI_KE_001289,22,F,Nakuru,39,30,22,258307.12,267597.77,18331.5,2,21844.5,36673.34,47277.81,0.9952,5,0.7858,1,2
MFI_KE_001290,41,M,Embu,35,4,5,30425.66,26180.63,1815.99,3,30064.16,51166.21,74563.31,0.5701,8,0.3884,1,3
MFI_KE_001291,24,M,Trans Nzoia,9,19,19,26898.14,25384.14,12974.83,0,0.0,0.0,0.0,0.9651,1,0.5366,1,2
MFI_KE_001292,31,M,Kakamega,3,2,4,2712.47,2768.06,462.27,1,1111.92,1741.58,1023.56,0.1471,85,0.5192,0,5
MFI_KE_001293,30,M,Nairobi,5,44,35,20230.21,17396.18,4245.41,7,1971.53,3181.12,11803.68,0.3998,1,0.9624,1,1
MFI_KE_001294,24,F,Kilifi,5,6,1,6504.18,5893.74,545.38,0,0.0,0.0,0.0,1.0,27,0.5912,0,5
MFI_KE_001295,20,F,Kiambu,3,44,55,10144.69,8514.08,6085.92,1,1557.91,2836.16,1658.12,0.6696,0,0.8902,1,1
MFI_KE_001296,59,M,Garissa,8,18,2,88905.57,72819.11,15581.07,4,116166.17,200241.47,420152.7,0.937,21,0.309,0,3
MFI_KE_001297,34,F,Uasin Gishu,16,29,48,23356.95,16832.43,997.97,10,3434.65,6012.1,33162.11,0.734,0,0.5479,1,1
MFI_KE_001298,27,M,Kilifi,4,33,39,9949.62,8103.44,3248.92,3,1589.7,2691.31,4709.33,0.7534,1,0.9221,0,1
MFI_KE_001299,25,F,Nakuru,4,36,55,27503.24,21415.98,4490.67,7,1218.24,1708.13,9382.91,0.6255,3,0.9391,0,1
MFI_KE_001300,42,F,Turkana,6,84,66,78293.43,70305.47,12072.47,4,292422.84,480333.84,980522.29,0.918,1,0.4095,1,4
MFI_KE_001301,36,M,Bomet,11,6,4,64266.79,49231.79,39203.76,5,54688.59,72670.05,233819.72,0.7979,11,0.2319,1,3
MFI_KE_001302,18,M,Kisii,66,33,51,21634.88,19547.06,2268.31,5,1908.93,3000.65,10278.9,0.6926,0,0.9353,0,1
MFI_KE_001303,33,M,Kisumu,5,39,59,15080.08,12387.93,380.31,2,2938.98,4724.07,6071.17,0.8245,4,0.9676,1,1
MFI_KE_001304,52,F,Laikipia,30,26,24,50494.24,43588.62,44343.56,2,21313.88,35553.03,49893.05,0.8576,1,0.5863,0,2
MFI_KE_001305,41,M,Nyeri,5,26,26,62550.17,56757.31,19995.11,2,35118.5,40421.88,56201.82,0.994,3,0.5569,0,2
MFI_KE_001306,40,F,Embu,14,12,8,41081.18,32036.15,3918.91,4,72745.19,141956.22,244023.58,0.8605,1,0.4019,1,3
MFI_KE_001307,30,M,Kiambu,2,39,43,12046.74,12541.06,1178.7,13,1676.52,2952.16,23523.91,0.456,0,0.7659,1,1
MFI_KE_001308,31,M,Kitui,12,83,66,268286.21,221161.51,118578.77,3,162523.47,176427.84,406182.56,0.8864,3,0.7192,0,4
MFI_KE_001309,33,F,Garissa,3,18,13,171726.2,135276.89,6377.17,5,31125.05,37791.36,127473.63,0.9848,11,0.4087,0,2
MFI_KE_001310,45,F,Migori,3,85,76,1043056.56,994302.82,24529.51,6,75174.32,108467.43,425484.53,0.553,0,0.3829,1,4
MFI_KE_001311,29,F,Kisumu,4,51,48,38419.33,39690.84,917.77,7,4185.36,4776.05,34096.04,0.8385,3,0.9694,0,1
MFI_KE_001312,32,F,Kericho,6,29,28,76371.63,78575.17,6209.26,0,0.0,0.0,0.0,0.9136,1,0.7653,0,2
MFI_KE_001313,36,M,Kiambu,51,41,24,46678.84,47724.11,11850.72,2,20474.93,27406.91,44543.81,0.9591,10,0.772,0,2
MFI_KE_001314,38,M,Embu,4,22,15,30430.52,25608.91,6329.19,4,60521.56,107564.45,271173.45,0.8825,5,0.6152,0,2
MFI_KE_001315,33,F,Laikipia,16,5,7,15161.3,14155.38,1476.93,2,50731.46,96538.95,120900.61,0.8601,7,0.1554,1,3
MFI_KE_001316,20,M,Nairobi,8,49,56,7961.47,5580.35,2026.05,7,2195.82,2471.79,16372.9,0.5399,1,0.8569,0,1
MFI_KE_001317,21,M,Kiambu,9,40,36,29170.38,21178.82,4101.76,7,1852.09,3149.75,15237.84,0.3502,0,0.8137,1,1
MFI_KE_001318,32,M,Garissa,3,0,5,972.56,1008.33,538.52,0,0.0,0.0,0.0,1.0,43,0.8401,0,5
MFI_KE_001319,18,M,Kisumu,5,51,53,13253.26,9950.34,8347.22,11,3210.61,5209.05,32211.3,0.8263,0,0.7249,0,1
MFI_KE_001320,50,F,Kericho,29,3,7,20339.15,15064.45,1462.28,5,51264.43,78366.82,211311.57,0.5547,4,0.3396,0,3
MFI_KE_001321,37,M,Uasin Gishu,72,31,20,47590.95,49564.91,14099.61,4,25013.69,44654.8,120005.42,0.8835,7,0.7542,0,2
MFI_KE_001322,24,M,Murang'a,14,93,70,39634.92,29335.95,12087.03,3,62027.56,71859.18,153787.09,0.9723,3,0.7232,1,4
MFI_KE_001323,29,M,Uasin Gishu,7,30,58,10645.53,7513.72,704.85,9,1284.37,2166.05,10739.63,0.5493,4,0.9407,0,1
MFI_KE_001324,26,F,Kiambu,38,45,58,100325.05,95503.24,3263.12,8,3380.57,6138.97,30456.34,0.511,2,0.86,0,1
MFI_KE_001325,28,M,Mombasa,9,38,44,27888.21,23191.05,1110.26,9,1717.12,2561.09,17612.93,0.8497,1,0.9073,1,1
MFI_KE_001326,37,F,Murang'a,3,26,19,70428.09,56237.47,8033.47,2,15355.73,21776.46,33481.1,0.8633,3,0.4608,1,2
MFI_KE_001327,35,F,Embu,5,2,1,3765.86,2831.69,897.15,0,0.0,0.0,0.0,1.0,15,0.6186,0,5
MFI_KE_001328,27,M,Mombasa,65,40,60,15119.08,12202.74,6104.76,9,1315.01,1548.99,10415.43,0.7752,5,0.9182,0,1
MFI_KE_001329,63,F,Kilifi,51,10,5,28216.41,19928.5,4841.41,3,52917.95,97758.76,163333.04,0.8517,19,0.4114,0,3
MFI_KE_001330,26,F,Nairobi,25,38,47,30362.81,25714.87,1179.95,7,1312.16,1400.67,10351.71,0.7097,0,0.8248,0,1
MFI_KE_001331,40,F,Kiambu,4,18,14,69129.77,67432.41,13405.61,5,44579.13,61508.2,255047.82,0.9396,13,0.2312,0,2
MFI_KE_001332,47,M,Kiambu,32,20,34,225943.83,191069.95,15288.76,5,26040.38,44824.75,104357.78,0.8823,2,0.3981,0,2
MFI_KE_001333,26,M,Turkana,7,21,23,87262.21,69961.58,13927.9,3,35537.51,61205.45,115403.75,0.9772,3,0.907,0,2
MFI_KE_001334,37,F,Bungoma,21,8,11,303633.41,298343.93,4391.45,1,62388.9,120881.85,58939.39,0.8405,5,0.5534,1,3
MFI_KE_001335,26,F,Mombasa,21,35,43,31274.6,31118.84,5717.31,8,500.0,779.34,4562.87,0.4112,4,0.9538,0,1
MFI_KE_001336,24,M,Kisumu,18,31,57,5798.79,5720.97,938.88,13,1790.53,3552.46,27059.99,0.8947,7,0.7363,0,1
MFI_KE_001337,32,M,Nairobi,16,26,21,131730.73,110669.89,11389.47,4,42459.59,45585.16,166728.87,0.9658,3,0.5894,0,2
MFI_KE_001338,41,F,Migori,1,0,5,860.9,700.59,2761.39,2,3023.08,3722.79,5265.21,0.3938,86,0.6738,0,5
MFI_KE_001339,61,F,Bomet,2,5,5,12867.44,9261.99,3183.59,1,115941.73,172750.62,120545.05,0.5124,12,0.4315,1,3
MFI_KE_001340,31,M,Machakos,2,1,4,7848.84,5735.99,189.42,0,0.0,0.0,0.0,1.0,42,0.4168,0,5
MFI_KE_001341,26,F,Uasin Gishu,6,32,56,4628.0,3244.76,1528.89,10,3728.95,6870.15,43678.19,0.8731,0,0.651,0,1
MFI_KE_001342,46,M,Kisii,12,7,5,91462.87,91766.31,1231.45,1,77706.31,152509.83,87063.17,0.735,4,0.4875,1,3
MFI_KE_001343,32,M,Machakos,2,39,62,12682.26,12570.54,727.55,13,2153.3,2365.93,26982.82,0.7784,0,0.704,0,1
MFI_KE_001344,37,F,Kilifi,2,2,4,1866.16,1758.87,1950.03,0,0.0,0.0,0.0,1.0,71,0.8453,0,5
MFI_KE_001345,42,M,Machakos,29,18,19,153430.77,141518.06,41493.36,4,39784.02,50746.31,143147.1,0.984,3,0.7928,0,2
MFI_KE_001346,19,M,Laikipia,10,1,2,930.38,722.85,325.51,2,1887.21,3022.99,3785.68,0.785,99,0.6372,0,5
MFI_KE_001347,34,F,Homa Bay,2,8,6,152579.77,141346.41,5042.33,2,33675.2,53296.55,62515.2,0.4475,3,0.4039,0,3
MFI_KE_001348,37,F,Machakos,3,1,3,5857.55,5003.04,2506.99,0,0.0,0.0,0.0,1.0,70,0.8135,0,5
MFI_KE_001349,25,F,Embu,30,30,20,56609.95,39999.43,25529.72,6,29724.21,53789.82,151795.93,0.9883,26,0.8044,0,2
MFI_KE_001350,30,F,Bungoma,28,8,6,81130.1,61292.27,4625.5,5,56514.65,85145.85,294716.78,0.527,6,0.4056,1,3
MFI_KE_001351,26,F,Uasin Gishu,6,31,51,5596.56,5352.97,1062.32,8,3469.0,3757.43,24643.76,0.5527,3,0.9597,0,1
MFI_KE_001352,29,F,Mombasa,6,38,49,11278.67,8539.7,1825.31,9,1125.0,2216.99,11105.04,0.6868,6,0.6691,0,1
MFI_KE_001353,29,F,Kisumu,53,39,53,14470.4,14588.5,5588.9,11,1669.38,3310.96,17356.15,0.7451,1,0.9827,0,1
MFI_KE_001354,32,M,Kakamega,58,38,49,34494.2,29218.51,1601.71,4,2320.52,2436.84,10361.78,0.8038,2,0.8719,0,1
MFI_KE_001355,52,F,Homa Bay,3,3,6,20256.58,18322.95,946.3,0,0.0,0.0,0.0,1.0,72,0.6827,0,5
MFI_KE_001356,44,M,Nairobi,18,18,23,190117.42,195582.23,18663.03,1,60559.22,76883.69,72523.53,0.9782,2,0.7569,1,2
MFI_KE_001357,30,M,Embu,7,23,22,57010.34,49843.37,5124.25,1,39929.74,43493.1,33044.79,0.9893,3,0.5012,0,2
MFI_KE_001358,31,M,Uasin Gishu,24,31,53,8090.0,7944.16,3290.17,3,2382.2,3814.38,6425.64,0.4955,7,0.9624,0,1
MFI_KE_001359,34,M,Kisii,12,15,3,17928.04,12727.74,1689.83,0,0.0,0.0,0.0,0.5489,3,0.4069,0,3
MFI_KE_001360,57,M,Nakuru,18,26,22,37399.52,32556.97,31465.51,4,42725.82,59462.24,176872.46,0.9635,11,0.7359,0,2
MFI_KE_001361,28,M,Murang'a,2,26,20,77318.69,57223.78,7708.02,1,18159.86,31153.4,16092.27,0.9711,32,0.3963,0,2
MFI_KE_001362,23,M,Mombasa,35,31,70,2224.04,1632.81,1034.14,12,1528.72,2878.45,16834.39,0.8725,1,0.7665,0,1
MFI_KE_001363,37,F,Nairobi,13,83,75,179324.41,133577.64,15751.07,5,124529.0,229444.01,713035.5,0.79,0,0.7148,1,4
MFI_KE_001364,36,M,Garissa,46,27,19,193854.56,155965.38,11502.3,2,24602.81,25453.67,43662.65,0.9343,5,0.7471,0,2
MFI_KE_001365,18,F,Kisumu,104,36,46,16697.08,16520.41,762.01,7,2279.57,2453.27,16044.06,0.727,1,0.7914,0,1
MFI_KE_001366,32,M,Kiambu,12,44,47,9276.58,7132.01,15118.31,9,1940.95,2905.91,18437.05,0.684,5,0.9594,0,1
MFI_KE_001367,23,F,Nairobi,2,47,52,39300.36,32334.33,5359.43,3,756.54,1089.35,2147.81,0.6804,10,0.9046,0,1
MFI_KE_001368,28,F,Bomet,19,48,47,10524.37,10928.35,5511.1,8,1233.91,1414.13,8753.71,0.7409,4,0.9083,0,1
MFI_KE_001369,22,M,Mombasa,57,26,56,7695.13,5576.84,1582.79,9,1321.32,1983.04,10103.94,0.9117,3,0.6209,0,1
MFI_KE_001370,37,M,Nairobi,8,27,16,134885.05,141174.86,11695.7,1,42218.26,47856.45,37055.88,0.9839,9,0.8545,0,2
MFI_KE_001371,29,M,Trans Nzoia,4,30,20,58556.14,52992.2,27707.51,5,18194.6,24060.43,94111.59,0.9438,2,0.7343,1,2
MFI_KE_001372,18,F,Nakuru,13,44,41,23335.35,16895.32,380.98,8,4312.96,6261.31,28829.86,0.6282,0,0.9649,1,1
MFI_KE_001373,54,M,Garissa,28,7,1,38750.45,31658.06,2008.09,1,72101.86,114552.84,66998.55,0.9009,1,0.3371,1,3
MFI_KE_001374,26,M,Mombasa,30,52,44,16420.33,15315.75,2794.42,6,1030.15,1389.96,6403.57,0.6952,2,0.8908,1,1
MFI_KE_001375,21,F,Kisumu,29,38,32,14626.62,13703.54,5729.3,7,2679.27,2918.4,21206.89,0.5456,3,0.9422,0,1
MFI_KE_001376,39,F,Meru,4,14,20,318247.16,314652.55,29720.12,1,51131.42,95679.42,54660.08,0.8848,53,0.8783,0,2
MFI_KE_001377,41,F,Nakuru,17,17,26,64498.64,49526.52,12530.86,1,24594.16,48126.92,27096.64,0.8277,4,0.7021,1,2
MFI_KE_001378,45,F,Migori,14,65,74,380789.05,297209.95,33166.71,7,312322.79,617584.88,2126178.65,0.974,0,0.5526,1,4
MFI_KE_001379,35,M,Murang'a,8,15,22,84114.91,73744.83,9247.82,4,51858.59,85411.45,177074.0,0.9838,20,0.4928,1,2
MFI_KE_001380,25,F,Mombasa,11,35,49,26531.83,25702.49,4587.19,10,2684.48,3873.36,29543.36,0.8372,4,0.8804,0,1
MFI_KE_001381,47,F,Mombasa,40,98,78,266983.75,190925.25,61534.24,5,138614.92,230961.37,684248.69,0.938,1,0.5106,1,4
MFI_KE_001382,50,F,Murang'a,10,27,18,118339.68,103637.74,34813.64,6,20611.74,32149.18,118725.7,0.988,3,0.8595,0,2
MFI_KE_001383,26,F,Kiambu,28,35,58,12441.55,11532.46,625.92,14,1006.07,1895.06,12736.1,0.7962,0,0.8129,0,1
MFI_KE_001384,23,M,Bomet,32,7,3,29904.18,21164.76,16375.46,2,48891.95,53875.39,114846.68,0.7136,1,0.4965,0,3
MFI_KE_001385,45,F,Bungoma,13,11,4,186635.67,175997.84,20302.2,1,64252.17,103743.51,58379.0,0.7529,2,0.8081,1,3
MFI_KE_001386,20,M,Mombasa,1,1,1,15083.1,13738.38,520.87,0,0.0,0.0,0.0,1.0,49,0.6031,0,5
MFI_KE_001387,30,F,Murang'a,23,26,16,41285.27,36151.54,15806.78,1,32551.55,37577.53,32995.29,0.9332,2,0.9571,0,2
MFI_KE_001388,22,M,Nakuru,24,25,22,95605.98,77618.51,11058.19,3,45685.56,48143.67,110079.76,0.9624,4,0.6117,0,2
MFI_KE_001389,23,F,Nairobi,30,39,50,37545.65,32699.54,3082.1,9,1458.73,2755.26,11781.77,0.5811,6,0.85,0,1
MFI_KE_001390,31,F,Kisumu,13,47,54,18094.21,14490.43,747.04,10,1586.15,1945.05,15956.69,0.8531,3,0.9563,0,1
MFI_KE_001391,32,F,Embu,4,6,10,74033.83,74445.47,6004.84,4,75497.93,108817.58,282360.01,0.6144,2,0.3009,1,3
MFI_KE_001392,41,F,Bungoma,3,80,80,90034.18,89409.76,18901.8,5,132094.54,220632.62,767525.74,0.9191,2,0.6547,0,4
MFI_KE_001393,34,F,Uasin Gishu,4,2,1,6041.07,5673.04,1110.96,1,2611.78,4321.02,2875.39,0.7125,18,0.5128,0,5
MFI_KE_001394,53,M,Kiambu,13,76,64,562685.25,562403.38,25989.18,10,83572.83,123646.46,889663.05,0.7894,0,0.4441,0,4
MFI_KE_001395,37,M,Kisii,13,25,17,46888.8,43522.69,8601.85,2,98280.94,106607.38,229519.15,0.9977,5,0.5868,1,2
MFI_KE_001396,47,M,Homa Bay,40,7,7,22973.9,19714.58,16797.73,2,112266.24,138125.04,220551.03,0.6644,3,0.4924,0,3
MFI_KE_001397,48,M,Garissa,54,25,16,62070.74,54536.92,15322.42,2,62824.66,103806.89,143651.32,0.968,3,0.8781,0,2
MFI_KE_001398,22,F,Embu,19,34,47,38548.07,39621.84,2310.74,10,1948.39,2484.79,23048.64,0.7574,10,0.9163,1,1
MFI_KE_001399,23,F,Nakuru,38,45,42,4108.55,3202.02,1793.1,7,2284.57,4507.1,16524.02,0.5205,5,0.9722,1,1
MFI_KE_001400,30,F,Embu,32,4,8,19438.95,15780.85,44371.21,1,24977.31,31264.45,22711.77,0.6373,17,0.2749,0,3
MFI_KE_001401,28,M,Mombasa,10,34,46,22100.1,19658.46,459.13,5,1443.34,1562.59,6299.13,0.3019,1,0.9603,0,1
MFI_KE_001402,57,F,Trans Nzoia,18,7,7,127557.28,120636.26,9952.86,2,81826.24,134538.08,192115.04,0.6933,1,0.114,1,3
MFI_KE_001403,44,F,Machakos,14,21,21,24888.84,25339.65,18253.37,2,19612.52,36285.01,34524.54,0.9847,36,0.5706,1,2
MFI_KE_001404,27,F,Nakuru,40,40,55,3835.33,3684.89,2182.15,7,5223.76,9501.52,38866.51,0.7158,1,0.7242,0,1
MFI_KE_001405,22,M,Kakamega,21,31,45,9572.23,9323.66,637.44,5,1693.94,2222.35,9818.53,0.7927,10,0.7975,1,1
MFI_KE_001406,26,F,Kitui,6,41,51,18621.72,14466.48,1225.31,9,1639.27,1649.37,16653.69,0.6077,9,0.8364,0,1
MFI_KE_001407,48,F,Laikipia,16,26,15,45598.23,43028.05,5092.02,2,51597.36,82144.82,107987.95,0.9265,5,0.5401,1,2
MFI_KE_001408,40,F,Turkana,2,3,7,11664.58,10973.17,620.55,0,0.0,0.0,0.0,1.0,35,0.689,0,5
MFI_KE_001409,25,M,Kisumu,4,38,51,12881.23,11394.8,2713.03,8,743.38,964.73,6925.97,0.7022,0,0.9076,1,1
MFI_KE_001410,59,M,Trans Nzoia,3,9,3,24211.26,20588.18,4267.22,1,72613.99,77198.89,77448.83,0.8538,2,0.5046,1,3
MFI_KE_001411,24,M,Nairobi,4,51,47,9876.35,7487.72,1317.6,7,4042.16,8020.19,25572.77,0.6189,3,0.8932,0,1
MFI_KE_001412,28,F,Turkana,3,7,3,131282.48,133268.89,4500.5,0,0.0,0.0,0.0,0.7557,1,0.5194,0,3
MFI_KE_001413,49,M,Kericho,14,89,68,405896.68,318064.04,16205.68,8,52913.87,91221.14,365058.33,0.7877,2,0.4791,0,4
MFI_KE_001414,40,M,Trans Nzoia,16,11,4,30290.17,29097.39,7960.8,2,48021.46,82443.11,94690.82,0.8605,19,0.483,1,3
MFI_KE_001415,23,M,Kisumu,46,43,53,7409.25,5421.7,15173.93,8,2166.92,3428.94,14232.27,0.5674,1,0.88,0,1
MFI_KE_001416,49,F,Nyeri,13,31,17,91377.14,66777.38,11676.87,3,37127.88,66419.98,95536.44,0.7988,1,0.5492,0,2
MFI_KE_001417,27,M,Mombasa,34,26,19,85180.59,77905.38,4009.85,1,56125.9,66902.04,62782.93,0.9593,2,0.5798,0,2
MFI_KE_001418,36,F,Kisumu,16,24,20,193107.79,202736.87,37812.82,2,60319.61,116086.05,116019.27,0.9322,15,0.7152,0,2
MFI_KE_001419,26,F,Kiambu,29,86,66,601704.69,620661.42,19920.94,7,162942.46,277693.75,940456.46,0.9205,0,0.5793,1,4
MFI_KE_001420,19,M,Mombasa,7,46,38,10546.25,9655.47,1768.37,6,801.33,1096.97,4591.65,0.6992,1,0.932,0,1
MFI_KE_001421,23,F,Nakuru,10,43,42,15070.57,14244.79,664.28,10,3221.81,4522.38,36218.42,0.5421,1,0.9659,0,1
MFI_KE_001422,43,M,Kilifi,2,2,3,7265.31,6857.27,1123.62,0,0.0,0.0,0.0,1.0,70,0.6182,0,5
MFI_KE_001423,46,F,Kisii,6,0,3,1863.77,1326.77,577.74,0,0.0,0.0,0.0,1.0,13,0.4009,1,5
MFI_KE_001424,29,F,Garissa,1,2,3,9611.94,9663.05,1489.7,1,1483.77,2555.38,1502.52,0.2674,66,0.5092,0,5
MFI_KE_001425,35,F,Homa Bay,4,2,7,1871.19,1636.58,940.43,0,0.0,0.0,0.0,1.0,123,0.8063,0,5
MFI_KE_001426,33,F,Nairobi,24,36,38,18650.37,19075.79,1227.57,8,1417.38,1689.48,9659.83,0.8207,9,0.8559,0,1
MFI_KE_001427,34,F,Turkana,15,30,14,47913.84,46000.31,6573.65,6,24748.64,48226.13,124704.89,0.9419,21,0.5106,0,2
MFI_KE_001428,28,F,Kiambu,9,45,46,8068.63,8111.06,4073.3,4,2955.47,5699.74,10443.17,0.742,0,0.9358,0,1
MFI_KE_001429,28,M,Nairobi,7,33,42,2998.3,2731.63,4404.64,9,1271.46,2440.0,12346.72,0.6005,0,0.9057,0,1
MFI_KE_001430,35,F,Nyeri,34,21,17,64659.74,60354.98,4330.42,4,49264.66,97895.24,205549.02,0.8771,10,0.7637,0,2
MFI_KE_001431,34,M,Nairobi,3,39,57,37872.44,26571.03,4958.46,9,2515.68,3980.6,22522.82,0.8673,0,0.876,0,1
MFI_KE_001432,34,M,Uasin Gishu,17,28,51,3185.24,2791.28,1398.32,10,1755.43,3493.07,14186.06,0.4458,15,0.8142,0,1
MFI_KE_001433,35,F,Kiambu,4,37,50,5774.12,5678.4,1434.15,8,2510.77,3772.98,17977.76,0.6804,0,0.7981,0,1
MFI_KE_001434,36,F,Machakos,20,20,21,141196.41,136149.33,10363.97,6,22960.17,38371.62,140977.55,0.9884,1,0.3659,0,2
MFI_KE_001435,24,M,Kisumu,22,40,46,9829.42,9208.16,5152.79,8,1072.67,1439.23,10236.97,0.6367,0,0.9954,1,1
MFI_KE_001436,35,F,Mombasa,6,2,0,938.35,710.72,860.21,0,0.0,0.0,0.0,1.0,21,0.5772,0,5
MFI_KE_001437,25,F,Mombasa,37,26,17,96551.01,70456.89,35205.75,3,54352.93,67944.89,159057.26,0.9374,4,0.402,1,2
MFI_KE_001438,53,F,Kitui,13,77,72,294807.37,306622.21,95084.95,2,212436.91,381848.7,366428.21,0.7756,0,0.7708,0,4
MFI_KE_001439,44,F,Kilifi,3,2,2,15318.72,13546.48,2165.43,1,2279.52,2857.53,2565.04,0.5163,71,0.8084,1,5
MFI_KE_001440,31,F,Uasin Gishu,6,45,49,5196.24,4911.52,1201.84,7,3367.16,3660.14,20310.28,0.4599,8,0.8584,0,1
MFI_KE_001441,57,M,Uasin Gishu,3,81,78,218578.96,181434.24,59746.95,5,295163.62,435897.51,1621048.87,0.9803,1,0.4694,1,4
MFI_KE_001442,46,F,Laikipia,1,3,0,1641.42,1684.33,981.33,0,0.0,0.0,0.0,1.0,78,0.6684,0,5
MFI_KE_001443,35,F,Kilifi,14,90,67,413655.15,356197.97,13170.79,1,210318.79,384921.02,194349.64,0.9315,3,0.5545,1,4
MFI_KE_001444,26,F,Kisumu,26,43,49,4972.35,3832.41,619.6,6,3953.84,4812.77,22932.04,0.9199,1,0.9037,0,1
MFI_KE_001445,39,F,Bungoma,35,9,9,8564.8,8087.99,1063.99,2,98610.18,141807.81,232071.55,0.7122,2,0.3798,1,3
MFI_KE_001446,56,F,Machakos,1,0,4,1309.29,1349.92,413.76,0,0.0,0.0,0.0,1.0,18,0.7896,0,5
MFI_KE_001447,35,F,Kilifi,13,2,4,12700.51,10828.07,382.29,0,0.0,0.0,0.0,1.0,30,0.4852,0,5
MFI_KE_001448,36,M,Murang'a,33,8,6,38456.41,34896.11,4545.85,1,44137.69,72814.91,42459.93,0.9696,11,0.3966,0,3
MFI_KE_001449,47,F,Kilifi,20,73,71,731363.53,520427.36,53921.43,4,285320.37,408593.4,1134130.16,0.959,2,0.3059,0,4
MFI_KE_001450,26,F,Bomet,23,37,53,5143.04,4749.5,247.8,9,3513.5,6188.94,28752.56,0.5097,5,0.4418,0,1
MFI_KE_001451,44,M,Kilifi,9,29,22,77698.11,81260.48,5459.56,5,35866.51,61629.05,209630.76,0.9622,7,0.7416,0,2
MFI_KE_001452,21,M,Kiambu,2,40,37,11423.92,11627.73,1037.73,11,3338.13,3835.24,41814.85,0.8687,1,0.872,0,1
MFI_KE_001453,40,F,Trans Nzoia,8,22,24,48888.9,37818.33,18529.57,3,40277.69,70779.69,122925.55,0.9495,5,0.7361,1,2
MFI_KE_001454,34,M,Machakos,32,49,45,8803.68,7741.39,7817.43,5,1464.75,2272.71,6340.46,0.6383,0,0.9047,0,1
MFI_KE_001455,52,M,Kitui,10,6,2,162498.3,166462.89,30674.42,2,61816.1,105565.01,115637.34,0.7025,11,0.6265,0,3
MFI_KE_001456,25,M,Migori,5,2,4,1027.06,939.9,201.51,0,0.0,0.0,0.0,1.0,107,0.38,0,5
MFI_KE_001457,26,F,Homa Bay,10,31,20,213642.97,151342.68,45867.19,4,31638.85,60110.29,148562.34,0.9873,15,0.6342,0,2
MFI_KE_001458,37,F,Turkana,14,6,5,11562.2,8934.21,12205.91,2,50242.18,71930.55,109287.84,0.881,4,0.5933,1,3
MFI_KE_001459,25,F,Kitui,29,47,50,4402.42,4425.15,846.3,5,1723.62,2370.19,9992.2,0.7937,1,0.9435,0,1
MFI_KE_001460,42,F,Bungoma,20,77,67,612608.32,436491.75,119508.11,5,162333.07,268521.33,864204.34,0.8948,2,0.4365,0,4
MFI_KE_001461,25,F,Bomet,1,4,4,4201.01,4269.04,411.57,0,0.0,0.0,0.0,1.0,22,0.5012,1,5
MFI_KE_001462,34,F,Murang'a,67,30,19,131498.18,104538.8,1029.95,2,35066.84,48058.45,62020.5,0.9582,20,0.8933,1,2
MFI_KE_001463,23,F,Kisumu,14,39,46,8087.62,6119.62,6671.78,9,3641.84,6376.0,36731.81,0.7444,11,0.7225,0,1
MFI_KE_001464,62,M,Bungoma,19,10,9,20864.94,17223.66,2590.76,3,73961.56,113500.83,256852.85,0.7868,8,0.5488,1,3
MFI_KE_001465,37,F,Nyeri,3,10,5,28500.43,28951.1,49196.35,6,99170.66,119984.59,588593.4,0.7062,7,0.7556,1,3
MFI_KE_001466,49,M,Turkana,23,3,4,37066.79,31787.95,2052.52,0,0.0,0.0,0.0,0.8716,13,0.5307,1,3
MFI_KE_001467,33,F,Nyeri,35,8,9,62604.07,64390.03,12850.56,1,32742.2,62650.56,33220.79,0.8383,10,0.423,1,3
MFI_KE_001468,29,F,Garissa,20,21,19,58805.11,42816.7,14266.31,3,54891.42,100751.52,173167.36,0.7599,6,0.9538,0,2
MFI_KE_001469,30,F,Trans Nzoia,1,3,1,5235.78,4962.46,595.84,0,0.0,0.0,0.0,1.0,89,0.6711,0,5
MFI_KE_001470,58,M,Embu,3,7,2,256056.27,200470.46,21428.84,4,61702.47,113293.09,296153.24,0.8739,13,0.1391,0,3
MFI_KE_001471,35,F,Kisumu,10,3,4,1124.46,941.73,3631.64,0,0.0,0.0,0.0,1.0,42,0.8929,0,5
MFI_KE_001472,37,F,Nakuru,13,33,46,3825.12,3359.06,787.6,6,1290.97,1713.22,8052.95,0.7157,0,0.9551,0,1
MFI_KE_001473,25,M,Nairobi,13,35,49,20512.77,20511.01,378.66,6,1121.2,1509.24,5409.51,0.7004,0,0.976,0,1
MFI_KE_001474,21,F,Nakuru,11,33,42,24102.2,23466.38,2024.79,12,1371.17,2011.01,16306.17,0.734,1,0.9206,0,1
MFI_KE_001475,29,F,Bomet,25,45,53,26129.0,23890.24,2039.47,5,1219.14,2062.12,6231.69,0.7825,0,0.7964,0,1
MFI_KE_001476,45,M,Kisii,7,74,72,119116.45,107057.31,73716.84,4,71100.33,114537.22,244488.27,0.8771,0,0.7006,1,4
MFI_KE_001477,44,F,Laikipia,23,7,6,222350.08,230501.85,2995.12,2,70059.15,109598.29,159332.97,0.8997,5,0.5475,1,3
MFI_KE_001478,26,M,Bungoma,4,39,52,14663.98,13706.94,1311.11,11,1882.62,2161.75,19339.07,0.4744,1,0.8937,0,1
MFI_KE_001479,32,F,Migori,13,49,50,13172.98,12662.2,332.17,8,1043.24,1886.18,8030.31,0.7004,4,0.8057,0,1
MFI_KE_001480,31,F,Kakamega,4,3,3,727.59,661.72,583.56,1,1903.67,2532.5,1784.24,0.9595,33,0.7016,0,5
MFI_KE_001481,18,F,Bomet,10,1,3,4130.87,3842.37,415.76,0,0.0,0.0,0.0,1.0,98,0.5248,0,5
MFI_KE_001482,42,M,Kisumu,3,86,73,460811.01,342086.94,55133.93,7,135619.31,219182.62,1004167.8,0.8386,2,0.7036,0,4
MFI_KE_001483,21,M,Mombasa,10,31,64,33518.67,28920.77,1943.78,5,6007.73,10660.24,26710.19,0.2502,5,0.9093,0,1
MFI_KE_001484,40,F,Kilifi,12,3,2,5598.89,5209.06,423.77,0,0.0,0.0,0.0,1.0,133,0.5707,0,5
MFI_KE_001485,63,M,Meru,18,9,5,129211.1,94913.38,8644.19,2,62186.02,69437.73,120219.26,0.8817,2,0.1688,1,3
MFI_KE_001486,30,M,Kisii,2,82,67,622908.15,522733.66,45564.67,5,223570.25,284676.54,1169129.75,0.886,2,0.6448,0,4
MFI_KE_001487,44,F,Migori,4,2,2,849.73,821.84,2250.96,0,0.0,0.0,0.0,1.0,69,0.6724,0,5
MFI_KE_001488,18,M,Kisumu,3,1,2,1940.58,1515.14,163.45,0,0.0,0.0,0.0,1.0,40,0.5443,0,5
MFI_KE_001489,49,F,Meru,18,75,64,299742.8,211179.79,43040.53,5,119833.99,234275.71,542150.42,0.9293,1,0.5275,1,4
MFI_KE_001490,47,F,Kilifi,13,20,22,212133.66,164545.4,7121.7,2,47033.08,83100.56,105394.94,0.9897,2,0.5029,0,2
MFI_KE_001491,32,F,Kakamega,19,23,23,68345.99,61540.2,16048.78,4,45098.15,71195.34,208219.25,0.9367,21,0.2008,0,2
MFI_KE_001492,29,F,Kisii,25,25,25,164916.49,145865.6,17081.42,2,30954.74,53951.52,51134.2,0.9913,7,0.6062,0,2
MFI_KE_001493,48,M,Murang'a,13,7,11,117880.58,83493.87,3673.12,1,103547.5,170397.24,109301.32,0.4313,13,0.3952,0,3
MFI_KE_001494,44,M,Homa Bay,8,70,76,304376.75,301371.33,22592.57,2,124075.15,243407.76,204560.35,0.7537,0,0.3261,0,4
MFI_KE_001495,26,F,Uasin Gishu,5,44,56,9158.13,7087.32,850.48,5,2648.73,3519.49,15880.05,0.6267,5,0.7097,0,1
MFI_KE_001496,57,F,Migori,62,7,12,51225.47,42054.69,1984.21,1,188132.43,338479.21,215613.72,0.9879,22,0.2887,1,3
MFI_KE_001497,35,F,Murang'a,15,92,66,505743.31,416600.25,229323.6,4,95290.37,98281.31,442691.35,0.8006,0,0.6949,1,4
MFI_KE_001498,36,F,Kisumu,7,22,16,235937.24,211933.61,8718.68,1,18999.0,28191.43,20846.16,0.9228,64,0.6926,1,2
MFI_KE_001499,32,M,Meru,7,15,15,34279.8,27782.14,11936.78,7,22041.8,33630.75,132876.25,0.8892,8,0.4719,0,2
MFI_KE_001500,45,M,Embu,51,21,21,37351.61,29541.13,7014.51,2,36486.44,63112.68,73557.53,0.8841,2,0.4214,0,2
MFI_KE_001501,52,F,Murang'a,19,19,18,49947.97,36560.49,24155.11,2,32100.14,57298.13,62901.11,0.9703,43,0.6152,0,2
MFI_KE_001502,40,M,Meru,2,0,2,2263.85,2135.89,3579.81,0,0.0,0.0,0.0,1.0,10,0.6617,0,5
MFI_KE_001503,24,M,Turkana,4,39,51,17598.75,14286.97,12983.81,5,1111.63,1993.5,4796.68,0.7351,11,0.6726,0,1
MFI_KE_001504,37,F,Nairobi,13,70,78,139211.89,107423.29,396562.1,3,229385.0,378359.83,716167.19,0.9059,0,0.6835,1,4
MFI_KE_001505,36,M,Bomet,1,2,1,3508.53,3683.49,506.01,0,0.0,0.0,0.0,1.0,48,0.4005,0,5
MFI_KE_001506,38,M,Uasin Gishu,17,30,48,4152.34,4356.24,5799.95,7,3628.48,4732.74,23799.43,0.6297,0,0.9899,1,1
MFI_KE_001507,24,M,Kisumu,2,41,49,20525.81,18347.15,1235.12,8,1731.34,1885.31,13751.68,0.9502,1,0.9426,1,1
MFI_KE_001508,67,M,Bungoma,2,5,8,134093.13,123451.89,2519.82,2,68219.43,97365.28,153950.14,0.6951,2,0.4499,1,3
MFI_KE_001509,33,M,Turkana,26,33,45,7303.72,6043.82,1243.91,8,1881.75,3580.8,17805.78,0.9637,5,0.8832,1,1
MFI_KE_001510,34,M,Embu,64,8,13,32710.01,23340.71,2049.75,3,31806.61,47688.01,84157.09,0.397,11,0.5638,1,3
MFI_KE_001511,31,M,Embu,5,7,5,49669.98,37780.29,9874.51,1,26443.28,39764.88,31216.91,0.8164,6,0.1968,1,3
MFI_KE_001512,22,M,Nakuru,17,44,48,24380.28,23026.0,609.94,11,707.28,1382.99,6404.99,0.8221,4,0.829,0,1
MFI_KE_001513,55,M,Kitui,3,8,6,75123.34,61035.46,619.95,2,73791.28,112029.35,129097.9,0.9333,23,0.8969,1,3
MFI_KE_001514,26,F,Uasin Gishu,20,46,36,15908.56,16106.91,337.22,14,2830.2,4803.35,35373.51,0.6963,0,0.8867,0,1
MFI_KE_001515,40,F,Bungoma,3,74,62,79529.51,65891.53,244576.0,5,200155.16,220178.17,947308.67,0.6701,0,0.6537,1,4
MFI_KE_001516,18,M,Machakos,2,2,1,4184.74,3209.42,697.23,0,0.0,0.0,0.0,1.0,49,0.8574,0,5
MFI_KE_001517,44,M,Machakos,16,25,15,33822.4,34152.56,18610.89,1,34609.62,62115.76,35156.21,0.9755,1,0.4189,1,2
MFI_KE_001518,39,F,Garissa,3,1,5,190.06,153.83,461.6,1,1709.39,2162.71,1946.83,0.4326,26,0.9072,0,5
MFI_KE_001519,32,F,Kisii,38,22,20,40568.22,30155.76,11035.88,2,34392.81,57522.04,65701.92,0.973,18,0.6539,1,2
MFI_KE_001520,45,F,Machakos,3,77,75,1189945.63,932996.66,111209.37,4,45853.36,51707.85,202004.32,0.9019,1,0.6343,1,4
MFI_KE_001521,27,F,Murang'a,1,0,3,4406.12,4031.46,2038.08,1,1723.07,1901.88,1636.59,0.5023,122,0.7456,0,5
MFI_KE_001522,26,F,Garissa,1,2,5,3041.2,3124.49,2280.96,0,0.0,0.0,0.0,1.0,83,0.3933,0,5
MFI_KE_001523,29,F,Bungoma,21,18,21,100943.36,94715.65,18916.15,3,43353.95,52632.83,112801.83,0.9989,4,0.4984,0,2
MFI_KE_001524,35,F,Nairobi,4,28,53,24430.43,25045.37,2028.43,10,1774.24,1957.66,14540.1,0.8013,2,0.9281,0,1
MFI_KE_001525,35,F,Embu,3,26,26,107943.77,110839.42,28930.06,3,42599.05,52645.45,144129.34,0.9639,3,0.5374,0,2
MFI_KE_001526,22,F,Kisumu,28,44,42,6450.46,4546.98,728.97,8,607.33,884.35,4878.12,0.8291,0,0.9925,0,1
MFI_KE_001527,67,F,Bungoma,20,10,4,141305.37,134922.45,3773.86,7,41819.86,55603.34,330607.55,0.6905,2,0.4489,1,3
MFI_KE_001528,21,F,Nakuru,15,49,49,21776.44,18800.06,4289.89,9,1047.94,2036.25,10294.97,0.8714,0,0.9466,0,1
MFI_KE_001529,33,M,Uasin Gishu,19,48,49,37085.15,35435.13,1149.71,6,1345.65,2212.36,8977.82,0.637,0,0.8039,0,1
MFI_KE_001530,37,F,Bungoma,4,1,2,5477.88,4515.5,345.35,0,0.0,0.0,0.0,1.0,72,0.7201,0,5
MFI_KE_001531,52,M,Uasin Gishu,27,86,70,350389.63,282051.1,44905.63,8,169998.08,281933.03,1383484.45,0.8899,7,0.2534,0,4
MFI_KE_001532,28,M,Kakamega,39,6,7,173265.81,168356.49,2941.82,2,106456.7,190510.69,211280.42,0.5524,5,0.2991,0,3
MFI_KE_001533,32,F,Uasin Gishu,52,40,37,6463.5,4581.13,4081.78,10,1267.02,1274.44,13098.05,0.5807,3,0.928,0,1
MFI_KE_001534,32,F,Homa Bay,34,25,18,142593.2,100942.61,15260.92,7,37981.59,53910.82,251775.97,0.9162,1,0.3566,0,2
MFI_KE_001535,28,M,Kisumu,66,44,52,9432.72,9726.69,1428.26,5,955.93,1723.97,4085.16,0.2369,0,0.9711,0,1
MFI_KE_001536,37,M,Kiambu,26,29,21,112113.78,117244.78,3144.57,5,35184.11,36654.25,158528.02,0.9525,1,0.7614,0,2
MFI_KE_001537,30,M,Kitui,53,20,25,48644.33,34426.02,8168.78,2,23632.06,46856.38,40955.13,0.9907,37,0.9209,0,2
MFI_KE_001538,26,M,Kakamega,6,82,76,297750.22,292342.55,24684.31,5,256225.61,336876.66,1435682.46,0.821,0,0.6,0,4
MFI_KE_001539,27,M,Kiambu,6,39,54,21893.9,18786.23,1622.76,5,2130.8,3169.62,11817.36,0.9069,3,0.759,0,1
MFI_KE_001540,33,F,Kakamega,2,24,19,48433.0,38792.97,50561.04,1,39071.92,45225.27,40741.69,0.8803,25,0.4723,0,2
MFI_KE_001541,33,M,Mombasa,3,0,1,2122.58,1733.17,1020.35,1,1216.58,1669.41,1221.0,0.2317,57,0.7537,0,5
MFI_KE_001542,24,M,Kakamega,1,2,1,655.63,557.14,1049.06,0,0.0,0.0,0.0,1.0,11,0.7637,0,5
MFI_KE_001543,36,F,Nyeri,68,19,24,59962.13,55746.96,6124.14,2,20299.48,26468.3,48118.39,0.9883,1,0.5734,0,2
MFI_KE_001544,45,F,Kakamega,63,24,24,75168.35,66475.76,10544.17,4,39525.7,64962.56,140988.55,0.9284,11,0.4574,1,2
MFI_KE_001545,57,M,Turkana,8,5,7,22318.62,18354.54,8413.97,5,43086.84,77281.4,181975.25,0.7258,6,0.2178,1,3
MFI_KE_001546,27,F,Embu,12,7,9,21744.96,19578.73,2590.36,3,66190.76,82291.14,234043.77,0.5797,6,0.2648,1,3
MFI_KE_001547,47,F,Kitui,17,2,4,84045.28,82074.42,813.17,3,88386.24,104480.71,299117.11,0.5269,2,0.527,1,3
MFI_KE_001548,35,F,Turkana,24,6,5,55951.86,47686.09,41235.3,0,0.0,0.0,0.0,0.8125,6,0.3897,1,3
MFI_KE_001549,22,F,Embu,9,37,46,8648.16,6618.96,496.93,8,1600.25,2890.44,10948.08,0.6361,7,0.8987,0,1
MFI_KE_001550,40,F,Murang'a,12,2,2,8849.23,9177.13,411.44,1,1807.32,1964.66,2087.74,0.1627,72,0.3914,0,5
MFI_KE_001551,40,F,Turkana,19,19,8,60469.53,53237.25,2804.03,2,47543.12,92787.09,83053.95,0.8442,2,0.5469,1,3
MFI_KE_001552,34,F,Nairobi,2,37,46,50837.39,42907.45,630.41,6,3859.83,5521.78,19625.97,0.7278,4,0.9496,0,1
MFI_KE_001553,32,F,Kisumu,14,44,46,5779.94,4800.19,3117.17,10,1657.11,1707.03,13986.43,0.3214,0,0.8812,0,1
MFI_KE_001554,21,F,Uasin Gishu,12,35,48,21738.34,15828.31,1554.77,11,1563.3,1892.51,15289.95,0.5496,2,0.9476,0,1
MFI_KE_001555,37,F,Bomet,26,7,5,61911.88,44158.98,1891.61,2,40758.02,62085.3,86615.38,0.8655,1,0.5321,0,3
MFI_KE_001556,27,M,Kiambu,7,45,50,15180.02,14351.77,6589.22,7,2149.98,3729.88,14985.05,0.6782,4,0.6291,1,1
MFI_KE_001557,23,M,Nakuru,16,45,54,20575.9,17565.46,1341.98,17,2882.47,4420.71,49096.53,0.6447,4,0.911,0,1
MFI_KE_001558,47,M,Trans Nzoia,1,3,1,30886.2,29222.71,224.47,1,1985.64,2817.84,1926.63,0.604,91,0.4755,0,5
MFI_KE_001559,59,F,Garissa,31,7,8,44889.22,33875.84,814.15,1,48876.24,74826.97,55600.33,0.8303,34,0.292,0,3
MFI_KE_001560,30,M,Mombasa,4,2,1,4474.18,4662.53,347.31,1,2560.05,2654.56,2629.91,0.2868,72,0.3544,0,5
MFI_KE_001561,56,M,Garissa,9,12,4,55646.9,55147.36,3239.03,2,168861.15,220845.65,305964.96,0.7697,18,0.2426,0,3
MFI_KE_001562,22,M,Homa Bay,9,1,5,4764.79,4344.96,320.58,0,0.0,0.0,0.0,1.0,21,0.7744,0,5
MFI_KE_001563,36,F,Garissa,11,22,18,145331.42,126504.97,22956.17,4,55067.0,88322.57,252550.4,0.8772,9,0.5419,0,2
MFI_KE_001564,24,M,Nairobi,13,41,35,7444.88,7138.27,2566.36,7,2197.07,3249.55,16839.78,0.6648,1,0.9239,0,1
MFI_KE_001565,30,M,Mombasa,10,39,43,33818.91,35377.18,2633.29,7,1137.03,1674.5,8340.8,0.4278,1,0.9339,0,1
MFI_KE_001566,38,F,Murang'a,7,30,21,102388.05,80587.37,10588.14,0,0.0,0.0,0.0,0.9454,15,0.5493,1,2
MFI_KE_001567,26,F,Embu,8,48,52,5517.2,5387.17,655.78,8,1930.71,2122.45,12374.81,0.6859,6,0.8042,0,1
MFI_KE_001568,22,M,Bungoma,35,31,18,44895.81,32197.1,8670.96,2,37979.94,46956.17,89523.48,0.9797,12,0.6292,0,2
MFI_KE_001569,54,F,Garissa,19,70,84,362061.88,358999.85,27326.42,8,57942.76,108527.68,500176.4,0.7918,3,0.1931,1,4
MFI_KE_001570,23,M,Murang'a,6,45,48,3991.57,3003.87,5632.21,12,2673.66,2996.0,26076.99,0.4837,6,0.99,1,1
MFI_KE_001571,27,M,Machakos,33,28,18,96819.76,88615.23,10472.28,1,61987.98,82777.97,73153.48,0.9912,6,0.4627,0,2
MFI_KE_001572,31,F,Turkana,21,39,42,30439.94,23730.84,1592.81,9,1434.81,1977.49,13267.32,0.4429,3,0.639,0,1
MFI_KE_001573,43,M,Garissa,45,8,3,74324.91,59551.82,18654.54,1,101206.68,104250.32,115763.5,0.9554,17,0.5731,1,3
MFI_KE_001574,25,F,Trans Nzoia,65,43,36,3663.76,2672.59,446.73,5,3397.66,5782.59,18149.03,0.4427,0,0.8268,0,1
MFI_KE_001575,26,F,Nairobi,36,51,52,56659.02,47829.41,8532.73,6,2975.58,3185.82,17905.83,0.822,5,0.9017,0,1
MFI_KE_001576,22,F,Machakos,23,5,3,36269.84,31955.83,10099.77,0,0.0,0.0,0.0,0.7711,2,0.3565,1,3
MFI_KE_001577,25,F,Nairobi,7,44,50,24521.15,25028.05,2969.07,7,2734.62,3320.29,15874.32,0.6907,7,0.7261,0,1
MFI_KE_001578,60,M,Garissa,9,68,69,345528.54,286730.89,45139.13,2,236583.58,330212.17,402838.71,0.7801,0,0.3399,0,4
MFI_KE_001579,27,F,Meru,9,3,1,10911.51,7780.08,79.31,0,0.0,0.0,0.0,1.0,103,0.5454,1,5
MFI_KE_001580,27,M,Embu,38,25,21,75347.89,60484.84,4596.82,6,64666.55,68254.78,409508.14,0.8572,13,0.5223,1,2
MFI_KE_001581,32,F,Kericho,14,24,18,141618.44,124996.64,10532.99,0,0.0,0.0,0.0,0.9396,4,0.6525,0,2
MFI_KE_001582,27,F,Kakamega,13,23,16,87192.12,75070.64,9252.21,5,54142.28,98042.61,318965.68,0.9832,2,0.462,0,2
MFI_KE_001583,47,F,Mombasa,11,19,23,61214.88,43139.73,19081.39,3,76859.9,132071.17,187598.41,0.9704,2,0.5771,0,2
MFI_KE_001584,44,F,Garissa,3,90,71,263176.14,216020.97,29945.56,5,229189.55,434763.31,1250766.9,0.6906,0,0.5831,1,4
MFI_KE_001585,43,M,Turkana,23,34,19,55561.85,39821.2,4445.47,4,30846.03,31990.35,104016.83,0.9034,16,0.4416,0,2
MFI_KE_001586,24,M,Kisumu,7,43,49,27678.16,26600.41,4497.35,4,1487.9,2168.72,6636.29,0.3811,1,0.9567,0,1
MFI_KE_001587,50,F,Nakuru,23,27,14,61043.78,47028.56,45942.07,1,54559.72,96498.12,50271.53,0.9969,1,0.7222,0,2
MFI_KE_001588,28,M,Kitui,1,1,1,3987.42,3336.25,321.88,0,0.0,0.0,0.0,1.0,26,0.4355,0,5
MFI_KE_001589,32,M,Laikipia,2,80,84,600669.87,567399.71,47121.63,5,150936.78,251221.0,752628.54,0.9003,2,0.7415,0,4
MFI_KE_001590,36,F,Kiambu,2,34,49,37243.03,38884.58,1827.88,9,2008.85,2967.56,21284.04,0.664,2,0.9853,0,1
MFI_KE_001591,20,M,Kisumu,2,34,46,7761.65,5901.56,1678.67,12,2222.13,4398.91,25732.77,0.7547,2,0.957,0,1
MFI_KE_001592,42,M,Bomet,3,6,6,29333.89,28777.21,4122.31,3,35213.03,53224.63,104628.33,0.9405,4,0.1715,0,3
MFI_KE_001593,47,M,Migori,3,2,6,1568.48,1275.22,325.5,0,0.0,0.0,0.0,1.0,20,0.5937,0,5
MFI_KE_001594,30,M,Nakuru,21,34,48,11809.51,8436.84,7012.79,7,904.72,1192.14,7233.03,0.581,0,0.9961,0,1
MFI_KE_001595,41,M,Mombasa,24,69,75,331548.28,243006.55,16446.77,7,352890.07,544184.11,2331124.45,0.492,6,0.6723,0,4
MFI_KE_001596,35,F,Bungoma,23,31,24,109413.81,111712.86,18067.16,6,44603.6,70102.47,267368.73,0.9559,11,0.7202,1,2
MFI_KE_001597,39,F,Mombasa,15,65,71,241377.68,220196.01,88477.03,5,171366.34,315256.33,709306.17,0.6705,0,0.5818,1,4
MFI_KE_001598,43,M,Bungoma,9,79,63,414503.01,433985.97,20083.48,9,454860.44,567544.13,3560012.76,0.5778,1,0.3812,0,4
MFI_KE_001599,30,F,Mombasa,30,34,27,11566.96,9289.22,1020.13,8,2260.18,2405.97,20531.41,0.6082,4,0.8659,0,1
MFI_KE_001600,58,F,Nairobi,19,92,74,216223.16,169468.16,56655.4,2,105563.43,209613.11,211143.28,0.8233,8,0.4913,0,4
MFI_KE_001601,29,M,Mombasa,10,48,54,7643.16,7745.78,2062.66,4,1398.17,2218.01,4500.29,0.4589,7,0.9398,0,1
MFI_KE_001602,30,M,Trans Nzoia,2,2,4,746.23,663.73,4202.5,1,1339.34,1909.67,1143.13,0.1356,48,0.1778,0,5
MFI_KE_001603,25,F,Uasin Gishu,15,32,53,3702.83,3364.66,368.53,11,1867.2,3270.28,17740.73,0.942,10,0.9009,0,1
MFI_KE_001604,18,F,Nairobi,11,38,40,21681.74,21961.43,3770.72,8,2353.11,3082.44,16379.23,0.679,0,0.7712,0,1
MFI_KE_001605,18,F,Kisumu,23,59,49,8103.16,8128.7,1722.52,7,1388.77,1569.24,8522.72,0.5904,7,0.5667,0,1
MFI_KE_001606,39,M,Turkana,16,6,5,133547.48,133570.51,2696.12,0,0.0,0.0,0.0,0.7923,2,0.3315,0,3
MFI_KE_001607,35,F,Embu,22,19,22,45737.17,44332.89,24769.33,0,0.0,0.0,0.0,0.9786,2,0.5534,0,2
MFI_KE_001608,29,F,Nakuru,22,30,62,19665.24,15273.22,1750.4,6,2978.31,4815.74,16370.51,0.5542,11,0.8255,0,1
MFI_KE_001609,37,F,Meru,30,97,81,533240.65,374238.65,65484.82,9,254818.08,485705.64,2041534.88,0.9475,1,0.148,1,4
MFI_KE_001610,35,M,Nairobi,5,23,22,40041.06,37879.04,10102.26,2,46237.44,83394.36,102064.72,0.9924,10,0.4172,0,2
MFI_KE_001611,25,M,Mombasa,4,48,40,24433.51,25013.74,3831.13,9,1660.36,3245.71,13672.68,0.5036,0,0.8541,1,1
MFI_KE_001612,20,F,Uasin Gishu,17,30,51,50619.18,51580.58,2027.52,7,858.82,1679.16,5923.37,0.8869,1,0.924,0,1
MFI_KE_001613,41,F,Kilifi,6,31,18,65682.99,47801.61,22391.45,5,30803.99,35530.68,127957.59,0.9591,9,0.3645,0,2
MFI_KE_001614,38,M,Embu,18,30,21,14067.01,14490.45,13660.28,4,57589.01,75267.56,244737.53,0.7783,4,0.6639,1,2
MFI_KE_001615,24,M,Kiambu,12,40,53,15351.99,12707.84,1780.14,6,3166.54,4801.67,20058.44,0.5068,3,0.7659,0,1
MFI_KE_001616,47,F,Turkana,5,87,65,77794.67,54562.66,17495.56,6,114242.22,146800.69,716648.55,0.7196,8,0.6126,0,4
MFI_KE_001617,30,F,Bungoma,66,27,27,31721.39,31272.61,25334.04,1,124292.23,143088.73,145629.4,0.9975,8,0.4364,0,2
MFI_KE_001618,37,M,Kiambu,1,0,5,2458.1,1906.74,1439.44,0,0.0,0.0,0.0,1.0,137,0.3865,0,5
MFI_KE_001619,28,F,Kakamega,2,23,17,70642.2,67206.89,10950.88,4,25767.62,50915.92,120683.83,0.9759,3,0.5344,0,2
MFI_KE_001620,44,F,Mombasa,12,23,26,62403.15,58917.55,21827.01,5,19957.45,24254.61,84576.84,0.9915,18,0.3465,1,2
MFI_KE_001621,48,F,Migori,27,23,20,38036.31,27729.59,7144.95,4,24236.17,39712.45,107758.42,0.9144,5,0.4679,0,2
MFI_KE_001622,51,F,Laikipia,19,20,19,37246.81,34181.47,30662.99,4,25605.8,45219.22,83682.57,0.9455,12,0.9662,0,2
MFI_KE_001623,24,F,Nairobi,21,45,40,16577.66,12951.87,3067.3,9,2661.47,3723.02,25002.12,0.9142,3,0.9529,1,1
MFI_KE_001624,37,M,Kakamega,21,26,24,51929.11,39648.42,5083.71,2,23984.9,25489.11,49965.38,0.908,3,0.7656,1,2
MFI_KE_001625,49,M,Turkana,42,11,10,433806.65,337116.4,1809.86,1,58939.63,74887.98,48683.48,0.7503,9,0.2806,0,3
MFI_KE_001626,41,F,Meru,9,8,6,65046.03,49969.61,13328.54,1,35211.75,50478.07,33564.36,0.7314,8,0.1896,1,3
MFI_KE_001627,46,M,Kilifi,22,20,21,46435.9,46180.77,14385.39,3,45654.49,83692.24,153912.6,0.9279,14,0.6014,0,2
MFI_KE_001628,33,F,Kisumu,31,27,65,30892.63,31028.1,721.95,9,2649.81,3413.12,22895.65,0.7738,5,0.7779,0,1
MFI_KE_001629,27,F,Mombasa,4,38,52,18530.53,19004.27,1020.1,13,2097.29,4077.42,29263.03,0.5366,0,0.8296,0,1
MFI_KE_001630,27,M,Kericho,27,41,51,8410.9,7578.25,4329.58,2,1549.05,2526.14,2648.12,0.9286,0,0.9793,0,1
MFI_KE_001631,18,M,Nakuru,83,33,45,28614.48,23842.72,827.22,6,1914.37,2323.34,9960.13,0.8008,2,0.946,0,1
MFI_KE_001632,50,F,Kakamega,1,1,6,3770.97,2839.12,218.5,0,0.0,0.0,0.0,1.0,129,0.4223,0,5
MFI_KE_001633,29,F,Nairobi,6,31,56,46046.02,46569.17,5454.1,9,1417.39,1526.1,11073.38,0.6088,0,0.6351,0,1
MFI_KE_001634,43,M,Laikipia,4,3,4,5879.41,5143.43,338.83,1,1551.03,2538.38,1708.02,0.4226,159,0.5421,0,5
MFI_KE_001635,49,M,Machakos,3,13,6,71913.22,57665.69,10258.3,2,93456.27,180842.54,189532.18,0.7842,1,0.3927,0,3
MFI_KE_001636,38,F,Kisumu,11,21,24,22792.86,16676.72,8985.61,4,44433.39,68680.46,200256.01,0.985,2,0.6734,0,2
MFI_KE_001637,41,F,Laikipia,6,1,3,6488.46,6644.26,439.84,1,1461.46,2066.02,1334.47,0.438,17,0.6723,0,5
MFI_KE_001638,34,M,Migori,7,5,8,110964.72,91052.99,5623.84,3,42092.41,49268.12,129333.04,0.4373,4,0.6857,1,3
MFI_KE_001639,26,M,Laikipia,3,42,42,15372.04,11512.64,1182.91,4,3214.97,5958.5,11954.32,0.6543,1,0.9766,0,1
MFI_KE_001640,21,F,Kisumu,18,41,43,16584.79,16933.84,993.92,8,1479.15,2502.88,13483.99,0.7024,2,0.9461,0,1
MFI_KE_001641,30,F,Nairobi,40,40,60,1848.29,1300.28,3129.01,9,4685.3,6931.14,41862.12,0.7849,4,0.9221,0,1
MFI_KE_001642,31,F,Nairobi,8,46,44,16474.69,15713.56,8580.13,7,2215.27,3094.16,17686.17,0.5596,13,0.7468,1,1
MFI_KE_001643,21,F,Nakuru,8,35,42,3185.83,2905.13,9369.74,7,2361.43,3023.94,17402.13,0.587,2,0.8763,0,1
MFI_KE_001644,30,M,Kakamega,19,21,25,74300.89,58276.62,10693.22,3,41206.12,45849.28,140039.8,0.9681,3,0.574,1,2
MFI_KE_001645,46,F,Kilifi,9,8,7,23188.25,17601.59,4331.22,0,0.0,0.0,0.0,0.9434,5,0.5307,1,3
MFI_KE_001646,32,F,Nakuru,5,83,52,179696.88,160179.0,82471.64,0,0.0,0.0,0.0,0.8429,3,0.9315,0,4
MFI_KE_001647,42,F,Kericho,52,3,7,66714.33,48267.56,34302.85,2,48663.06,54625.97,110064.42,0.6872,4,0.6115,0,3
MFI_KE_001648,44,M,Kiambu,24,83,68,480387.6,475908.45,14844.77,6,77031.82,121284.98,384592.35,0.9771,0,0.3409,1,4
MFI_KE_001649,27,F,Mombasa,50,47,51,8124.28,8347.0,104.46,9,1755.73,2558.78,15427.17,0.7745,0,0.6904,0,1
MFI_KE_001650,54,M,Laikipia,11,4,5,23233.2,19255.87,5264.17,1,87097.21,90623.85,95708.4,0.8585,1,0.1547,1,3
MFI_KE_001651,21,M,Kitui,30,39,47,14902.51,13247.86,1444.77,11,3997.27,4363.77,39423.07,0.8382,0,0.8483,0,1
MFI_KE_001652,24,M,Kisumu,18,41,57,12651.58,11996.79,627.85,5,3668.73,3881.49,16487.35,0.7352,4,0.8521,1,1
MFI_KE_001653,28,F,Mombasa,12,38,55,5398.92,4398.02,1302.11,11,1295.47,2276.59,14837.81,0.4816,0,0.709,0,1
MFI_KE_001654,24,F,Uasin Gishu,20,18,16,159353.81,166082.82,56011.69,5,67767.01,73882.67,360565.37,0.9173,16,0.6752,1,2
MFI_KE_001655,45,F,Mombasa,16,31,25,241763.91,208831.72,4566.33,4,64580.04,105688.02,257073.01,0.9893,4,0.3463,0,2
MFI_KE_001656,41,F,Migori,7,79,64,264597.48,276556.01,14485.71,8,197553.53,205689.02,1548111.62,0.7017,0,0.6842,0,4
MFI_KE_001657,49,F,Kitui,68,21,25,325138.05,341135.21,7835.89,3,54492.46,93606.71,134180.43,0.9761,6,0.6604,0,2
MFI_KE_001658,49,F,Nakuru,6,17,15,188421.91,142568.4,11969.56,7,38720.84,40502.41,218886.53,0.9895,31,0.6748,0,2
MFI_KE_001659,31,F,Mombasa,2,40,61,5413.31,4194.11,697.45,8,2022.02,2096.24,15655.83,0.5941,8,0.7969,0,1
MFI_KE_001660,23,F,Nairobi,6,36,62,2869.47,2484.8,2872.0,10,1300.34,1701.08,14960.29,0.4666,3,0.8504,0,1
MFI_KE_001661,23,M,Homa Bay,5,23,12,149012.54,120399.49,17677.27,5,42234.59,64864.57,184509.48,0.9273,1,0.6319,0,2
MFI_KE_001662,24,M,Turkana,6,37,45,8319.72,8146.72,1314.42,10,2299.9,3822.36,20884.17,0.7491,1,0.622,0,1
MFI_KE_001663,40,F,Bomet,25,61,59,98282.53,88149.8,125668.54,7,30730.7,35239.95,226874.49,0.9045,1,0.5643,0,4
MFI_KE_001664,40,M,Kisumu,1,1,4,532.0,434.24,1397.34,2,1773.44,2376.41,3843.37,0.4728,90,0.9073,0,5
MFI_KE_001665,19,F,Murang'a,3,3,4,50502.12,42586.41,1196.71,0,0.0,0.0,0.0,1.0,100,0.8184,0,5
MFI_KE_001666,31,F,Kisii,7,23,16,44879.76,38667.16,24085.95,1,20076.19,39739.27,18963.77,0.9504,14,0.7485,1,2
MFI_KE_001667,25,F,Kiambu,63,31,53,11677.05,10353.6,8255.88,10,791.66,1524.32,7111.16,0.5259,3,0.9713,0,1
MFI_KE_001668,26,M,Mombasa,13,41,31,19642.7,15352.05,4740.59,14,1749.32,2019.25,23462.44,0.853,0,0.8162,1,1
MFI_KE_001669,28,F,Murang'a,28,48,48,29952.69,23489.83,3535.04,6,4443.67,6808.97,23389.06,0.593,1,0.8926,0,1
MFI_KE_001670,30,F,Mombasa,10,49,47,2456.02,2488.59,2878.36,6,5907.98,6174.75,41911.85,0.7453,2,0.9819,0,1
MFI_KE_001671,26,F,Laikipia,21,83,66,200847.47,171641.61,15179.83,6,66332.69,67679.73,452368.82,0.9104,2,0.654,1,4
MFI_KE_001672,49,F,Kisumu,55,30,22,105682.25,90229.27,36167.36,1,67637.49,84927.44,66032.4,0.9921,13,0.794,1,2
MFI_KE_001673,35,M,Kericho,1,2,4,5318.83,4992.3,479.76,1,1601.81,2627.05,1719.17,0.4155,83,0.833,1,5
MFI_KE_001674,56,F,Migori,18,9,6,261215.51,199932.61,2690.2,1,51509.89,57627.97,50763.98,0.9413,52,0.6074,1,3
MFI_KE_001675,31,F,Trans Nzoia,12,24,21,81510.18,71358.67,13562.62,4,32143.27,45292.09,113434.66,0.9466,13,0.6035,0,2
MFI_KE_001676,56,M,Kilifi,13,21,18,72634.99,62768.58,12704.49,1,30245.32,37759.85,28370.93,0.9762,9,0.6372,1,2
MFI_KE_001677,67,F,Laikipia,20,5,1,73971.66,59644.92,27299.27,1,105913.34,143597.88,125432.8,0.8837,2,0.2286,1,3
MFI_KE_001678,34,F,Garissa,13,29,14,166435.14,128864.33,25022.74,2,57309.95,84983.68,118868.22,0.9788,8,0.4747,0,2
MFI_KE_001679,31,M,Garissa,11,17,18,129763.14,117298.95,28501.8,3,21636.52,40456.89,70234.79,0.95,62,0.8477,1,2
MFI_KE_001680,52,F,Migori,14,22,21,96581.2,72687.46,8151.85,3,10924.0,14629.12,30189.31,0.9897,10,0.6327,0,2
MFI_KE_001681,23,F,Kiambu,28,42,58,15154.34,12113.81,7180.76,8,1883.24,2305.32,18035.02,0.4452,4,0.8636,0,1
MFI_KE_001682,45,M,Homa Bay,9,75,83,152272.23,148974.49,11846.97,6,126897.07,143778.44,871847.06,0.8758,6,0.6649,0,4
MFI_KE_001683,48,F,Meru,4,20,15,114439.57,80300.4,11652.56,7,45714.21,61095.05,314619.71,0.9708,19,0.7631,0,2
MFI_KE_001684,56,M,Turkana,11,10,3,170660.98,177736.71,16415.82,2,38055.73,43589.64,80296.08,0.7714,19,0.5027,1,3
MFI_KE_001685,24,M,Nairobi,12,35,66,11301.28,11398.32,820.6,10,1815.71,2851.66,17640.58,0.6488,5,0.9721,0,1
MFI_KE_001686,49,F,Kiambu,4,84,63,151448.65,108450.18,65831.63,4,213613.79,371581.94,761128.58,0.8055,1,0.6925,1,4
MFI_KE_001687,24,F,Kisii,27,7,12,109266.76,77475.89,1497.21,1,80086.2,148618.22,75630.24,0.9317,4,0.2937,1,3
MFI_KE_001688,24,F,Mombasa,5,34,37,17335.56,13578.25,751.35,8,1690.23,2397.32,13542.78,0.5396,0,0.8802,0,1
MFI_KE_001689,41,F,Nakuru,14,23,21,86994.95,70954.08,6770.12,2,33566.77,52460.94,74817.11,0.9897,4,0.3719,0,2
MFI_KE_001690,33,M,Kericho,5,65,77,744948.07,721937.71,32681.27,2,105141.81,123972.11,244536.66,0.9273,0,0.7827,1,4
MFI_KE_001691,51,M,Nakuru,3,4,0,3438.72,2583.02,206.63,0,0.0,0.0,0.0,1.0,69,0.7214,0,5
MFI_KE_001692,22,F,Bomet,21,65,62,354679.45,250475.42,30087.54,7,125472.1,153844.63,999708.28,0.7357,0,0.4873,0,4
MFI_KE_001693,44,F,Murang'a,14,26,21,52134.38,50240.68,9638.84,2,99863.42,133126.2,191561.69,0.9785,19,0.7058,0,2
MFI_KE_001694,36,F,Kericho,23,3,7,223529.6,227646.49,2385.48,0,0.0,0.0,0.0,0.8254,10,0.6752,1,3
MFI_KE_001695,38,F,Kericho,13,9,6,123355.83,108959.81,29950.1,0,0.0,0.0,0.0,0.7765,6,0.3221,1,3
MFI_KE_001696,37,M,Bungoma,62,17,22,93297.88,70870.72,15997.83,3,55384.81,98593.52,196973.13,0.9521,5,0.3477,0,2
MFI_KE_001697,25,M,Bungoma,33,31,40,9338.25,7673.37,2588.76,9,3180.96,4364.2,27760.4,0.6299,2,0.9389,0,1
MFI_KE_001698,69,M,Kitui,2,4,1,149340.16,108346.69,12223.61,3,22065.68,32901.15,59103.63,0.7056,7,0.4458,1,3
MFI_KE_001699,20,F,Kitui,2,1,3,8145.75,8355.11,49.79,0,0.0,0.0,0.0,1.0,157,0.6824,1,5
MFI_KE_001700,27,M,Nairobi,4,41,45,11924.49,8839.05,947.99,9,2230.06,2368.07,22146.25,0.6407,4,0.9488,0,1
MFI_KE_001701,18,F,Mombasa,114,28,62,26660.24,22135.05,1077.98,10,2564.31,3144.89,23994.18,0.3546,0,0.7477,0,1
MFI_KE_001702,20,F,Kisumu,40,34,39,40169.99,28524.79,1087.32,11,3291.85,3316.74,32957.29,0.5774,3,0.9727,1,1
MFI_KE_001703,28,M,Bomet,19,72,61,392192.1,321056.75,40015.41,5,77398.87,86915.78,360809.71,0.7368,3,0.6529,0,4
MFI_KE_001704,39,F,Migori,31,10,6,12264.7,12637.76,31266.19,3,32910.57,56699.37,91729.13,0.6829,19,0.5755,1,3
MFI_KE_001705,52,F,Murang'a,9,11,5,112370.29,94735.61,2722.4,0,0.0,0.0,0.0,0.6937,1,0.3691,1,3
MFI_KE_001706,56,F,Kisumu,54,17,19,150091.06,109927.93,4191.14,2,51946.82,85457.93,106507.38,0.9467,11,0.6155,0,2
MFI_KE_001707,24,F,Nyeri,1,0,2,976.32,960.42,227.45,1,994.92,1404.88,1054.7,0.6159,26,0.7974,0,5
MFI_KE_001708,36,F,Uasin Gishu,20,44,54,5264.01,4188.94,149.2,9,2915.11,4432.25,26306.89,0.7601,0,0.6988,0,1
MFI_KE_001709,27,F,Uasin Gishu,15,51,53,10064.34,8866.34,529.16,11,1360.76,1924.89,14121.79,0.6724,1,0.9402,0,1
MFI_KE_001710,36,M,Turkana,2,2,3,2603.62,2541.35,604.85,1,966.45,1101.93,1029.65,0.8665,17,0.6872,0,5
MFI_KE_001711,40,F,Kakamega,1,4,2,6004.18,5723.14,987.13,0,0.0,0.0,0.0,1.0,11,0.8422,0,5
MFI_KE_001712,48,F,Kakamega,24,9,3,96638.03,73032.35,9116.86,1,79975.69,110608.16,90466.28,0.5394,3,0.4511,0,3
MFI_KE_001713,33,F,Meru,49,17,12,84566.38,81839.83,15557.98,5,30024.52,54758.83,145255.56,0.7331,29,0.6294,1,2
MFI_KE_001714,22,F,Kiambu,21,47,37,19158.88,17125.02,885.77,7,2851.8,4872.85,23076.82,0.5482,3,0.9338,0,1
MFI_KE_001715,30,M,Kitui,84,13,2,97843.37,97970.15,10182.51,2,102272.4,124650.88,217196.61,0.968,6,0.4402,0,3
MFI_KE_001716,30,M,Migori,15,27,24,125027.98,93955.73,31214.75,2,23545.19,40928.58,56411.56,0.9815,4,0.6374,0,2
MFI_KE_001717,33,M,Mombasa,18,39,58,8043.57,7726.41,285.08,12,1687.31,2375.03,17571.73,0.8653,1,0.8838,0,1
MFI_KE_001718,18,M,Mombasa,14,39,60,4260.46,3215.0,1163.56,11,1234.5,1267.3,11732.72,0.637,3,0.9809,1,1
MFI_KE_001719,59,M,Laikipia,5,3,2,3912.33,3764.29,1021.08,1,3246.03,5917.54,3658.06,0.2713,137,0.5046,0,5
MFI_KE_001720,18,F,Machakos,12,38,44,14711.02,14481.76,5889.85,9,2915.77,5295.42,21859.42,0.9184,1,0.9512,0,1
MFI_KE_001721,26,M,Kericho,2,4,5,10659.79,7473.99,5290.89,0,0.0,0.0,0.0,1.0,86,0.6047,0,5
MFI_KE_001722,33,F,Nyeri,4,9,4,131521.49,124299.84,1717.53,2,65783.04,75136.23,111305.89,0.5406,1,0.4257,0,3
MFI_KE_001723,48,F,Murang'a,29,5,6,9416.0,8220.82,6337.48,1,121102.87,242125.19,127382.65,0.8517,4,0.594,1,3
MFI_KE_001724,18,M,Nairobi,10,34,60,40876.8,37059.16,9078.2,13,2224.49,2822.96,23288.97,0.5085,8,0.7711,0,1
MFI_KE_001725,38,F,Kiambu,1,2,3,1181.46,1160.38,5336.52,1,1807.64,1988.48,1947.05,0.9185,41,0.1178,0,5
MFI_KE_001726,34,F,Embu,43,22,17,93093.77,72165.89,8279.79,2,61087.66,68909.89,105494.82,0.9263,6,0.6462,0,2
MFI_KE_001727,22,M,Nakuru,3,97,71,87041.92,68750.46,35943.06,5,153419.42,163659.12,763068.36,0.9672,1,0.456,0,4
MFI_KE_001728,43,F,Meru,16,19,21,61388.42,55589.6,33814.11,3,39510.5,42874.24,135425.54,0.8622,27,0.8737,1,2
MFI_KE_001729,22,F,Nairobi,6,31,54,4909.36,3908.1,546.05,11,1966.15,2083.44,22385.34,0.4509,0,0.8188,0,1
MFI_KE_001730,30,F,Kitui,70,65,73,942510.34,836694.94,105705.83,2,75201.02,130127.12,132835.93,0.8393,0,0.4271,1,4
MFI_KE_001731,32,M,Laikipia,31,7,6,22974.32,17782.14,833.91,1,96886.29,130084.92,114051.58,0.8287,5,0.622,1,3
MFI_KE_001732,42,F,Bomet,26,76,69,391269.26,333276.55,54289.15,4,115295.09,209911.81,466771.85,0.5971,0,0.4697,1,4
MFI_KE_001733,41,M,Kakamega,2,8,8,28711.57,22211.48,7961.35,4,49334.96,53749.43,222653.62,0.5269,1,0.534,0,3
MFI_KE_001734,31,F,Nakuru,40,34,47,17855.22,18215.64,1212.29,6,1958.64,3915.96,11487.66,0.5912,0,0.6781,1,1
MFI_KE_001735,23,F,Kiambu,120,52,62,41567.48,39380.77,2662.55,6,1779.97,2785.75,10844.89,0.4974,0,0.8341,0,1
MFI_KE_001736,29,M,Kiambu,2,39,44,5456.84,5301.77,467.53,8,1504.1,1738.89,13833.35,0.5508,4,0.869,0,1
MFI_KE_001737,40,F,Bungoma,24,5,6,140049.1,137487.23,17793.57,5,94862.58,126940.8,500214.87,0.8786,9,0.3832,1,3
MFI_KE_001738,29,M,Kiambu,26,101,69,1263816.26,1308270.27,60362.7,4,143579.51,225870.49,616061.62,0.9074,1,0.773,0,4
MFI_KE_001739,61,M,Embu,21,79,77,282331.2,256951.52,13188.34,6,155438.82,203658.21,928726.9,0.8637,0,0.5718,1,4
MFI_KE_001740,23,F,Murang'a,12,47,50,43504.08,32457.17,916.93,11,2137.17,3984.53,23269.72,0.7542,2,0.933,0,1
MFI_KE_001741,33,M,Kilifi,34,36,55,48518.45,37726.05,1643.32,9,2558.79,2634.56,19775.06,0.4325,6,0.6887,0,1
MFI_KE_001742,33,F,Kisumu,17,39,49,17557.04,12528.1,1345.65,11,1998.63,2514.28,19100.56,0.7346,0,0.9101,0,1
MFI_KE_001743,55,M,Meru,1,5,3,56.26,43.26,2744.61,2,1425.29,1925.93,2760.07,0.5103,12,0.473,0,5
MFI_KE_001744,52,M,Kisii,21,7,4,54433.58,38255.8,992.89,1,105763.28,116556.99,122374.91,0.6043,6,0.5225,1,3
MFI_KE_001745,42,M,Kakamega,2,22,23,116261.44,104686.5,19863.64,2,92351.54,172375.65,214309.11,0.8001,5,0.7088,0,2
MFI_KE_001746,26,F,Nyeri,15,10,9,67774.78,69694.0,5656.31,4,98888.69,192209.71,362509.5,0.8223,15,0.6046,1,3
MFI_KE_001747,26,F,Machakos,11,42,47,1951.89,1406.15,1153.52,3,2157.15,3761.56,6800.95,0.7395,3,0.6814,0,1
MFI_KE_001748,59,F,Embu,25,11,8,48688.31,43066.78,4689.44,1,42501.75,60807.09,47688.92,0.9073,9,0.3071,0,3
MFI_KE_001749,22,F,Meru,26,30,64,22660.45,20332.27,689.88,14,1738.4,2860.28,25465.35,0.8208,7,0.9256,0,1
MFI_KE_001750,53,M,Migori,24,2,3,62056.61,49304.78,3148.62,1,117348.23,148515.82,139937.9,0.8087,10,0.3781,1,3
MFI_KE_001751,29,F,Mombasa,28,38,54,11553.32,8291.69,11712.81,5,1519.95,2677.94,8413.89,0.6893,2,0.8957,0,1
MFI_KE_001752,26,F,Kisumu,5,38,50,33098.69,31680.55,1991.24,9,2010.35,2595.49,16145.16,0.6366,1,0.8799,0,1
MFI_KE_001753,43,F,Mombasa,7,32,19,50862.08,40661.41,33982.48,6,50307.93,76278.44,361758.23,0.9893,8,0.5613,1,2
MFI_KE_001754,37,F,Uasin Gishu,1,4,1,2861.18,2872.58,986.4,1,935.39,1412.44,965.11,0.4667,25,0.3894,0,5
MFI_KE_001755,26,F,Kakamega,39,28,61,72492.59,69574.68,1542.36,6,1736.07,2878.99,8448.28,0.7098,5,0.6764,0,1
MFI_KE_001756,23,M,Nakuru,13,41,60,7117.94,6181.21,1624.93,7,1727.45,3077.04,10330.39,0.7345,8,0.808,1,1
MFI_KE_001757,50,F,Homa Bay,18,12,6,276829.32,264519.0,8944.94,3,110217.75,119878.89,379943.07,0.7772,2,0.4932,1,3
MFI_KE_001758,28,F,Nairobi,22,24,25,101401.72,74749.93,22557.3,1,41016.96,63889.41,40756.83,0.9931,7,0.8499,0,2
MFI_KE_001759,41,F,Migori,7,23,18,218594.85,158727.52,11685.1,4,42680.63,64537.56,190820.77,0.9589,7,0.3899,0,2
MFI_KE_001760,29,M,Embu,17,25,13,56169.35,40740.68,7781.13,4,43421.29,70514.24,177603.23,0.9616,5,0.4525,0,2
MFI_KE_001761,40,M,Bomet,6,21,15,56579.67,49509.29,6299.3,7,14522.39,22299.17,120459.74,0.9852,7,0.5953,1,2
MFI_KE_001762,35,M,Nakuru,30,22,16,128315.58,116207.44,31822.07,1,25835.75,46550.76,21023.34,0.9183,35,0.2592,0,2
MFI_KE_001763,36,M,Garissa,21,21,22,49342.43,37760.07,18105.91,2,32857.08,39167.59,75793.44,0.9684,8,0.7383,0,2
MFI_KE_001764,35,M,Nakuru,20,39,43,14874.54,14282.54,1230.03,15,2965.46,4321.39,40458.06,0.5954,5,0.8966,0,1
MFI_KE_001765,43,F,Mombasa,12,24,23,76465.61,69584.4,37728.34,1,44804.33,82936.03,38696.75,0.9558,13,0.6688,0,2
MFI_KE_001766,37,M,Bomet,32,21,17,43735.54,41809.57,12900.06,4,43654.44,46327.94,178093.75,0.8772,4,0.6517,0,2
MFI_KE_001767,46,M,Nyeri,30,26,25,59631.53,57417.43,5627.32,1,30804.44,33874.95,26210.98,0.9004,12,0.481,0,2
MFI_KE_001768,37,M,Homa Bay,4,22,19,202458.23,185931.68,19785.38,2,29410.03,37188.53,68574.42,0.9884,2,0.6438,0,2
MFI_KE_001769,18,M,Kiambu,21,40,58,23085.02,23931.99,4140.41,4,4702.64,6518.85,15936.64,0.9016,4,0.8691,0,1
MFI_KE_001770,40,F,Kitui,7,73,65,189701.86,191486.59,18191.46,5,101374.26,154322.28,591447.48,0.7106,4,0.4786,1,4
MFI_KE_001771,48,M,Turkana,2,8,2,47684.74,41279.81,4601.01,1,60221.44,97045.26,62796.83,0.7859,1,0.3196,1,3
MFI_KE_001772,26,F,Kiambu,9,72,69,421980.98,336871.62,47374.81,10,154908.54,167860.71,1551149.06,0.9721,0,0.3924,0,4
MFI_KE_001773,53,M,Embu,8,80,51,538084.21,445885.57,12919.13,4,130726.89,197842.7,579175.66,0.9399,0,0.4144,0,4
MFI_KE_001774,35,M,Machakos,1,3,3,5963.98,5022.3,1985.92,0,0.0,0.0,0.0,1.0,43,0.6776,0,5
MFI_KE_001775,45,F,Kitui,21,6,2,20372.54,15835.9,12847.54,1,123285.2,191745.32,117538.56,0.6508,5,0.7712,0,3
MFI_KE_001776,25,M,Migori,16,33,25,32731.89,25230.31,8065.43,3,32617.1,54008.15,107124.71,0.9672,12,0.7516,0,2
MFI_KE_001777,26,M,Kisumu,25,33,46,14401.23,12632.15,1425.04,6,1409.36,2005.65,7161.96,0.6152,1,0.8564,0,1
MFI_KE_001778,57,M,Homa Bay,27,11,4,73527.89,76955.66,2489.16,0,0.0,0.0,0.0,0.742,34,0.5124,1,3
MFI_KE_001779,22,M,Kakamega,14,82,58,162661.05,142986.95,11121.82,7,145837.48,180312.74,1111558.0,0.8727,0,0.5398,1,4
MFI_KE_001780,27,F,Murang'a,5,94,58,188861.84,183271.14,45437.51,3,311500.91,600110.67,830840.77,0.8113,1,0.7091,0,4
MFI_KE_001781,23,M,Kisumu,38,50,49,6737.68,5475.65,9977.73,3,995.11,1684.51,3095.89,0.484,3,0.7288,0,1
MFI_KE_001782,44,F,Garissa,33,3,4,5451.65,4487.97,3763.05,1,48487.23,70352.88,51797.78,0.7239,4,0.5779,1,3
MFI_KE_001783,25,F,Nakuru,7,41,53,9541.04,7575.16,5191.88,8,1562.43,2314.7,13563.48,0.6476,3,0.9908,0,1
MFI_KE_001784,30,F,Garissa,5,10,2,25503.26,26352.91,12719.55,1,44675.78,67259.4,51183.86,0.8931,4,0.2338,1,3
MFI_KE_001785,41,M,Bungoma,2,25,22,115508.38,120203.14,12630.74,3,20796.93,38707.1,54854.59,0.7929,3,0.8196,0,2
MFI_KE_001786,40,F,Uasin Gishu,9,28,19,80267.56,81664.64,17081.02,1,20669.91,23209.41,20288.99,0.9098,13,0.8923,1,2
MFI_KE_001787,18,F,Kisumu,28,45,30,16744.35,13045.04,7569.95,6,2166.62,3762.68,14442.61,0.3758,3,0.9599,0,1
MFI_KE_001788,45,M,Garissa,35,85,64,118748.36,110167.77,64571.38,4,292636.4,492256.69,1043495.79,0.7899,0,0.5659,1,4
MFI_KE_001789,33,M,Kisumu,17,26,16,96535.06,96551.47,30341.87,5,31449.19,51306.25,138669.96,0.7664,8,0.5668,0,2
MFI_KE_001790,35,M,Murang'a,5,23,28,34569.73,34917.13,6455.47,6,30967.79,48710.18,190601.4,0.9843,2,0.8896,0,2
MFI_KE_001791,29,F,Kiambu,27,33,59,4265.9,4334.54,4613.04,8,977.31,1283.33,9236.87,0.7734,0,0.9975,0,1
MFI_KE_001792,45,M,Kilifi,2,2,4,3181.07,3073.4,223.24,0,0.0,0.0,0.0,1.0,184,0.4766,0,5
MFI_KE_001793,26,F,Kericho,5,21,27,66842.1,59180.33,12401.1,3,20554.79,21103.52,60014.84,0.8694,10,0.7981,0,2
MFI_KE_001794,33,M,Mombasa,14,20,19,89359.87,81111.45,33776.4,1,31192.88,50295.27,34368.62,0.9217,5,0.8096,1,2
MFI_KE_001795,49,F,Kakamega,4,5,12,66081.36,51632.7,2440.17,3,202450.66,364493.44,686710.1,0.8542,8,0.2842,0,3
MFI_KE_001796,43,F,Kakamega,12,14,10,288248.29,264688.9,17395.7,3,105217.71,139195.28,319046.41,0.6719,7,0.5243,0,3
MFI_KE_001797,38,F,Kilifi,10,37,18,146066.58,137378.45,19682.89,4,57641.75,62103.52,235740.53,0.9957,7,0.6618,0,2
MFI_KE_001798,20,F,Kiambu,11,42,44,22899.44,23296.49,2471.92,12,2320.95,3565.75,30766.78,0.813,5,0.744,0,1
MFI_KE_001799,29,F,Kiambu,5,21,11,37460.98,32255.7,8339.41,2,36645.48,65792.74,61856.29,0.9673,30,0.5504,0,2
MFI_KE_001800,44,F,Machakos,30,5,7,51161.21,37502.57,2541.79,0,0.0,0.0,0.0,0.4844,11,0.3009,0,3
MFI_KE_001801,50,F,Bungoma,5,4,0,5352.24,5586.78,1285.38,0,0.0,0.0,0.0,1.0,32,0.5695,0,5
MFI_KE_001802,22,M,Machakos,2,8,7,77399.58,55474.11,12787.58,4,153853.99,232764.23,696666.27,0.7979,8,0.6499,0,3
MFI_KE_001803,18,F,Kiambu,36,36,45,16803.81,13271.54,2940.8,7,5247.3,8006.07,35099.9,0.7179,0,0.9,0,1
MFI_KE_001804,28,F,Nakuru,2,39,52,20672.84,21375.27,2002.02,12,1814.73,3327.29,19032.87,0.4852,2,0.747,0,1
MFI_KE_001805,36,M,Homa Bay,2,79,81,273319.16,258036.15,28728.53,7,453800.01,867596.71,2810800.13,0.9726,1,0.3293,1,4
MFI_KE_001806,27,F,Bungoma,12,22,29,33673.55,25334.92,6764.79,2,53123.8,61413.16,127227.17,0.9819,4,0.5814,0,2
MFI_KE_001807,49,M,Embu,42,9,8,26051.38,19192.68,2978.11,0,0.0,0.0,0.0,0.622,18,0.3367,1,3
MFI_KE_001808,38,F,Embu,17,6,5,117633.76,108309.13,3654.05,5,49406.4,75643.95,261667.33,0.7332,4,0.5132,1,3
MFI_KE_001809,20,F,Mombasa,2,27,47,8135.02,6000.47,1168.05,7,1785.64,2326.83,13396.71,0.4753,5,0.9073,0,1
MFI_KE_001810,36,F,Kiambu,40,16,18,72341.56,73489.53,14870.88,1,49841.1,74686.95,44000.29,0.9859,3,0.779,0,2
MFI_KE_001811,35,M,Kericho,9,6,5,55083.06,45887.27,604.98,2,58675.83,74616.45,99772.29,0.6914,15,0.5295,1,3
MFI_KE_001812,41,M,Laikipia,3,0,5,5275.45,4451.74,3580.05,1,3647.17,5147.5,3611.2,0.5626,10,0.7302,0,5
MFI_KE_001813,32,F,Kisumu,9,39,40,6274.54,4765.38,1609.51,9,3191.92,4510.54,31352.01,0.7046,3,0.7443,0,1
MFI_KE_001814,31,F,Nakuru,43,40,53,17834.46,14433.59,739.58,7,1776.11,2909.68,11067.69,0.5402,0,0.8875,0,1
MFI_KE_001815,55,F,Kisii,1,2,3,2638.52,2749.29,663.2,0,0.0,0.0,0.0,1.0,210,0.4864,0,5
MFI_KE_001816,41,M,Uasin Gishu,21,76,87,430229.77,422079.4,33293.15,2,64361.14,96069.63,120197.06,0.7633,2,0.4183,0,4
MFI_KE_001817,36,M,Homa Bay,87,78,70,91734.0,78692.53,16479.64,7,211104.96,320435.52,1518340.88,0.7977,1,0.4597,1,4
MFI_KE_001818,30,M,Nakuru,8,40,51,10147.59,8219.92,1330.11,3,1957.21,3198.22,6514.52,0.6128,1,0.7176,0,1
MFI_KE_001819,41,M,Murang'a,2,3,5,419.76,352.86,452.28,1,1058.09,1102.71,1079.1,0.4158,145,0.6601,0,5
MFI_KE_001820,27,F,Murang'a,1,0,5,1340.51,1069.72,306.64,1,3124.12,3644.75,3573.85,0.7555,10,0.2943,0,5
MFI_KE_001821,25,M,Mombasa,5,47,46,22771.2,21105.51,4473.58,7,1031.54,1895.56,8650.74,0.6534,3,0.8184,0,1
MFI_KE_001822,49,M,Nyeri,7,7,2,98693.76,96967.09,9902.21,0,0.0,0.0,0.0,0.6289,21,0.3403,1,3
MFI_KE_001823,30,F,Bungoma,12,67,72,259971.63,258483.31,21537.83,3,157447.82,170277.39,461691.33,0.7395,2,0.7086,0,4
MFI_KE_001824,22,M,Laikipia,2,38,35,25334.92,25735.51,993.58,5,620.62,1179.33,2575.99,0.7067,0,0.883,0,1
MFI_KE_001825,61,F,Meru,6,3,0,938.31,877.2,688.13,0,0.0,0.0,0.0,1.0,92,0.5411,0,5
MFI_KE_001826,30,M,Machakos,11,3,2,1288.33,1337.78,490.72,0,0.0,0.0,0.0,1.0,20,0.4818,0,5
MFI_KE_001827,18,M,Kitui,3,41,50,30591.61,31411.94,3560.71,4,1771.83,2903.49,8022.4,0.6766,1,0.8463,0,1
MFI_KE_001828,44,M,Embu,11,73,64,230502.48,175591.06,53878.42,3,171923.45,262316.52,442917.94,0.8589,2,0.3589,0,4
MFI_KE_001829,68,M,Murang'a,9,7,6,32590.03,26024.03,1900.36,0,0.0,0.0,0.0,0.6079,2,0.3629,1,3
MFI_KE_001830,27,F,Migori,1,1,2,6679.53,5425.15,872.2,1,690.83,1325.64,591.4,0.7176,69,0.9257,1,5
MFI_KE_001831,26,M,Kiambu,5,32,28,3148.87,3272.27,1601.29,14,962.73,999.97,12136.49,0.8108,0,0.9401,0,1
MFI_KE_001832,41,M,Bomet,10,30,18,56628.04,41261.04,24939.44,1,27995.06,47058.1,32777.75,0.8929,9,0.5253,0,2
MFI_KE_001833,65,F,Machakos,6,9,5,42885.75,44186.37,1763.11,4,37632.31,67770.15,126525.49,0.7873,15,0.1971,0,3
MFI_KE_001834,44,M,Kitui,82,5,5,202433.77,200515.01,279.61,2,45999.58,47813.94,93887.39,0.6783,2,0.3749,0,3
MFI_KE_001835,26,M,Murang'a,3,38,48,91954.56,71003.6,837.92,7,1493.82,2031.63,11550.66,0.6979,5,0.9004,0,1
MFI_KE_001836,50,M,Uasin Gishu,26,83,67,173693.24,157897.76,113305.12,4,156756.9,206663.56,644966.49,0.9438,1,0.5626,1,4
MFI_KE_001837,45,F,Murang'a,6,72,70,580007.94,494991.09,52653.59,9,201594.9,324196.09,1994004.48,0.89,0,0.6393,1,4
MFI_KE_001838,23,F,Mombasa,8,40,49,26736.23,26827.43,2967.18,11,2417.63,3493.16,29455.59,0.3976,0,0.9534,0,1
MFI_KE_001839,38,M,Nairobi,39,39,47,11083.51,9010.66,1000.34,13,878.64,1056.3,13544.32,0.4251,1,0.7509,0,1
MFI_KE_001840,37,F,Kilifi,14,4,3,6777.85,4948.91,646.83,0,0.0,0.0,0.0,1.0,95,0.5563,0,5
MFI_KE_001841,20,F,Trans Nzoia,12,30,50,15087.38,11497.5,4122.12,10,1574.62,2690.72,18021.06,0.6544,0,0.6618,0,1
MFI_KE_001842,44,F,Turkana,28,14,3,85284.53,85717.41,3859.93,1,38060.83,71746.45,37101.71,0.703,14,0.3321,1,3
MFI_KE_001843,27,M,Uasin Gishu,5,21,21,74065.94,64851.38,25577.08,4,35584.4,68780.3,134424.94,0.9943,7,0.5853,1,2
MFI_KE_001844,29,F,Nairobi,18,43,42,18508.06,13708.29,2177.92,8,2267.65,3656.82,18233.43,0.6761,3,0.7262,0,1
MFI_KE_001845,41,M,Murang'a,38,20,20,45494.48,39180.93,13235.44,7,37894.35,75438.86,248052.88,0.8948,3,0.8727,0,2
MFI_KE_001846,38,M,Migori,7,2,6,1104.58,851.12,487.77,0,0.0,0.0,0.0,1.0,91,0.8079,0,5
MFI_KE_001847,31,F,Laikipia,7,25,13,59167.62,53628.97,12349.12,3,31862.64,43006.59,86423.98,0.9339,2,0.7202,0,2
MFI_KE_001848,40,F,Bungoma,23,31,23,83278.98,84214.36,11590.16,0,0.0,0.0,0.0,0.9152,1,0.5765,1,2
MFI_KE_001849,47,M,Kiambu,31,16,23,49764.68,51935.59,3241.15,5,25993.96,29174.31,108920.84,0.9796,7,0.5558,0,2
MFI_KE_001850,56,F,Machakos,44,23,18,93279.48,90635.67,25162.43,4,46720.5,82502.06,165999.37,0.748,4,0.5647,0,2
MFI_KE_001851,36,F,Murang'a,11,20,20,164984.62,167761.56,18930.23,5,50021.28,84102.63,289886.51,0.92,1,0.8599,0,2
MFI_KE_001852,44,M,Meru,23,15,6,46707.27,41963.4,735.04,2,53697.1,88866.88,86506.11,0.402,2,0.5394,1,3
MFI_KE_001853,25,F,Mombasa,26,46,49,8516.15,7447.25,2474.06,9,2166.06,2914.63,19345.89,0.5718,2,0.8099,0,1
MFI_KE_001854,53,F,Homa Bay,18,8,4,412314.11,343280.17,4771.93,2,28265.14,31728.49,62219.58,0.8279,7,0.2788,1,3
MFI_KE_001855,34,M,Migori,2,46,52,19050.03,19945.25,1093.67,10,1145.65,1403.02,11904.62,0.8872,4,0.8888,1,1
MFI_KE_001856,32,F,Nairobi,58,25,15,45851.58,43326.7,9265.56,4,21945.16,42554.0,87773.11,0.9888,35,0.3821,0,2
MFI_KE_001857,21,M,Homa Bay,10,34,52,9421.59,7177.26,6128.7,6,3147.79,5548.31,17523.69,0.7705,0,0.6813,0,1
MFI_KE_001858,38,F,Nyeri,8,19,15,25550.97,20745.99,23006.56,2,31313.51,32656.18,52046.52,0.9963,8,0.4196,0,2
MFI_KE_001859,37,F,Mombasa,6,18,21,102315.68,100155.1,5381.22,3,25207.12,39194.02,89057.5,0.9669,2,0.6925,0,2
MFI_KE_001860,27,M,Kakamega,17,0,5,6441.56,5648.15,1960.62,0,0.0,0.0,0.0,1.0,31,0.7722,0,5
MFI_KE_001861,59,F,Homa Bay,2,5,5,35486.35,28155.07,8203.42,1,81343.21,82310.13,75262.94,0.6845,5,0.7315,0,3
MFI_KE_001862,30,F,Nakuru,3,4,0,1196.85,974.98,478.06,3,1061.35,1426.5,3754.96,0.1323,53,0.2315,0,5
MFI_KE_001863,56,F,Kisii,1,3,2,11026.65,9337.15,392.81,0,0.0,0.0,0.0,1.0,15,0.8665,0,5
MFI_KE_001864,32,M,Homa Bay,10,83,63,397848.63,382341.01,71495.5,8,92197.16,93285.69,655157.75,0.9206,7,0.4296,0,4
MFI_KE_001865,35,M,Kisumu,8,34,47,15704.25,14426.36,2454.19,13,2425.2,4660.75,31274.18,0.816,3,0.8814,0,1
MFI_KE_001866,41,F,Nairobi,62,25,23,132383.79,100825.29,12332.07,3,44427.12,75569.08,113666.73,0.8988,2,0.5148,1,2
MFI_KE_001867,53,M,Homa Bay,8,11,5,37768.15,31890.7,16352.2,1,91102.69,164327.65,106987.04,0.7971,1,0.5659,1,3
MFI_KE_001868,52,F,Garissa,3,5,2,27437.01,22018.86,3319.35,0,0.0,0.0,0.0,0.9492,7,0.541,1,3
MFI_KE_001869,28,F,Kiambu,8,38,60,47419.37,44625.16,1140.71,9,1397.43,2415.55,12584.75,0.5854,3,0.5364,0,1
MFI_KE_001870,65,F,Kericho,2,10,6,225740.74,215437.18,5404.4,2,62456.88,81918.51,132605.56,0.6697,19,0.3598,0,3
MFI_KE_001871,31,M,Laikipia,4,29,16,127694.21,93756.67,6600.16,1,59668.09,80523.16,65487.29,0.963,3,0.7986,0,2
MFI_KE_001872,36,F,Uasin Gishu,10,34,57,6866.19,5695.76,2234.55,5,2018.56,3733.89,9546.23,0.8483,0,0.6963,0,1
MFI_KE_001873,41,M,Turkana,8,22,19,56915.48,42838.72,7274.85,8,52217.56,58571.25,371289.34,0.9562,3,0.7136,0,2
MFI_KE_001874,36,F,Turkana,4,32,18,92468.41,84604.39,15012.6,1,30701.23,39014.49,31349.34,0.7839,5,0.6049,0,2
MFI_KE_001875,33,M,Nakuru,6,30,21,201964.64,199797.52,15874.23,7,59446.29,97775.5,343332.93,0.9586,2,0.8159,0,2
MFI_KE_001876,22,M,Uasin Gishu,30,41,47,8707.76,6945.16,6104.43,8,1539.37,2493.35,13442.38,0.8283,3,0.969,0,1
MFI_KE_001877,44,F,Garissa,17,4,7,162636.43,161098.44,3769.69,1,63222.53,119147.05,69662.13,0.8644,20,0.5115,1,3
MFI_KE_001878,44,F,Kitui,51,97,55,556205.61,439125.46,56032.72,4,247549.49,282931.7,1130072.25,0.722,0,0.4134,0,4
MFI_KE_001879,42,M,Meru,2,2,9,161478.38,113726.9,4328.77,2,30470.77,49376.65,71798.6,0.85,7,0.7508,1,3
MFI_KE_001880,33,M,Kisumu,33,48,54,10391.61,8984.25,1047.65,8,1765.3,3140.44,15714.18,0.4556,2,0.8879,1,1
MFI_KE_001881,26,M,Mombasa,40,33,49,42773.92,33237.72,18690.74,8,1084.14,1450.78,10117.26,0.7987,0,0.9169,1,1
MFI_KE_001882,31,M,Kisumu,16,37,49,23836.49,18490.54,504.72,7,1522.75,2430.39,12505.4,0.9235,0,0.839,0,1
MFI_KE_001883,70,F,Machakos,11,10,6,182388.57,178774.07,17479.25,2,46712.43,76422.3,78324.51,0.9609,1,0.5249,1,3
MFI_KE_001884,39,F,Kiambu,6,22,18,82562.74,68385.37,16859.4,2,43489.43,64000.51,87171.15,0.9706,3,0.5815,0,2
MFI_KE_001885,46,M,Embu,7,78,62,146728.53,124614.95,57190.31,5,125331.93,175591.99,515634.28,0.4371,0,0.629,1,4
MFI_KE_001886,31,F,Kitui,2,42,45,12173.61,12185.85,1045.24,9,1693.4,2568.76,17424.31,0.7203,0,0.8401,0,1
MFI_KE_001887,49,F,Nairobi,1,5,7,10875.24,9276.02,725.44,0,0.0,0.0,0.0,1.0,26,0.7135,0,5
MFI_KE_001888,34,F,Kitui,60,23,17,57360.3,41285.09,18700.82,5,34162.25,45654.64,188452.83,0.9066,1,0.7513,0,2
MFI_KE_001889,22,F,Kisii,9,8,5,20519.38,17106.45,6673.17,1,33292.95,62985.42,33640.57,0.9202,14,0.4918,1,3
MFI_KE_001890,38,F,Nairobi,29,75,63,346365.68,301018.56,25780.88,6,200060.85,376777.43,1067743.05,0.8545,0,0.9227,0,4
MFI_KE_001891,55,F,Trans Nzoia,28,10,3,88277.84,84654.22,7525.82,2,51794.82,91433.69,90164.65,0.5469,6,0.4871,1,3
MFI_KE_001892,23,M,Meru,26,27,14,35633.37,31455.1,43431.4,4,27917.87,42473.29,110621.85,0.9931,2,0.4683,0,2
MFI_KE_001893,26,F,Nakuru,7,40,64,14707.07,10465.13,3213.14,14,1410.06,2504.85,21410.09,0.8061,0,0.8469,0,1
MFI_KE_001894,38,F,Meru,7,26,21,62061.82,63126.3,37490.1,5,48269.75,89695.16,225388.16,0.9718,3,0.502,0,2
MFI_KE_001895,23,M,Meru,36,28,14,69199.27,56506.98,25625.06,2,58874.41,99172.55,126584.1,0.9913,17,0.6029,0,2
MFI_KE_001896,38,M,Murang'a,16,79,65,340457.78,308341.51,23280.75,3,171122.81,173583.72,502744.49,0.8597,7,0.4871,0,4
MFI_KE_001897,36,F,Kitui,20,19,21,46044.64,42166.15,41438.57,5,36614.88,40019.56,166810.31,0.9893,13,0.2975,0,2
MFI_KE_001898,54,M,Nairobi,27,79,57,224039.45,190396.65,33848.06,7,191873.75,335719.23,1363044.15,0.7352,1,0.4417,0,4
MFI_KE_001899,30,F,Bomet,3,8,9,262725.59,195246.61,2314.03,1,31286.68,32031.18,27714.23,0.5587,8,0.41,1,3
MFI_KE_001900,25,M,Kiambu,2,2,4,12011.85,12188.01,74.07,1,1210.68,1689.61,1101.22,0.3794,106,0.62,0,5
MFI_KE_001901,25,M,Machakos,107,43,40,26284.83,21720.1,336.11,8,1223.81,1865.7,9165.92,0.4207,1,0.9144,0,1
MFI_KE_001902,31,M,Bomet,3,31,31,202254.29,188542.81,17064.68,3,30676.8,36325.78,81348.5,0.8997,21,0.7099,0,2
MFI_KE_001903,31,F,Uasin Gishu,13,34,59,25591.41,24228.18,5517.66,5,2022.6,4033.01,10013.16,0.7446,4,0.5495,1,1
MFI_KE_001904,46,F,Meru,3,1,2,3347.8,2451.16,465.5,0,0.0,0.0,0.0,1.0,16,0.7557,0,5
MFI_KE_001905,60,F,Migori,2,10,8,43349.82,41105.34,4542.36,3,24485.26,31700.41,75411.16,0.7792,31,0.4011,1,3
MFI_KE_001906,34,F,Laikipia,12,17,21,224422.71,215227.31,16343.46,3,58102.5,84669.26,166455.79,0.9973,2,0.7343,0,2
MFI_KE_001907,30,F,Bomet,13,44,47,6640.77,5076.22,1903.41,7,1707.95,2150.46,13728.44,0.7243,2,0.661,0,1
MFI_KE_001908,31,F,Nairobi,4,41,55,5179.88,5306.36,5242.53,10,970.78,1530.69,8978.1,0.4481,4,0.9657,0,1
MFI_KE_001909,28,F,Machakos,23,27,23,71643.1,60875.71,3169.67,2,11947.87,19956.51,23833.01,0.8696,4,0.6647,0,2
MFI_KE_001910,28,F,Garissa,10,19,19,37014.56,35472.04,19732.13,2,26472.93,46889.37,49118.69,0.9909,9,0.875,1,2
MFI_KE_001911,22,M,Bomet,25,9,9,80024.92,77107.73,2837.62,1,90444.07,157454.98,74520.42,0.7337,8,0.6359,1,3
MFI_KE_001912,37,F,Kiambu,23,83,75,277228.15,278209.67,43245.66,6,80399.42,128188.68,497378.5,0.8637,0,0.4457,1,4
MFI_KE_001913,37,M,Embu,46,30,26,57727.4,50758.29,29408.57,5,66091.32,115790.67,305066.77,0.9459,3,0.5233,0,2
MFI_KE_001914,35,F,Machakos,23,25,17,99156.07,78444.49,19474.69,6,22514.69,39422.28,128792.86,0.8795,22,0.6868,0,2
MFI_KE_001915,40,F,Mombasa,1,2,4,862.37,614.43,772.3,0,0.0,0.0,0.0,1.0,25,0.3453,0,5
MFI_KE_001916,53,F,Machakos,6,14,4,33051.89,28101.09,13332.97,3,49464.5,86922.81,137527.14,0.4873,9,0.3455,0,3
MFI_KE_001917,27,F,Kakamega,34,42,51,5130.64,4766.53,2087.6,5,1921.7,3550.55,8846.26,0.6982,1,0.7078,0,1
MFI_KE_001918,21,F,Nairobi,5,34,52,7479.79,5766.54,3919.37,4,1787.89,2818.57,8409.33,0.7358,0,0.6344,0,1
MFI_KE_001919,34,F,Bomet,6,38,51,3983.39,3972.65,2024.14,8,1427.33,2297.48,10653.95,0.7958,0,0.9193,0,1
MFI_KE_001920,26,F,Mombasa,15,42,53,8331.03,8446.7,2595.94,10,1229.02,2041.83,10579.67,0.6073,2,0.9772,0,1
MFI_KE_001921,19,M,Laikipia,78,40,57,17496.52,14685.48,646.39,9,2748.59,5036.31,21781.63,0.6563,0,0.8005,0,1
MFI_KE_001922,27,F,Kiambu,12,29,64,12710.51,12940.44,7267.06,15,2690.64,4778.78,37643.24,0.4548,4,0.9647,1,1
MFI_KE_001923,34,F,Kisii,35,35,17,50833.33,50922.85,15972.15,2,33079.39,37774.94,60885.73,0.9015,8,0.5063,0,2
MFI_KE_001924,45,M,Migori,2,26,19,55529.12,50390.13,43854.16,5,80038.42,91606.3,462128.97,0.9812,11,0.4876,1,2
MFI_KE_001925,20,M,Migori,3,2,0,16263.45,12336.24,2615.83,0,0.0,0.0,0.0,1.0,13,0.5941,0,5
MFI_KE_001926,28,M,Meru,21,7,8,132251.37,114419.05,3289.23,4,191069.72,212012.87,777277.53,0.6158,3,0.2145,1,3
MFI_KE_001927,41,F,Turkana,8,7,3,50931.79,43639.72,5845.06,2,128281.43,220087.61,303537.24,0.9024,4,0.4774,1,3
MFI_KE_001928,49,F,Kitui,44,9,5,93985.59,77948.44,7456.75,3,44916.61,88676.69,116448.48,0.6556,5,0.3928,1,3
MFI_KE_001929,52,F,Migori,4,7,1,86395.19,66255.02,7354.94,5,57823.93,65766.22,267509.25,0.6166,2,0.4634,0,3
MFI_KE_001930,38,M,Homa Bay,16,9,10,250550.81,187186.69,8879.91,1,36987.61,57666.11,36975.45,0.8427,5,0.3162,1,3
MFI_KE_001931,29,M,Murang'a,3,4,7,34919.82,30495.95,482.45,0,0.0,0.0,0.0,1.0,91,0.9059,0,5
MFI_KE_001932,31,F,Kakamega,2,32,25,170447.57,166491.36,15636.27,3,59514.19,103004.87,157774.85,0.8353,4,0.8077,0,2
MFI_KE_001933,22,F,Nakuru,5,43,57,11622.06,11965.93,1029.99,8,3004.8,4941.46,22332.31,0.7124,8,0.6815,0,1
MFI_KE_001934,31,M,Kilifi,28,19,20,25318.05,25480.56,12114.15,3,39982.7,53237.05,97864.78,0.9958,2,0.5795,0,2
MFI_KE_001935,25,M,Mombasa,2,25,50,5257.56,5498.33,258.99,9,2105.53,2420.24,16338.99,0.7298,3,0.5905,0,1
MFI_KE_001936,41,M,Kilifi,5,6,9,23352.0,19838.73,8925.47,5,81207.02,92438.42,467247.5,0.7756,3,0.2162,1,3
MFI_KE_001937,71,F,Turkana,15,7,6,44368.25,38513.77,2606.77,5,112631.86,120661.37,602145.38,0.7695,9,0.4698,1,3
MFI_KE_001938,30,M,Meru,35,90,82,412028.29,299707.26,63117.21,6,78104.64,80530.15,428698.47,0.7812,1,0.5483,0,4
MFI_KE_001939,41,M,Garissa,85,84,72,328181.95,333503.38,29742.22,2,155002.42,234065.4,364669.1,0.8543,1,0.8142,1,4
MFI_KE_001940,23,F,Uasin Gishu,9,52,60,13128.29,13289.92,2140.04,6,1310.23,2399.53,6298.51,0.8132,0,0.7345,0,1
MFI_KE_001941,18,F,Mombasa,10,35,51,9286.17,6923.07,576.56,6,1942.56,2758.73,10026.94,0.7765,0,0.8908,0,1
MFI_KE_001942,36,F,Migori,9,70,72,777948.96,627919.38,26618.77,3,91735.83,151930.23,230157.19,0.7911,0,0.6749,0,4
MFI_KE_001943,38,M,Meru,49,46,41,34297.32,33737.26,287.7,11,2697.61,2730.31,27220.44,0.4258,5,0.7074,0,1
MFI_KE_001944,37,M,Bomet,30,9,3,201906.87,190500.24,295.51,0,0.0,0.0,0.0,0.7356,2,0.5234,1,3
MFI_KE_001945,20,F,Kakamega,12,2,2,735.75,519.09,160.61,0,0.0,0.0,0.0,1.0,77,0.415,0,5
MFI_KE_001946,42,F,Uasin Gishu,12,27,33,40434.62,30745.36,3151.67,1,56347.21,94682.5,64838.43,0.9594,2,0.5577,0,2
MFI_KE_001947,24,F,Kisumu,4,45,55,2453.83,2475.05,10312.23,7,1283.61,2358.0,7604.12,0.7273,0,0.9436,0,1
MFI_KE_001948,58,F,Garissa,29,7,6,312761.29,295487.2,11992.66,4,58099.71,109642.6,215253.98,0.9386,2,0.324,0,3
MFI_KE_001949,63,M,Murang'a,75,7,6,229584.38,182348.62,1321.28,3,49428.9,96792.78,155668.5,0.8523,10,0.5855,0,3
MFI_KE_001950,42,F,Bomet,57,76,64,80594.87,72964.24,38262.19,3,107111.28,166837.83,384801.7,0.9243,1,0.5282,0,4
MFI_KE_001951,29,F,Kakamega,23,81,75,422277.7,390639.6,59507.57,3,171218.21,210412.78,536658.47,0.9211,2,0.7625,0,4
MFI_KE_001952,30,M,Turkana,34,27,19,49002.92,37440.58,5701.19,1,19888.64,34813.56,17087.81,0.6962,5,0.49,0,2
MFI_KE_001953,34,M,Nyeri,4,3,3,7729.14,6109.43,224.1,1,3073.53,3434.61,2488.43,0.6601,135,0.608,0,5
MFI_KE_001954,48,F,Uasin Gishu,4,23,15,73676.91,62937.2,16167.39,6,18139.82,22287.32,100890.4,0.9421,4,0.7763,0,2
MFI_KE_001955,25,M,Mombasa,8,38,45,19246.02,17825.36,636.09,10,1448.24,1646.02,14659.66,0.8038,1,0.8983,1,1
MFI_KE_001956,48,M,Embu,5,80,75,323258.23,297821.55,17209.29,8,76971.37,78972.44,667151.7,0.7544,1,0.5588,0,4
MFI_KE_001957,22,F,Nakuru,3,4,6,6689.06,5811.11,2449.8,1,2895.6,3894.56,2747.95,0.6458,141,0.6546,0,5
MFI_KE_001958,41,F,Nyeri,1,3,4,1209.52,1202.03,1033.61,1,1385.44,1838.42,1533.35,0.8144,21,0.4636,0,5
MFI_KE_001959,45,M,Kakamega,7,8,4,17338.25,15457.91,9274.38,0,0.0,0.0,0.0,0.8973,5,0.4423,1,3
MFI_KE_001960,54,M,Nakuru,7,1,3,1417.47,1400.85,3208.31,0,0.0,0.0,0.0,1.0,27,0.694,0,5
MFI_KE_001961,50,F,Kitui,10,20,22,133678.1,119568.14,14874.22,2,24147.79,43108.87,40812.39,0.8234,23,0.7493,0,2
MFI_KE_001962,48,F,Kakamega,10,85,68,165301.74,132933.57,19837.18,6,221370.45,402016.46,1569557.0,0.6333,0,0.4324,0,4
MFI_KE_001963,43,F,Kilifi,3,5,1,3368.45,2889.05,292.62,0,0.0,0.0,0.0,1.0,87,0.3013,0,5
MFI_KE_001964,53,F,Murang'a,6,65,74,975958.84,964826.48,48932.91,5,89176.55,129615.41,419740.26,0.8287,2,0.4218,1,4
MFI_KE_001965,27,F,Murang'a,6,32,49,9194.34,8250.59,779.24,5,1795.13,2495.67,9659.95,0.683,0,0.6472,0,1
MFI_KE_001966,47,F,Kisumu,12,17,30,218446.91,171743.46,18244.59,8,79825.87,96182.8,550420.33,0.9972,1,0.633,0,2
MFI_KE_001967,35,F,Trans Nzoia,13,75,68,648172.27,648251.48,23108.91,7,250069.8,321876.71,1563500.6,0.6888,2,0.5231,1,4
MFI_KE_001968,44,F,Trans Nzoia,6,23,23,52986.89,38274.63,22733.76,1,140356.93,192486.79,137491.36,0.8796,7,0.6823,0,2
MFI_KE_001969,58,F,Homa Bay,2,28,18,65365.36,53897.62,13547.19,6,45784.53,70513.41,328671.41,0.9006,1,0.4044,1,2
MFI_KE_001970,37,F,Nyeri,8,21,26,33899.51,33879.53,60839.02,0,0.0,0.0,0.0,0.9969,4,0.7056,0,2
MFI_KE_001971,24,M,Bungoma,1,4,3,1094.29,887.54,1136.93,0,0.0,0.0,0.0,1.0,42,0.4795,0,5
MFI_KE_001972,21,F,Uasin Gishu,52,34,55,13311.46,12741.08,902.87,7,4184.67,6581.3,26970.01,0.6288,0,0.8235,0,1
MFI_KE_001973,23,M,Kiambu,38,52,45,8653.97,7078.55,19622.29,2,1823.12,2856.21,4137.23,0.7297,4,0.8224,0,1
MFI_KE_001974,31,M,Trans Nzoia,28,43,42,24579.93,21846.89,790.59,10,1322.83,1906.01,13244.01,0.6857,3,0.7383,0,1
MFI_KE_001975,52,M,Migori,9,10,3,34186.34,34672.93,24115.62,0,0.0,0.0,0.0,0.8854,3,0.291,1,3
MFI_KE_001976,37,F,Kisumu,88,35,52,11005.77,8573.36,1356.84,9,3502.57,4893.68,29640.11,0.4097,6,0.8559,0,1
MFI_KE_001977,23,F,Kiambu,14,39,55,5827.01,4575.72,3500.63,14,2764.32,3448.89,32701.57,0.6845,1,0.9768,1,1
MFI_KE_001978,18,M,Nakuru,24,35,46,8804.19,7364.34,2609.51,5,809.68,868.08,4532.71,0.6306,2,0.8223,1,1
MFI_KE_001979,42,F,Homa Bay,22,29,14,25372.0,21242.85,5478.32,6,29878.81,44382.69,188222.72,0.7717,10,0.7611,0,2
MFI_KE_001980,33,F,Kisii,1,2,3,8607.45,9011.6,329.09,0,0.0,0.0,0.0,1.0,49,0.4554,0,5
MFI_KE_001981,37,M,Kericho,5,1,1,8964.56,8055.47,976.14,1,2336.97,2714.45,2778.21,0.0518,33,0.5397,1,5
MFI_KE_001982,27,M,Nyeri,19,48,44,7786.39,8164.11,1223.53,6,2518.53,3109.09,13328.99,0.8529,0,0.7848,0,1
MFI_KE_001983,54,F,Kericho,9,9,2,246604.05,178913.17,29718.83,1,62502.07,99585.76,70439.26,0.6965,7,0.4049,1,3
MFI_KE_001984,22,F,Homa Bay,3,9,6,51195.17,45993.29,4537.88,4,50551.66,56304.63,200066.39,0.7938,7,0.6417,1,3
MFI_KE_001985,34,F,Kitui,17,25,15,36181.49,30462.19,11890.1,6,19906.62,27586.21,142499.66,0.9563,15,0.8053,0,2
MFI_KE_001986,48,M,Kisumu,10,94,70,499893.3,453427.67,15678.03,3,293700.24,332599.31,786183.17,0.8611,0,0.2763,0,4
MFI_KE_001987,48,F,Kilifi,11,14,8,20533.06,18820.59,16649.46,0,0.0,0.0,0.0,0.8701,3,0.351,1,3
MFI_KE_001988,25,M,Kiambu,15,57,43,14326.48,14202.67,991.42,10,3174.12,6298.25,30618.77,0.7824,3,0.8492,0,1
MFI_KE_001989,33,M,Nakuru,19,25,22,177469.85,175521.11,6730.86,3,45275.11,86733.76,159409.24,0.9299,10,0.7136,0,2
MFI_KE_001990,32,M,Machakos,22,6,3,89612.0,94012.44,3235.76,2,62585.76,73901.65,105722.97,0.7461,9,0.155,1,3
MFI_KE_001991,39,M,Kisii,4,21,16,151359.73,121978.03,5050.33,4,43992.75,50845.22,186175.15,0.9396,3,0.5209,0,2
MFI_KE_001992,29,M,Meru,12,19,15,46624.76,44877.6,5595.86,3,30877.37,34723.83,78143.56,0.7377,7,0.6955,1,2
MFI_KE_001993,40,M,Meru,52,24,24,92589.26,89315.71,6028.99,6,21748.84,31531.44,130837.51,0.9965,12,0.543,0,2
MFI_KE_001994,36,M,Kitui,10,21,30,56554.18,58477.33,17048.95,2,26313.84,26473.24,54184.97,0.9254,1,0.8502,0,2
MFI_KE_001995,30,F,Kakamega,18,38,23,51833.03,40684.77,7111.47,3,38667.83,64066.08,118790.97,0.929,1,0.5954,1,2
MFI_KE_001996,34,F,Kitui,8,1,5,18568.35,18712.62,1000.65,0,0.0,0.0,0.0,1.0,51,0.6994,0,5
MFI_KE_001997,40,F,Bomet,10,24,20,124877.77,117263.45,9381.9,6,17682.94,28875.32,112906.41,0.9578,13,0.7053,0,2
MFI_KE_001998,37,F,Kiambu,37,27,25,31509.03,29738.84,10136.45,3,58811.62,117177.6,144484.08,0.942,9,0.709,1,2
MFI_KE_001999,18,F,Turkana,10,2,3,7779.68,6562.42,420.81,1,1614.12,2760.02,1704.35,0.5651,215,0.7932,0,5
MFI_KE_002000,27,F,Machakos,19,15,6,197193.39,205636.81,2420.85,0,0.0,0.0,0.0,0.9112,3,0.4486,1,3
MFI_KE_002001,22,F,Mombasa,42,52,65,13661.21,14025.12,2006.02,6,3861.19,6594.5,23422.83,0.8599,3,0.9797,0,1
MFI_KE_002002,27,M,Turkana,24,23,21,85216.78,79901.89,64598.86,4,35817.41,36799.9,156270.13,0.95,10,0.8437,0,2
MFI_KE_002003,38,F,Kakamega,27,22,17,81006.27,64446.88,21328.69,5,22494.16,42572.53,114723.21,0.9821,3,0.3834,1,2
MFI_KE_002004,27,M,Kiambu,31,23,47,12518.21,12060.6,5403.63,15,887.23,1347.4,12209.05,0.7812,1,0.8676,0,1
MFI_KE_002005,19,F,Nairobi,2,2,4,3662.53,3317.53,541.18,0,0.0,0.0,0.0,1.0,13,0.7267,0,5
MFI_KE_002006,21,F,Kisumu,9,34,42,2704.11,2658.15,757.96,12,1068.43,1239.11,13230.9,0.74,3,0.9175,0,1
MFI_KE_002007,18,M,Migori,34,45,42,7468.27,6286.81,3966.72,5,3962.26,6649.4,17883.52,0.6945,2,0.9682,0,1
MFI_KE_002008,48,M,Garissa,14,91,75,183312.39,137567.34,20649.52,6,130305.76,169993.28,748678.62,0.8689,5,0.8233,0,4
MFI_KE_002009,32,F,Embu,19,6,3,99803.87,87699.92,7971.85,3,79073.9,98098.06,250784.47,0.8139,17,0.4886,1,3
MFI_KE_002010,23,F,Nairobi,2,41,58,6987.51,5131.43,934.68,8,1740.04,3278.98,12297.7,0.7606,3,0.8648,0,1
MFI_KE_002011,32,F,Nakuru,1,1,10,1956.51,1746.8,646.84,2,2279.36,2307.46,4929.15,0.4398,109,0.3563,0,5
MFI_KE_002012,27,F,Mombasa,6,3,2,2611.84,2709.15,721.62,1,1359.19,1918.9,1281.37,0.6067,68,0.7445,0,5
MFI_KE_002013,26,F,Nakuru,6,44,57,16096.52,12756.75,1118.46,7,735.85,897.75,4534.75,0.5416,0,0.6806,0,1
MFI_KE_002014,26,F,Nakuru,2,29,49,10379.52,9598.88,712.75,10,1897.65,2669.7,21559.52,0.3874,12,0.9691,0,1
MFI_KE_002015,47,F,Kitui,7,30,21,83173.01,80172.69,19710.53,4,37991.81,51645.0,122025.42,0.944,14,0.8488,0,2
MFI_KE_002016,39,M,Meru,18,36,21,20757.09,20185.95,32691.13,2,27372.36,38123.64,50474.42,0.8355,5,0.8225,0,2
MFI_KE_002017,42,F,Meru,39,78,86,204086.2,209020.42,11033.64,5,208014.48,408889.78,1108999.04,0.7244,0,0.3872,1,4
MFI_KE_002018,42,F,Kisumu,3,2,3,5616.29,5729.34,328.38,3,1301.16,2191.96,3691.78,0.7766,127,0.6315,0,5
MFI_KE_002019,32,M,Bungoma,4,78,75,129524.12,110534.07,36220.83,4,204891.49,358936.52,681674.2,0.7241,2,0.4805,1,4
MFI_KE_002020,46,F,Kakamega,15,25,25,64152.2,55489.94,13344.09,3,25937.35,42211.46,75489.21,0.9181,1,0.8184,0,2
MFI_KE_002021,55,F,Garissa,33,19,27,18534.73,13903.33,11906.2,3,90096.91,108451.09,222216.98,0.912,4,0.5968,0,2
MFI_KE_002022,45,F,Garissa,11,73,61,153345.28,131251.92,4930.16,1,88166.31,129642.51,74104.58,0.7756,3,0.6666,1,4
MFI_KE_002023,52,F,Embu,42,21,13,66436.6,63971.25,45720.64,2,75314.73,94418.03,149803.59,0.8936,2,0.6315,1,2
MFI_KE_002024,57,F,Nyeri,5,8,5,48864.19,41084.22,4400.08,5,40702.87,48821.23,174734.78,0.8715,1,0.8001,1,3
MFI_KE_002025,44,M,Machakos,2,81,80,73800.71,63688.89,18531.05,7,187628.24,284166.18,1127963.65,0.8264,0,0.422,0,4
MFI_KE_002026,41,M,Nakuru,4,26,15,29904.9,30666.02,42953.81,3,43542.04,60342.55,149181.31,0.991,8,0.3686,0,2
MFI_KE_002027,30,F,Nakuru,19,47,56,5491.38,4924.32,1346.03,7,2425.71,2772.64,15216.42,0.5607,6,0.807,0,1
MFI_KE_002028,38,F,Migori,30,25,22,93940.19,85290.82,5506.64,1,27734.28,47963.48,28111.64,0.9745,19,0.6847,0,2
MFI_KE_002029,47,M,Murang'a,7,15,3,21702.58,19879.14,6137.1,5,72343.85,131416.77,322405.34,0.9002,3,0.1932,1,3
MFI_KE_002030,30,M,Nairobi,11,33,54,35505.34,25467.0,2738.84,10,1691.75,2784.65,18110.71,0.5894,0,0.9692,0,1
MFI_KE_002031,22,M,Kiambu,5,36,58,24630.87,25817.92,1259.99,8,2310.52,3818.23,17691.25,0.5734,4,0.7944,0,1
MFI_KE_002032,42,F,Kilifi,3,1,2,3421.29,3094.31,815.67,1,2677.8,5130.04,2362.69,0.2738,22,0.5533,0,5
MFI_KE_002033,32,F,Mombasa,2,29,44,10302.26,7962.4,1899.06,12,5278.32,6481.86,66187.84,0.7447,3,0.7872,0,1
MFI_KE_002034,33,F,Kiambu,8,19,24,49246.24,49539.71,6718.51,2,31171.72,40475.14,57244.15,0.966,6,0.7475,0,2
MFI_KE_002035,42,M,Machakos,27,8,8,13810.59,13849.76,10962.92,0,0.0,0.0,0.0,0.8433,15,0.5912,1,3
MFI_KE_002036,50,M,Bungoma,3,6,8,49976.18,42585.91,6304.72,2,177937.43,304251.25,389934.65,0.8713,14,0.2698,0,3
MFI_KE_002037,39,M,Uasin Gishu,2,22,25,45067.25,46957.27,35951.62,4,38511.43,50474.75,183715.07,0.9509,5,0.7339,0,2
MFI_KE_002038,47,M,Embu,3,88,60,85737.05,62364.22,22378.53,4,94741.07,183140.35,446550.67,0.932,0,0.6447,1,4
MFI_KE_002039,20,F,Turkana,1,1,1,2172.04,2258.35,444.88,2,3816.68,5072.68,8115.15,0.8143,199,0.8624,0,5
MFI_KE_002040,49,M,Kitui,13,25,17,86220.75,84622.95,18850.55,3,46694.9,70066.61,126192.5,0.8991,3,0.7399,0,2
MFI_KE_002041,22,M,Homa Bay,11,11,7,54194.28,55304.65,5837.71,7,28055.89,39119.79,208485.17,0.9104,3,0.5793,1,3
MFI_KE_002042,41,F,Garissa,16,8,3,22995.54,21202.15,14360.31,1,56034.92,103635.38,56072.42,0.7325,10,0.667,1,3
MFI_KE_002043,28,F,Uasin Gishu,22,22,24,39962.29,28424.32,29652.42,2,31775.67,35746.31,67674.31,0.9656,3,0.5306,0,2
MFI_KE_002044,29,M,Homa Bay,4,83,63,304245.58,315881.97,35943.41,6,187390.09,298173.55,1182663.7,0.9317,11,0.7645,1,4
MFI_KE_002045,44,M,Kitui,28,20,26,56998.36,54357.5,7147.61,1,44996.31,89321.42,37091.09,0.9958,1,0.5618,0,2
MFI_KE_002046,42,F,Bomet,58,21,13,26474.2,27642.4,7184.25,5,23419.5,35336.54,137117.7,0.8947,15,0.2546,0,2
MFI_KE_002047,41,M,Mombasa,22,28,19,33966.77,31558.99,40655.38,2,25089.92,42662.73,56014.19,0.857,2,0.6191,0,2
MFI_KE_002048,28,M,Trans Nzoia,18,35,44,15128.66,15030.97,2539.12,6,1860.18,3176.04,10803.78,0.5272,0,0.8175,0,1
MFI_KE_002049,22,M,Nyeri,8,86,70,180864.77,130007.7,38847.2,9,249218.53,342191.55,1798649.97,0.8564,1,0.6145,0,4
MFI_KE_002050,19,F,Nyeri,5,1,1,1021.33,833.16,1837.4,0,0.0,0.0,0.0,1.0,143,0.8641,0,5
MFI_KE_002051,31,F,Mombasa,5,42,51,21145.76,20959.68,3284.29,7,1738.13,3124.75,13475.13,0.665,0,0.8433,1,1
MFI_KE_002052,35,F,Meru,8,1,1,15406.7,12100.18,1343.69,1,2329.29,2674.31,2342.79,0.1649,54,0.8337,0,5
MFI_KE_002053,41,F,Garissa,41,22,36,75279.78,61003.07,25733.05,2,68736.24,116116.45,127264.42,0.9717,11,0.5261,0,2
MFI_KE_002054,31,M,Homa Bay,3,3,4,1206.67,935.27,745.99,1,2632.94,4321.85,2675.63,0.7199,14,0.6301,0,5
MFI_KE_002055,23,F,Nakuru,61,37,48,1791.37,1646.78,1250.78,10,871.34,1066.54,9290.98,0.8078,4,0.9375,0,1
MFI_KE_002056,36,M,Kisii,1,4,3,1605.02,1219.03,344.44,1,1257.33,2327.78,1349.93,0.167,55,0.7766,0,5
MFI_KE_002057,48,M,Migori,3,80,67,104323.28,80483.96,191229.33,6,206972.99,229764.8,1172449.47,0.9004,1,0.5264,0,4
MFI_KE_002058,29,F,Laikipia,1,2,0,1704.09,1741.72,593.62,1,1046.02,2054.89,1075.58,0.3995,41,0.82,0,5
MFI_KE_002059,37,F,Mombasa,32,90,79,1019947.0,811108.08,147208.45,4,133339.89,155509.27,520505.78,0.9114,0,0.6377,1,4
MFI_KE_002060,26,F,Uasin Gishu,2,39,42,6156.02,4643.71,1169.39,5,3478.52,5098.65,19168.42,0.5366,1,0.9038,0,1
MFI_KE_002061,37,M,Kilifi,2,10,5,31416.6,29881.82,3236.92,2,91349.74,93208.42,174620.06,0.8988,12,0.2924,1,3
MFI_KE_002062,28,M,Laikipia,5,2,1,2381.7,2394.93,3241.92,0,0.0,0.0,0.0,1.0,64,0.5834,0,5
MFI_KE_002063,36,M,Kisumu,10,42,37,7761.29,7770.25,2008.25,8,6386.06,8372.85,53640.77,0.6812,8,0.9832,0,1
MFI_KE_002064,28,F,Nairobi,10,34,45,19554.8,17668.21,4107.57,11,500.0,979.13,4544.03,0.906,0,0.8516,0,1
MFI_KE_002065,21,F,Kisumu,5,41,49,2646.07,1899.99,9788.0,14,1220.24,2096.87,16455.89,0.4616,1,0.7676,1,1
MFI_KE_002066,62,F,Garissa,7,4,5,77648.41,62495.04,1999.58,5,41356.69,41744.46,190751.27,0.752,7,0.4349,1,3
MFI_KE_002067,48,F,Trans Nzoia,6,31,18,53565.78,52648.18,18667.54,5,36448.46,59811.49,168388.25,0.9388,3,0.6383,0,2
MFI_KE_002068,40,M,Meru,27,16,17,83861.92,85289.9,30922.47,5,44139.68,72082.32,178661.91,0.9811,1,0.8292,0,2
MFI_KE_002069,27,F,Laikipia,54,27,40,105132.78,81502.64,1019.55,8,603.06,764.29,4543.23,0.6737,1,0.819,0,1
MFI_KE_002070,22,F,Embu,2,79,62,609343.59,566921.0,268264.49,5,465562.69,664919.89,1996690.13,0.6302,0,0.3867,0,4
MFI_KE_002071,27,F,Mombasa,25,40,51,34513.41,27808.47,1147.26,6,2631.58,3020.11,17906.56,0.6037,5,0.8267,0,1
MFI_KE_002072,60,F,Embu,14,4,9,74211.85,70084.15,43700.32,4,25418.19,25749.24,107950.41,0.6296,8,0.4038,1,3
MFI_KE_002073,43,F,Meru,41,20,14,56827.99,56074.85,9729.24,4,77457.41,120676.01,249949.49,0.9403,36,0.699,0,2
MFI_KE_002074,33,F,Kakamega,12,83,79,500104.36,414018.1,11072.24,12,110886.34,174645.15,1383250.94,0.9331,3,0.3861,0,4
MFI_KE_002075,35,M,Kiambu,9,46,61,53681.07,40652.19,1660.76,1,1379.15,1412.21,1369.83,0.7189,1,0.897,0,1
MFI_KE_002076,24,F,Kiambu,24,35,38,15642.0,14225.92,1523.43,5,2799.27,4777.61,12813.43,0.7526,1,0.757,0,1
MFI_KE_002077,26,M,Kisumu,3,53,62,9998.22,9101.9,1237.41,6,1925.63,3584.33,11930.17,0.5526,1,0.9612,0,1
MFI_KE_002078,48,M,Kitui,1,2,3,25594.98,23504.21,2302.95,2,2174.86,2757.27,4171.05,0.2245,23,0.5796,0,5
MFI_KE_002079,23,F,Turkana,37,31,22,80714.1,74107.73,6988.34,6,99818.5,192774.71,607746.27,0.8414,20,0.7742,0,2
MFI_KE_002080,73,F,Homa Bay,20,5,3,46477.4,36722.39,18563.1,1,96888.13,147730.14,100459.12,0.8888,8,0.7621,1,3
MFI_KE_002081,41,F,Turkana,23,72,68,169369.37,174824.69,34226.22,9,173755.84,251918.58,1420690.5,0.9092,2,0.39,1,4
MFI_KE_002082,18,F,Kiambu,7,2,1,1103.17,790.23,458.6,1,1709.09,2886.87,1971.54,0.5809,156,0.6697,0,5
MFI_KE_002083,33,F,Machakos,33,96,74,85735.36,64992.06,50377.13,7,141953.17,269399.17,1007930.27,0.8905,3,0.4709,0,4
MFI_KE_002084,37,M,Kakamega,17,24,25,81833.14,66889.81,16985.78,2,34180.48,44948.29,77287.32,0.9562,2,0.8279,0,2
MFI_KE_002085,19,M,Mombasa,7,45,49,12828.97,10568.14,1014.68,5,3147.71,5901.71,15514.06,0.5917,0,0.8604,0,1
MFI_KE_002086,37,M,Bungoma,36,80,66,180189.65,141863.27,39299.38,6,135606.96,244017.97,811536.68,0.7911,3,0.3912,0,4
MFI_KE_002087,32,M,Meru,2,27,20,100257.33,78259.54,23367.5,1,38147.9,71921.39,43585.21,0.8923,13,0.7082,1,2
MFI_KE_002088,46,M,Bungoma,10,3,8,29333.95,25922.03,2674.6,1,22051.47,23817.83,26251.63,0.8297,11,0.3147,1,3
MFI_KE_002089,31,M,Homa Bay,14,25,27,108115.41,82277.25,20832.52,1,37472.06,63065.02,44720.75,0.8648,16,0.7362,0,2
MFI_KE_002090,50,M,Kisii,9,80,67,393521.64,343631.45,15981.25,6,168816.18,325804.55,902725.41,0.6924,1,0.541,0,4
MFI_KE_002091,24,F,Uasin Gishu,31,34,35,17074.04,13208.59,1358.91,7,1664.91,2418.54,9581.14,0.5699,0,0.7499,1,1
MFI_KE_002092,28,M,Nakuru,29,36,64,20982.83,15191.13,1492.26,6,3446.58,5408.29,22263.18,0.7369,0,0.955,0,1
MFI_KE_002093,37,F,Kericho,42,99,72,175248.52,125652.98,79600.08,3,145980.94,254380.4,454418.63,0.7921,2,0.785,0,4
MFI_KE_002094,39,F,Uasin Gishu,91,26,22,59251.98,57129.03,19782.06,2,58063.27,84871.61,118342.33,0.9943,4,0.6374,0,2
MFI_KE_002095,25,F,Mombasa,12,33,22,153725.49,160897.72,28854.75,1,20028.35,27328.39,23055.98,0.93,3,0.6453,0,2
MFI_KE_002096,40,M,Nakuru,27,22,28,63948.12,58027.2,14912.83,2,43562.83,62713.11,72629.17,0.988,4,0.4172,0,2
MFI_KE_002097,30,M,Kilifi,3,30,14,175951.07,151708.01,3697.33,1,78862.14,118318.4,81916.18,0.7132,8,0.7346,0,2
MFI_KE_002098,36,F,Trans Nzoia,9,12,8,35753.19,30792.31,13249.9,4,49992.63,52858.14,202018.33,0.6349,1,0.4392,1,3
MFI_KE_002099,48,F,Kitui,55,8,9,28082.25,24437.49,9484.61,2,23012.74,35986.94,48548.15,0.5885,13,0.556,1,3
MFI_KE_002100,33,M,Kitui,20,87,69,798062.63,728350.37,25359.21,9,141187.24,201376.11,1517798.71,0.8906,1,0.5424,0,4
MFI_KE_002101,38,M,Bungoma,4,20,26,98585.16,71010.65,45789.57,2,41373.54,53185.93,89263.63,0.9771,1,0.3411,1,2
MFI_KE_002102,27,F,Kiambu,34,43,51,18221.27,17890.78,4663.48,10,2658.94,2742.99,27607.34,0.6049,6,0.8558,0,1
MFI_KE_002103,36,F,Murang'a,7,33,18,28341.79,26386.7,13436.5,0,0.0,0.0,0.0,0.9115,14,0.5319,0,2
MFI_KE_002104,57,F,Meru,7,8,8,44333.34,42662.1,7808.66,1,37051.22,66442.79,43050.03,0.6637,17,0.5245,1,3
MFI_KE_002105,34,F,Murang'a,21,10,10,123451.66,113179.47,3326.54,2,70747.28,75083.13,124408.25,0.9745,15,0.3693,0,3
MFI_KE_002106,41,M,Embu,3,0,4,2017.91,1821.29,2584.31,1,1947.53,2283.32,2102.87,0.4299,24,0.5742,1,5
MFI_KE_002107,37,F,Kisumu,12,81,89,94157.19,66254.1,114881.08,3,144395.44,169690.75,410735.24,0.9341,1,0.4492,0,4
MFI_KE_002108,50,M,Bungoma,45,30,18,159653.56,112178.1,42099.72,1,88320.41,94538.74,98449.36,0.8445,10,0.449,1,2
MFI_KE_002109,22,M,Nairobi,3,47,62,30075.44,29720.66,1994.05,10,2206.3,3190.07,22332.75,0.7223,2,0.8315,0,1
MFI_KE_002110,27,F,Kisumu,10,20,21,69873.38,61029.38,18800.44,3,112793.41,186717.11,283002.7,0.9896,2,0.7556,0,2
MFI_KE_002111,57,F,Kisii,5,0,3,7670.57,8000.05,197.53,0,0.0,0.0,0.0,1.0,11,0.7081,0,5
MFI_KE_002112,26,M,Kisumu,10,46,52,5372.18,5162.06,1819.18,9,1151.38,2015.15,10490.86,0.5956,1,0.9758,0,1
MFI_KE_002113,40,F,Kitui,29,34,27,65325.07,53917.23,6476.82,1,42983.58,85765.14,50825.18,0.9371,11,0.6064,0,2
MFI_KE_002114,44,M,Meru,30,86,54,775160.08,746558.94,66296.8,4,148665.92,185112.58,538798.27,0.9532,4,0.2621,0,4
MFI_KE_002115,40,M,Uasin Gishu,102,20,19,129443.13,100325.74,6714.62,1,27642.58,51486.75,28473.96,0.9869,3,0.6821,0,2
MFI_KE_002116,34,M,Kisii,1,1,4,2744.63,1954.84,874.4,1,1396.24,1468.74,1428.76,0.6307,67,0.6362,0,5
MFI_KE_002117,22,M,Kisii,1,1,4,676.56,481.22,645.5,0,0.0,0.0,0.0,1.0,98,0.5696,0,5
MFI_KE_002118,28,F,Nakuru,1,2,2,992.47,852.23,1942.85,0,0.0,0.0,0.0,1.0,74,0.3205,0,5
MFI_KE_002119,54,F,Embu,61,5,9,59562.96,56022.7,1418.46,3,95869.94,147456.01,293703.69,0.7001,1,0.2129,1,3
MFI_KE_002120,20,F,Kisumu,7,56,58,11152.96,9207.35,22365.42,12,1734.0,2546.05,21852.59,0.5292,12,0.9776,0,1
MFI_KE_002121,23,F,Uasin Gishu,11,48,52,21864.79,17343.39,3148.76,2,3381.8,5071.3,8040.07,0.7265,1,0.843,0,1
MFI_KE_002122,23,M,Homa Bay,26,39,63,17438.73,16373.7,569.92,4,1925.51,2290.32,7828.06,0.5988,3,0.811,0,1
MFI_KE_002123,44,M,Bomet,42,20,14,78029.12,77074.86,12189.14,5,39541.82,44559.82,218293.67,0.9358,23,0.6089,1,2
MFI_KE_002124,35,F,Kakamega,1,0,3,2511.1,2113.09,1791.94,1,1837.16,2566.5,1906.92,0.5453,174,0.5985,0,5
MFI_KE_002125,55,M,Nairobi,3,0,1,3931.49,3737.23,351.53,0,0.0,0.0,0.0,1.0,20,0.5448,0,5
MFI_KE_002126,40,M,Kisumu,4,30,21,154970.78,151251.28,12344.5,3,65457.21,129215.66,172950.06,0.9496,4,0.5943,1,2
MFI_KE_002127,46,M,Kisumu,4,3,1,6213.9,4561.41,441.54,2,1422.64,2766.82,2427.4,0.4409,18,0.3976,0,5
MFI_KE_002128,38,M,Turkana,66,15,5,62137.59,55321.81,2821.29,3,177834.43,221504.92,484345.35,0.7148,1,0.5699,1,3
MFI_KE_002129,23,M,Machakos,1,4,4,2921.18,3019.33,743.27,1,1816.58,3046.9,1683.36,0.7036,101,0.7122,0,5
MFI_KE_002130,29,F,Nairobi,14,47,54,100062.25,101990.32,1155.56,6,1250.73,1921.34,8705.46,0.9152,3,0.8014,0,1
MFI_KE_002131,27,F,Murang'a,34,23,20,100904.75,92499.95,4582.98,5,17836.57,18629.84,106422.08,0.8144,6,0.6276,1,2
MFI_KE_002132,26,M,Kiambu,3,22,23,240933.76,190102.52,13797.62,3,27300.0,30461.8,92417.85,0.8487,8,0.7464,0,2
MFI_KE_002133,27,F,Machakos,18,9,8,63722.91,44892.37,2262.74,1,23153.55,41788.41,19783.68,0.8526,7,0.1859,1,3
MFI_KE_002134,56,F,Laikipia,5,7,8,29600.49,25151.38,4417.76,0,0.0,0.0,0.0,0.5842,1,0.2872,1,3
MFI_KE_002135,18,M,Bungoma,5,1,3,6729.35,4841.15,1301.27,1,2491.62,3762.86,2823.26,0.461,150,0.6503,0,5
MFI_KE_002136,22,F,Kisumu,29,44,47,11046.1,11322.07,880.88,3,1423.96,2135.79,5052.63,0.8195,4,0.8446,0,1
MFI_KE_002137,18,F,Nairobi,31,47,42,8150.61,6286.45,2202.17,10,1442.88,1891.29,12034.97,0.5263,0,0.7322,0,1
MFI_KE_002138,45,M,Nakuru,72,85,62,160073.86,159166.01,15015.81,4,113492.72,124197.74,487562.33,0.8272,4,0.689,0,4
MFI_KE_002139,26,M,Murang'a,17,20,15,78136.02,60369.94,6407.92,2,52912.61,75027.45,92951.04,0.996,3,0.7685,0,2
MFI_KE_002140,36,F,Mombasa,29,24,15,39813.93,38221.18,6236.05,3,23609.76,34700.44,84575.84,0.9728,2,0.7077,0,2
MFI_KE_002141,30,M,Nakuru,4,39,47,4885.58,3916.26,3919.14,6,1122.68,1190.69,5854.53,0.6837,0,0.9258,1,1
MFI_KE_002142,20,M,Garissa,11,31,52,6435.59,6480.25,2634.76,12,1807.97,3009.83,22808.34,0.8504,2,0.8365,0,1
MFI_KE_002143,27,M,Kiambu,38,39,58,9819.17,8998.68,1418.26,10,1623.46,2430.13,15073.2,0.6286,1,0.84,0,1
MFI_KE_002144,25,F,Kiambu,2,41,50,15689.46,11210.7,5298.41,11,1287.57,1598.92,11398.3,0.6463,1,0.894,0,1
MFI_KE_002145,24,M,Nakuru,94,24,34,6122.49,5165.2,363.32,11,1629.91,2941.37,21253.7,0.3586,2,0.8902,0,1
MFI_KE_002146,50,F,Embu,31,13,6,17428.67,15525.18,510.4,2,127510.54,169372.46,304332.28,0.7367,2,0.7209,0,3
MFI_KE_002147,28,M,Nairobi,9,33,45,10213.9,9684.76,500.62,7,1598.97,2996.47,13121.97,0.7928,2,0.8534,0,1
MFI_KE_002148,31,M,Nairobi,11,30,46,5409.73,5310.83,6932.82,9,974.62,1140.18,9699.27,0.6673,1,0.8546,0,1
MFI_KE_002149,58,F,Homa Bay,27,9,5,62628.56,59367.19,10071.11,0,0.0,0.0,0.0,0.6996,5,0.5692,1,3
MFI_KE_002150,18,F,Embu,2,5,6,1093.92,835.58,646.55,0,0.0,0.0,0.0,1.0,10,0.5415,0,5
MFI_KE_002151,30,F,Uasin Gishu,24,43,51,14518.18,15077.93,2449.96,3,4695.06,6170.75,14296.13,0.6245,1,0.5102,0,1
MFI_KE_002152,22,F,Kisumu,12,40,56,20709.76,15729.02,3342.55,8,3609.56,6745.58,23169.62,0.525,6,0.8321,0,1
MFI_KE_002153,32,M,Uasin Gishu,31,34,48,2462.4,2214.17,1717.92,5,1793.0,1864.87,8202.15,0.4396,4,0.9871,0,1
MFI_KE_002154,29,F,Bungoma,22,21,23,101020.86,99224.23,7330.57,1,56751.65,96838.22,55079.35,0.8311,6,0.1788,1,2
MFI_KE_002155,33,F,Homa Bay,4,0,2,3781.29,3730.35,93.59,1,1821.54,3444.27,2092.43,0.2144,107,0.4458,0,5
MFI_KE_002156,28,M,Migori,37,49,48,32076.11,22963.51,2878.05,7,1084.28,2142.59,7236.82,0.7559,1,0.9965,0,1
MFI_KE_002157,38,M,Embu,36,27,25,72516.47,59940.12,9641.97,2,17075.22,21579.45,33771.56,0.937,2,0.604,0,2
MFI_KE_002158,38,F,Nyeri,16,22,16,78987.75,65666.51,7175.78,4,20796.81,31518.65,94566.33,0.8305,9,0.8693,0,2
MFI_KE_002159,26,M,Kisii,19,21,18,141877.91,143654.06,14206.6,2,56005.41,90277.66,91876.69,0.9847,3,0.5692,1,2
MFI_KE_002160,38,F,Garissa,22,26,18,64923.84,66813.97,6809.69,3,20741.42,22405.77,69752.69,0.975,7,0.6266,1,2
MFI_KE_002161,33,F,Turkana,15,7,2,42670.88,35888.95,1190.98,1,71346.34,116943.17,62737.33,0.6364,6,0.2089,1,3
MFI_KE_002162,28,F,Kisii,8,2,3,1303.39,1022.05,961.0,0,0.0,0.0,0.0,1.0,26,0.7328,0,5
MFI_KE_002163,26,M,Meru,12,34,58,6364.47,5195.04,5012.48,12,1269.59,2534.47,18142.9,0.6461,0,0.7975,0,1
MFI_KE_002164,48,F,Kiambu,64,19,19,60388.92,51383.8,25147.2,3,58769.46,67540.66,199436.95,0.9914,1,0.8155,0,2
MFI_KE_002165,41,M,Uasin Gishu,18,30,21,198003.75,163659.58,8196.52,2,30391.78,42791.73,68812.27,0.9311,5,0.4947,1,2
MFI_KE_002166,25,M,Nairobi,16,38,59,7557.18,7162.67,944.57,3,1149.29,1369.47,3541.06,0.5522,0,0.9192,0,1
MFI_KE_002167,58,M,Machakos,9,7,10,62295.73,55347.13,4257.46,0,0.0,0.0,0.0,0.9102,2,0.5111,1,3
MFI_KE_002168,32,M,Nyeri,5,39,33,7911.99,6043.83,1190.99,9,1693.77,2382.21,13671.2,0.5077,6,0.9144,0,1
MFI_KE_002169,21,M,Kiambu,14,43,43,21225.89,21369.28,1435.59,8,1576.09,3143.03,14282.01,0.429,0,0.9492,0,1
MFI_KE_002170,32,M,Murang'a,17,32,17,36890.05,33801.95,13561.78,1,21531.81,23439.72,19322.77,0.8962,12,0.8203,0,2
MFI_KE_002171,49,M,Garissa,3,2,3,14515.88,12522.09,42.1,0,0.0,0.0,0.0,1.0,314,0.3704,0,5
MFI_KE_002172,22,M,Uasin Gishu,2,2,6,1730.16,1624.74,1367.94,0,0.0,0.0,0.0,1.0,22,0.615,0,5
MFI_KE_002173,27,M,Nakuru,5,41,49,15893.09,15116.71,2187.89,12,1781.93,2903.42,18562.12,0.7104,6,0.7696,0,1
MFI_KE_002174,34,F,Migori,11,87,72,121520.76,114655.22,23054.57,6,393092.94,463025.96,2018611.17,0.6041,0,0.6184,0,4
MFI_KE_002175,55,F,Trans Nzoia,1,2,2,3782.23,3674.43,267.41,1,1423.35,1602.18,1476.0,0.9049,61,0.9399,0,5
MFI_KE_002176,52,M,Trans Nzoia,12,14,6,38264.53,36780.33,3063.72,1,79103.68,80930.31,82593.97,0.7971,10,0.654,1,3
MFI_KE_002177,40,F,Kakamega,1,2,1,1195.17,1240.5,167.85,0,0.0,0.0,0.0,1.0,25,0.4334,0,5
MFI_KE_002178,37,F,Machakos,31,27,18,121366.95,101272.7,6615.74,3,45332.54,84239.76,157842.64,0.9043,6,0.3975,0,2
MFI_KE_002179,29,M,Garissa,7,36,41,5496.43,5075.3,1680.96,10,1157.15,1422.11,10180.5,0.6121,1,0.913,1,1
MFI_KE_002180,54,F,Garissa,11,12,4,73688.82,58655.6,2580.66,0,0.0,0.0,0.0,0.5846,2,0.6358,1,3
MFI_KE_002181,22,F,Kiambu,15,33,57,27032.9,19905.77,2108.15,4,3752.12,6555.08,17176.95,0.574,2,0.7725,0,1
MFI_KE_002182,25,F,Uasin Gishu,15,29,40,33644.68,28166.53,665.63,5,1185.66,1917.29,6551.29,0.7012,0,0.9348,0,1
MFI_KE_002183,52,F,Mombasa,2,24,13,76924.13,54462.58,17137.8,3,38814.21,47235.14,115482.87,0.8784,17,0.723,0,2
MFI_KE_002184,33,F,Homa Bay,18,45,54,4699.35,4210.41,671.54,4,1600.55,1809.8,6984.67,0.5725,2,0.7833,1,1
MFI_KE_002185,54,F,Kisumu,5,16,22,97904.17,72589.06,20666.51,2,32039.05,49142.75,68024.46,0.8386,1,0.3978,0,2
MFI_KE_002186,21,M,Kisumu,1,2,3,2833.79,2152.59,1324.65,1,3067.9,3605.62,2911.88,0.8803,46,0.6503,0,5
MFI_KE_002187,25,F,Nakuru,21,39,49,9182.88,8795.19,1785.25,6,960.58,997.33,6797.03,0.7817,11,0.6327,0,1
MFI_KE_002188,25,M,Kiambu,6,54,48,2975.65,2848.19,3532.64,7,1425.53,1692.27,8304.49,0.6309,0,0.9198,0,1
MFI_KE_002189,41,F,Turkana,1,3,2,33923.57,29118.62,1264.08,0,0.0,0.0,0.0,1.0,66,0.6518,0,5
MFI_KE_002190,28,F,Kisii,1,1,1,1506.19,1402.12,883.57,0,0.0,0.0,0.0,1.0,17,0.808,0,5
MFI_KE_002191,24,M,Homa Bay,5,8,4,36538.25,25745.2,2801.24,1,90062.18,127913.58,75373.13,0.7962,1,0.3626,0,3
MFI_KE_002192,34,M,Kitui,5,31,18,68967.83,56395.58,77366.64,2,19521.59,22998.04,32710.07,0.9607,13,0.414,1,2
MFI_KE_002193,39,M,Turkana,55,76,68,146827.85,146981.95,85675.09,4,193176.69,324571.46,870007.15,0.7214,1,0.715,1,4
MFI_KE_002194,55,F,Turkana,17,7,4,14806.07,13874.53,14607.45,1,84887.34,143803.85,93804.76,0.8899,2,0.3692,1,3
MFI_KE_002195,22,F,Uasin Gishu,3,45,54,4603.17,4660.42,6576.07,8,2182.24,3701.55,20314.93,0.7371,1,0.9992,0,1
MFI_KE_002196,54,F,Migori,13,6,10,121402.25,113306.67,2007.09,1,74521.09,126500.13,60109.38,0.8219,23,0.4045,1,3
MFI_KE_002197,44,M,Migori,19,82,64,953069.32,966469.97,28568.79,5,87623.57,94758.28,521803.07,0.9442,0,0.2786,1,4
MFI_KE_002198,45,M,Machakos,31,25,19,55046.76,44776.38,7409.73,3,30235.89,43817.2,75938.29,0.9311,8,0.7443,1,2
MFI_KE_002199,23,M,Uasin Gishu,4,40,47,18639.6,15940.49,1350.15,5,3522.3,4710.22,15709.99,0.6807,7,0.6641,0,1
MFI_KE_002200,25,M,Nairobi,38,43,55,3951.83,2965.64,1929.23,4,1692.42,2372.74,6601.79,0.9146,7,0.8033,0,1
MFI_KE_002201,23,M,Kisumu,25,35,58,13974.75,10206.58,568.29,9,3585.76,4303.67,38381.82,0.6167,1,0.7983,1,1
MFI_KE_002202,19,F,Uasin Gishu,21,50,54,8687.3,6444.14,1350.39,12,2453.03,3231.64,24325.15,0.7454,2,0.6742,0,1
MFI_KE_002203,45,F,Mombasa,10,72,81,281178.49,203444.57,34460.64,5,181082.95,275008.9,800791.98,0.8053,0,0.7445,1,4
MFI_KE_002204,27,F,Nakuru,20,47,56,24199.29,19593.46,1516.13,8,1057.68,2006.88,7980.41,0.5063,0,0.8322,0,1
MFI_KE_002205,40,M,Garissa,17,24,25,97331.76,88278.96,7701.99,3,22586.9,33551.16,59743.57,0.9959,13,0.6037,1,2
MFI_KE_002206,34,F,Laikipia,17,22,21,150392.59,124088.42,35208.72,7,72891.6,113713.67,430693.69,0.9962,5,0.5567,0,2
MFI_KE_002207,49,M,Machakos,14,72,82,195444.99,177596.65,61990.52,2,52704.7,62097.87,92046.54,0.9233,6,0.4853,1,4
MFI_KE_002208,23,F,Mombasa,12,29,58,68583.75,59966.06,433.8,6,3649.86,4368.2,24281.0,0.6246,2,0.8577,0,1
MFI_KE_002209,33,M,Turkana,61,38,46,10230.57,8726.2,2038.64,11,1420.38,1421.58,15210.92,0.4209,0,0.6754,0,1
MFI_KE_002210,29,F,Nakuru,32,43,42,6376.48,5708.24,4540.08,3,1950.82,3404.42,5491.59,0.7042,3,0.9569,0,1
MFI_KE_002211,23,F,Kiambu,5,43,56,8891.9,8630.66,1964.57,7,546.26,773.75,3151.77,0.8144,1,0.903,0,1
MFI_KE_002212,35,M,Nyeri,5,16,17,49185.56,37090.16,17049.47,3,10823.2,12567.64,28745.45,0.9878,14,0.619,0,2
MFI_KE_002213,55,M,Bomet,1,3,3,5514.45,4216.23,560.37,0,0.0,0.0,0.0,1.0,74,0.852,0,5
MFI_KE_002214,53,F,Kisii,2,1,3,4757.57,4505.86,3052.87,0,0.0,0.0,0.0,1.0,29,0.6814,0,5
MFI_KE_002215,29,F,Kiambu,54,38,46,3626.3,2710.68,1459.67,3,2857.55,3844.2,8973.66,0.8723,1,0.9494,0,1
MFI_KE_002216,28,F,Nairobi,60,45,48,9827.79,7756.52,3057.97,5,1755.64,1791.42,8841.78,0.7753,3,0.9936,0,1
MFI_KE_002217,36,M,Embu,55,3,6,31150.74,26554.46,6266.61,0,0.0,0.0,0.0,0.7845,6,0.1571,0,3
MFI_KE_002218,38,F,Laikipia,14,25,14,53135.96,49639.99,10898.62,0,0.0,0.0,0.0,0.994,8,0.8052,1,2
MFI_KE_002219,31,M,Nairobi,20,53,44,8585.29,7735.38,622.9,4,2667.43,5292.12,10956.88,0.6002,8,0.6648,0,1
MFI_KE_002220,47,M,Murang'a,7,28,20,62968.72,52347.92,6773.31,5,26815.83,40894.95,156349.48,0.9479,1,0.5886,0,2
MFI_KE_002221,22,M,Nakuru,17,48,42,6385.29,5453.67,2624.41,6,1557.06,1611.55,9430.52,0.4725,3,0.9866,1,1
MFI_KE_002222,18,M,Kericho,1,1,2,1456.81,1022.53,553.16,0,0.0,0.0,0.0,1.0,66,0.845,0,5
MFI_KE_002223,23,F,Kisii,32,85,74,710390.71,693466.77,59215.5,2,112862.69,219123.29,184907.52,0.8145,1,0.586,0,4
MFI_KE_002224,44,M,Meru,35,25,20,44852.76,34343.19,23385.48,5,32287.71,40553.78,176700.85,0.9346,31,0.6772,1,2
MFI_KE_002225,20,M,Murang'a,43,38,57,3166.67,2769.58,3983.62,8,3742.79,6956.5,31669.27,0.7348,0,0.9356,0,1
MFI_KE_002226,31,M,Bungoma,29,46,57,9546.52,7331.34,1328.86,4,1739.27,2393.66,7734.55,0.2944,3,0.7957,0,1
MFI_KE_002227,23,M,Nakuru,14,45,46,4743.46,3699.39,23637.8,7,1701.04,1703.9,11023.1,0.9353,0,0.8619,0,1
MFI_KE_002228,56,F,Meru,11,7,4,32386.19,33259.25,1164.89,0,0.0,0.0,0.0,0.9495,1,0.8495,0,3
MFI_KE_002229,18,F,Mombasa,37,42,39,34422.66,30410.55,3951.97,13,2991.19,3897.47,43400.12,0.4976,0,0.9177,0,1
MFI_KE_002230,30,F,Uasin Gishu,23,39,55,17127.81,16838.96,2051.03,7,1825.27,1924.15,11002.54,0.7568,3,0.7843,0,1
MFI_KE_002231,36,M,Trans Nzoia,23,11,12,29799.99,30112.64,4387.24,3,116205.59,215178.96,368626.23,0.5944,5,0.6326,0,3
MFI_KE_002232,31,F,Migori,16,30,50,2921.36,2675.44,4314.49,6,2136.28,4085.67,11173.13,0.594,2,0.8202,0,1
MFI_KE_002233,42,F,Embu,2,66,67,95037.43,81486.57,30717.37,5,153384.1,274880.22,807863.47,0.6638,0,0.3766,1,4
MFI_KE_002234,42,F,Kisumu,9,27,27,34149.75,35150.65,8301.88,4,20506.61,24842.07,84388.73,0.7301,19,0.7836,0,2
MFI_KE_002235,24,F,Nakuru,79,34,57,25563.72,25341.69,437.78,11,1259.03,1505.01,13773.85,0.6247,1,0.9957,0,1
MFI_KE_002236,49,F,Turkana,8,78,68,176361.43,154758.02,37656.94,5,243265.59,248711.38,1203941.55,0.7641,0,0.3942,0,4
MFI_KE_002237,39,F,Kericho,5,25,23,104879.45,81270.02,17837.68,2,14169.9,21772.99,26103.77,0.9448,25,0.6359,0,2
MFI_KE_002238,42,M,Bungoma,18,26,13,64621.24,54538.57,28411.79,4,23625.41,26209.78,103525.71,0.9726,8,0.7322,1,2
MFI_KE_002239,28,M,Nairobi,9,34,51,44890.2,39539.04,6546.37,4,1278.39,2324.75,4744.99,0.6971,5,0.9586,0,1
MFI_KE_002240,22,F,Kiambu,9,29,36,25074.21,24826.52,1065.09,5,3162.62,5253.72,16327.62,0.606,0,0.9455,0,1
MFI_KE_002241,23,F,Nairobi,61,43,35,12190.97,12350.64,1541.18,12,3347.91,5747.58,42695.05,0.5159,7,0.9223,0,1
MFI_KE_002242,44,F,Meru,7,67,80,390573.02,395569.24,4906.93,4,85315.28,136748.74,356363.73,0.7737,1,0.6536,1,4
MFI_KE_002243,36,F,Trans Nzoia,19,17,22,122269.18,121691.68,13527.07,9,61507.67,97353.05,509077.46,0.9586,1,0.7033,0,2
MFI_KE_002244,18,F,Nyeri,20,42,48,31940.58,30865.27,684.88,7,3531.79,6355.16,29458.59,0.882,0,0.8978,0,1
MFI_KE_002245,25,F,Kiambu,23,31,61,6569.37,6805.29,1668.25,8,5765.75,7619.56,45093.33,0.6699,5,0.9494,0,1
MFI_KE_002246,26,F,Kiambu,3,36,51,9424.09,6680.39,5835.63,4,1682.64,2171.73,5946.57,0.491,1,0.9294,0,1
MFI_KE_002247,29,F,Uasin Gishu,2,47,43,10002.52,7969.27,4506.91,10,2084.79,2549.56,23911.97,0.7896,5,0.9563,1,1
MFI_KE_002248,58,M,Turkana,2,11,7,39319.87,31887.44,12235.91,1,68046.16,69456.57,77858.77,0.738,11,0.5525,0,3
MFI_KE_002249,33,F,Nairobi,16,23,47,23616.95,18315.68,918.8,14,1568.44,2895.12,21553.76,0.4975,2,0.811,0,1
MFI_KE_002250,34,M,Kericho,6,8,3,74632.15,53835.84,6047.83,1,71367.44,90645.66,70729.12,0.7008,3,0.4678,1,3
MFI_KE_002251,34,F,Kakamega,8,20,29,133770.92,121834.24,13308.63,2,34146.24,64438.58,80969.8,0.8302,3,0.5798,0,2
MFI_KE_002252,30,M,Mombasa,4,38,38,33347.7,27776.95,1950.93,3,3146.59,4734.29,8500.73,0.6325,13,0.9124,0,1
MFI_KE_002253,30,M,Uasin Gishu,14,45,42,65440.42,67965.02,3531.84,7,3203.51,4523.21,21561.4,0.6758,1,0.7051,0,1
MFI_KE_002254,26,M,Nakuru,12,39,65,10329.89,9727.32,1849.99,6,3129.44,3438.85,20891.98,0.6149,2,0.9793,0,1
MFI_KE_002255,47,F,Kericho,22,12,8,82407.56,72586.0,10155.62,4,52729.69,84965.48,171061.72,0.9203,8,0.3098,0,3
MFI_KE_002256,47,F,Embu,22,8,2,183186.29,164513.57,16881.61,3,142232.21,239757.68,372927.52,0.6664,17,0.6733,0,3
MFI_KE_002257,46,M,Bungoma,34,10,5,89375.1,69187.68,3202.78,1,28807.65,29963.03,32714.74,0.8717,1,0.6771,1,3
MFI_KE_002258,27,F,Nakuru,1,0,4,6030.7,5707.58,358.81,1,2646.57,2935.79,2998.84,0.2771,17,0.7848,0,5
MFI_KE_002259,24,M,Kiambu,17,36,54,2031.76,1753.64,2046.72,10,4336.11,5253.57,42111.45,0.7926,4,0.903,0,1
MFI_KE_002260,26,M,Uasin Gishu,11,45,55,12102.93,12025.17,3295.74,8,1947.8,2894.11,16749.19,0.6315,0,0.9147,0,1
MFI_KE_002261,30,F,Trans Nzoia,12,11,8,78930.68,61899.11,5885.69,4,40698.63,42808.8,177480.45,0.9545,7,0.2286,1,3
MFI_KE_002262,30,F,Meru,6,24,28,55878.42,47898.32,33300.66,4,17395.94,21103.85,65570.09,0.9769,28,0.8294,0,2
MFI_KE_002263,36,M,Bungoma,3,46,57,9663.78,9679.94,743.02,4,1337.25,1746.52,5680.29,0.6155,0,0.6562,0,1
MFI_KE_002264,54,M,Nakuru,18,75,78,327987.49,288720.82,13664.08,4,314529.62,343433.55,1291029.09,0.7275,0,0.5383,1,4
MFI_KE_002265,19,F,Nakuru,12,45,51,14969.88,14467.91,5601.87,6,1389.92,2530.25,7280.66,0.4046,2,0.7746,0,1
MFI_KE_002266,24,F,Mombasa,2,32,48,4795.16,3580.33,4005.79,12,1341.03,1561.83,13914.48,0.4535,1,0.9786,0,1
MFI_KE_002267,37,M,Migori,1,1,5,616.53,594.09,1207.11,0,0.0,0.0,0.0,1.0,168,0.5066,0,5
MFI_KE_002268,18,F,Kisii,23,40,45,28656.36,27630.74,2612.82,9,544.43,578.66,4113.6,0.8095,2,0.9014,0,1
MFI_KE_002269,50,F,Kilifi,1,3,5,6931.84,6975.32,627.46,1,883.59,1267.03,928.78,0.5491,23,0.7924,0,5
MFI_KE_002270,42,M,Nyeri,8,27,20,45669.72,46061.65,34746.13,1,22984.4,41434.2,26150.63,0.9839,9,0.7246,0,2
MFI_KE_002271,24,F,Uasin Gishu,11,49,46,18075.32,14256.88,1908.19,9,1903.07,3582.7,18665.98,0.8299,4,0.8673,0,1
MFI_KE_002272,37,M,Uasin Gishu,26,39,43,1237.97,1060.7,638.15,7,2407.14,3153.81,16306.35,0.8544,3,0.8926,0,1
MFI_KE_002273,22,M,Bungoma,26,27,21,41035.51,33510.69,49388.24,0,0.0,0.0,0.0,0.8113,9,0.674,0,2
MFI_KE_002274,54,M,Mombasa,35,75,71,378581.47,293402.03,22094.8,5,47605.06,67947.21,190493.27,0.8478,0,0.4612,1,4
MFI_KE_002275,26,M,Kericho,13,23,26,68295.48,60027.56,8077.65,1,44482.92,54261.0,45729.27,0.9824,2,0.352,0,2
MFI_KE_002276,39,F,Migori,20,28,14,67473.57,54949.06,2769.21,5,21152.82,40560.27,93074.06,0.8959,3,0.5169,0,2
MFI_KE_002277,34,F,Kakamega,3,29,19,74473.84,72533.64,9974.62,2,130749.66,154263.91,276853.07,0.9689,9,0.5703,1,2
MFI_KE_002278,32,M,Meru,10,72,80,536302.65,469598.62,6740.44,6,84351.16,99879.44,444920.13,0.7926,3,0.6459,1,4
MFI_KE_002279,27,F,Uasin Gishu,47,38,53,32366.93,26003.79,7773.7,6,2285.45,2566.4,13413.37,0.6244,0,0.9488,0,1
MFI_KE_002280,28,F,Nyeri,5,76,82,221242.23,170794.49,24635.29,7,147161.33,283544.62,915582.4,0.5826,1,0.6527,1,4
MFI_KE_002281,26,F,Migori,4,30,22,114912.54,110021.09,12341.65,4,18964.5,36085.99,83166.49,0.9318,7,0.7334,0,2
MFI_KE_002282,45,M,Kisumu,11,81,77,105191.46,85364.41,24603.79,4,64640.14,99248.72,229900.94,0.7651,0,0.4426,1,4
MFI_KE_002283,18,F,Mombasa,17,31,40,58797.21,43750.5,1850.75,11,1609.93,2508.46,20422.59,0.6211,0,0.7217,0,1
MFI_KE_002284,31,M,Kisii,1,2,1,473.01,445.76,554.78,0,0.0,0.0,0.0,1.0,46,0.465,0,5
MFI_KE_002285,32,F,Migori,56,10,4,71557.94,67496.2,1171.53,4,96204.9,116893.69,458053.85,0.9052,3,0.3389,1,3
MFI_KE_002286,22,M,Kisumu,10,33,53,13686.88,9668.2,1325.2,8,2420.21,4270.01,15955.67,0.4136,0,0.7715,0,1
MFI_KE_002287,26,F,Nairobi,15,46,58,56958.19,42175.74,7374.02,10,949.18,988.75,9716.5,0.7686,1,0.897,0,1
MFI_KE_002288,47,F,Garissa,2,0,3,12623.56,9257.71,3028.43,0,0.0,0.0,0.0,1.0,211,0.6671,1,5
MFI_KE_002289,24,M,Mombasa,52,37,60,96765.94,91593.42,4371.76,10,3929.91,4591.38,37037.65,0.778,22,0.9893,0,1
MFI_KE_002290,39,M,Meru,57,28,19,42369.47,36528.18,10138.96,5,19381.69,35992.75,113600.18,0.9664,11,0.801,0,2
MFI_KE_002291,33,F,Nyeri,13,20,20,150578.29,119365.24,11406.33,1,37428.45,66069.09,44776.13,0.8863,6,0.6297,0,2
MFI_KE_002292,36,M,Nakuru,68,41,52,4101.06,3788.78,270.17,10,2229.11,2330.91,25701.74,0.7485,0,0.548,0,1
MFI_KE_002293,33,F,Turkana,28,12,5,100152.77,82878.34,1234.24,2,46137.7,60911.47,87915.52,0.8288,10,0.5169,1,3
MFI_KE_002294,45,M,Nyeri,6,9,2,102655.94,74032.7,14336.85,1,80226.93,123190.36,64590.62,0.8054,9,0.5987,1,3
MFI_KE_002295,27,F,Kiambu,37,39,59,12241.41,8580.21,1058.72,6,1412.59,2078.51,9124.12,0.5886,6,0.9266,0,1
MFI_KE_002296,31,F,Kisumu,2,19,17,36991.59,30900.96,8474.46,2,28345.53,47081.3,46269.48,0.8954,15,0.8556,0,2
MFI_KE_002297,38,M,Embu,15,19,17,103949.32,83858.59,19278.56,5,80201.09,95940.47,390636.97,0.9259,14,0.7287,0,2
MFI_KE_002298,19,F,Kisumu,39,46,50,3916.43,2976.53,3007.89,9,3561.96,6813.61,37446.69,0.7571,1,0.8277,0,1
MFI_KE_002299,45,M,Kitui,1,2,4,2742.55,2733.67,1194.59,1,1336.63,2452.15,1400.93,0.7299,12,0.4445,0,5
MFI_KE_002300,45,M,Homa Bay,24,10,9,33941.76,35143.05,12550.84,3,70467.24,91455.46,201515.9,0.7692,6,0.4439,0,3
MFI_KE_002301,35,F,Meru,18,35,22,63156.31,56609.64,3931.89,7,63613.74,126180.76,415578.49,0.93,20,0.7932,0,2
MFI_KE_002302,43,F,Machakos,15,66,70,124962.92,118901.79,30059.44,5,253794.91,454221.58,1477054.54,0.7636,0,0.7475,0,4
MFI_KE_002303,22,F,Uasin Gishu,2,42,54,5416.69,4555.11,5821.24,6,1918.01,2623.77,11011.98,0.5211,12,0.7885,0,1
MFI_KE_002304,31,M,Uasin Gishu,29,36,55,19001.16,15213.8,609.59,4,1866.93,2009.99,7066.92,0.6713,6,0.9235,1,1
MFI_KE_002305,24,M,Kiambu,2,35,63,10743.5,8880.2,1483.96,3,3293.64,6418.59,9030.63,0.8234,3,0.6862,0,1
MFI_KE_002306,28,M,Kiambu,10,56,45,31759.17,26809.41,2740.29,9,1907.8,3754.59,15818.75,0.7353,1,0.9851,0,1
MFI_KE_002307,43,M,Nakuru,3,21,17,212915.85,220127.01,23368.26,2,27966.99,39619.09,49920.12,0.9229,8,0.7884,1,2
MFI_KE_002308,45,F,Kilifi,8,5,8,82556.79,77671.16,3424.76,3,35983.54,65947.5,108140.6,0.7608,26,0.345,1,3
MFI_KE_002309,45,M,Nairobi,4,32,20,77075.44,57305.41,22032.65,1,21973.05,32578.48,22294.43,0.966,9,0.8325,0,2
MFI_KE_002310,23,M,Uasin Gishu,19,41,47,21930.91,16166.81,2005.76,9,3894.14,6966.86,41292.02,0.6858,1,0.9524,0,1
MFI_KE_002311,48,F,Kilifi,51,24,12,83555.65,80906.57,18810.17,3,62223.58,68921.07,153332.7,0.9819,4,0.7235,0,2
MFI_KE_002312,34,F,Kiambu,15,39,52,35936.93,37494.27,2721.16,7,3311.08,4920.02,21684.91,0.753,1,0.8534,0,1
MFI_KE_002313,22,M,Kiambu,15,40,49,12753.79,12275.87,1182.76,5,925.59,994.74,3968.42,0.6953,7,0.8861,0,1
MFI_KE_002314,42,F,Bomet,23,65,67,231218.68,220626.79,67175.34,4,61988.81,103316.09,238224.05,0.9695,1,0.7183,1,4
MFI_KE_002315,48,F,Bungoma,26,10,6,76893.21,76156.07,5881.78,0,0.0,0.0,0.0,0.9611,24,0.6468,1,3
MFI_KE_002316,28,M,Migori,7,86,71,86381.91,72250.54,33337.6,1,350713.96,566254.66,319172.91,0.8569,0,0.6249,0,4
MFI_KE_002317,31,F,Meru,43,24,21,41541.07,29703.62,8085.53,4,63292.71,126077.53,250797.95,0.9996,2,0.6134,0,2
MFI_KE_002318,29,M,Kisumu,31,34,62,8873.33,7447.74,2399.92,7,2228.25,3130.09,13651.15,0.7684,0,0.8472,0,1
MFI_KE_002319,46,F,Turkana,25,6,5,171924.44,179692.04,35077.56,1,40195.19,72125.62,32693.13,0.6329,6,0.2394,0,3
MFI_KE_002320,30,F,Kiambu,6,42,52,22529.45,20754.13,2796.28,5,1915.48,3667.45,8686.96,0.7626,0,0.8924,0,1
MFI_KE_002321,29,M,Kakamega,3,2,0,5759.95,5680.83,739.1,1,1514.51,1538.95,1574.23,0.6599,80,0.6268,0,5
MFI_KE_002322,49,M,Bungoma,30,12,7,49699.6,44963.19,1885.98,2,40692.21,81232.97,78848.75,0.7266,3,0.0845,1,3
MFI_KE_002323,29,F,Kisumu,21,29,52,56537.04,54249.38,3060.97,18,1061.13,1470.35,20624.58,0.7952,0,0.9676,0,1
MFI_KE_002324,46,F,Nairobi,16,80,84,185587.96,133898.52,8210.85,2,213613.88,400359.46,455912.99,0.7955,0,0.6649,1,4
MFI_KE_002325,23,F,Garissa,4,25,23,42563.68,31808.12,23650.17,5,57328.14,67470.48,293059.03,0.9161,10,0.6023,1,2
MFI_KE_002326,49,F,Uasin Gishu,17,12,18,67604.31,64373.77,16942.22,3,124246.75,148706.85,446191.39,0.9906,8,0.7091,0,2
MFI_KE_002327,39,F,Turkana,6,23,21,37338.69,38635.34,28245.94,5,57352.73,77032.7,234174.97,0.9704,12,0.6246,0,2
MFI_KE_002328,21,F,Nakuru,38,47,40,23199.4,22908.79,696.4,10,1528.41,1575.04,15943.73,0.6415,0,0.8697,0,1
MFI_KE_002329,34,F,Kiambu,30,38,51,24870.59,17464.23,1275.16,8,1848.17,3439.38,15669.31,0.9268,12,0.9644,0,1
MFI_KE_002330,24,F,Nakuru,17,41,48,5259.13,4307.94,6043.77,8,4388.62,6518.83,29432.75,0.6827,5,0.8362,0,1
MFI_KE_002331,49,F,Homa Bay,8,81,73,407070.75,372030.13,170972.9,0,0.0,0.0,0.0,0.6774,1,0.628,1,4
MFI_KE_002332,24,F,Kakamega,21,38,37,7148.92,6334.87,3858.33,10,2523.85,2638.13,29333.77,0.8776,2,0.9854,0,1
MFI_KE_002333,19,F,Migori,24,50,52,12790.43,11585.0,1722.97,9,3758.76,5829.02,38078.97,0.4302,3,0.8447,0,1
MFI_KE_002334,26,F,Kiambu,2,42,60,6857.66,7183.26,786.57,4,766.32,1361.61,2973.71,0.6312,4,0.9167,0,1
MFI_KE_002335,52,M,Homa Bay,46,21,19,108788.12,100537.63,6563.83,3,19302.37,34563.01,61135.14,0.9599,12,0.7678,1,2
MFI_KE_002336,26,M,Meru,12,52,50,42691.33,33381.74,718.36,6,1368.33,2428.35,9374.56,0.648,0,0.934,0,1
MFI_KE_002337,46,M,Kericho,3,86,59,245411.11,222120.76,10122.79,4,93632.81,146154.26,379697.08,0.885,2,0.2726,0,4
MFI_KE_002338,49,M,Bomet,17,29,22,47795.06,35041.86,3316.09,1,37627.41,59237.62,35427.43,0.7724,2,0.7138,0,2
MFI_KE_002339,38,F,Uasin Gishu,1,1,3,2346.31,1797.58,456.71,0,0.0,0.0,0.0,1.0,50,0.6423,0,5
MFI_KE_002340,41,M,Kakamega,9,7,10,66288.64,64852.53,2858.77,3,55292.21,92118.23,133509.23,0.931,9,0.3448,0,3
MFI_KE_002341,23,M,Kisumu,17,53,53,17095.42,15397.01,4965.95,1,1810.59,2597.65,1963.26,0.6422,1,0.8389,0,1
MFI_KE_002342,32,M,Kiambu,71,32,44,17943.64,14218.85,2223.59,18,1533.05,2595.57,31934.2,0.9341,5,0.7526,0,1
MFI_KE_002343,71,F,Kitui,42,9,7,73332.6,70930.23,1174.07,3,55677.2,68924.91,169287.11,0.828,4,0.5033,0,3
MFI_KE_002344,38,M,Migori,98,90,87,428694.1,439818.88,47675.2,5,343200.02,418231.55,1980839.53,0.9405,6,0.5795,0,4
MFI_KE_002345,18,M,Nyeri,6,32,59,5445.56,4496.8,3710.25,8,1221.77,2143.2,8602.65,0.5357,0,0.7014,0,1
MFI_KE_002346,30,F,Turkana,34,21,21,101428.02,104575.91,3919.61,3,21676.24,40541.85,62713.81,0.8781,16,0.3211,1,2
MFI_KE_002347,26,M,Kitui,3,3,5,8791.61,7753.81,660.67,1,1877.64,2122.71,1565.19,0.2601,16,0.4013,0,5
MFI_KE_002348,37,F,Migori,34,27,24,156569.8,151134.62,65633.67,4,39567.72,46533.06,177263.17,0.9093,6,0.7444,0,2
MFI_KE_002349,36,M,Kisii,1,0,3,1405.61,1216.54,1065.16,0,0.0,0.0,0.0,1.0,91,0.822,1,5
MFI_KE_002350,55,M,Nairobi,1,0,3,5660.19,4951.32,176.32,0,0.0,0.0,0.0,1.0,39,0.4705,0,5
MFI_KE_002351,29,M,Kilifi,13,6,7,120194.75,84323.68,1975.72,1,196472.08,204441.75,223286.73,0.8239,6,0.5407,0,3
MFI_KE_002352,49,F,Nyeri,11,19,23,125895.85,113162.93,28010.51,4,21876.48,40017.26,97894.3,0.9942,16,0.5418,0,2
MFI_KE_002353,21,F,Bungoma,26,33,50,7552.83,5588.71,1101.96,7,1937.29,2091.52,15263.63,0.8955,2,0.9167,0,1
MFI_KE_002354,31,M,Kisumu,10,26,14,38374.84,27398.12,6374.25,5,35968.97,36036.25,158505.27,0.9819,13,0.6755,0,2
MFI_KE_002355,52,F,Murang'a,22,5,7,58982.14,59570.15,1357.59,1,79809.16,123045.49,65130.37,0.378,35,0.37,1,3
MFI_KE_002356,25,F,Garissa,27,39,38,14193.11,10933.65,2696.93,5,1836.47,2433.55,10286.95,0.7152,0,0.8815,0,1
MFI_KE_002357,30,F,Kakamega,3,29,21,104546.4,103286.86,23703.95,4,23008.73,28416.56,79465.75,0.9484,2,0.6869,0,2
MFI_KE_002358,23,F,Nyeri,7,46,42,23588.73,18570.59,1494.79,9,2953.13,3700.53,29526.05,0.8036,3,0.7307,0,1
MFI_KE_002359,30,F,Kisii,15,20,21,184605.5,149951.05,13656.19,3,45839.17,63497.18,111786.46,0.9945,6,0.4838,0,2
MFI_KE_002360,28,F,Garissa,7,66,67,446828.35,440341.95,7982.44,7,151957.13,209156.18,1181029.54,0.5576,0,0.4617,1,4
MFI_KE_002361,41,F,Kilifi,33,8,1,25501.71,25713.8,825.66,2,39585.28,45991.78,74724.1,0.9725,6,0.6968,0,3
MFI_KE_002362,35,M,Nakuru,14,22,14,61712.47,48241.17,15763.41,4,44099.51,54764.63,157667.05,0.9961,15,0.8304,0,2
MFI_KE_002363,28,F,Kericho,18,84,68,819200.18,850351.36,12724.26,7,68112.58,70191.41,464996.19,0.8028,1,0.4565,1,4
MFI_KE_002364,20,M,Kiambu,16,36,51,24180.4,18761.37,451.01,9,3469.75,3955.56,34010.78,0.8995,1,0.7845,0,1
MFI_KE_002365,47,F,Turkana,33,11,5,254860.61,218689.43,24319.28,4,39847.76,56086.0,161470.4,0.85,3,0.2404,1,3
MFI_KE_002366,48,M,Murang'a,1,1,6,3440.61,2720.74,2214.94,0,0.0,0.0,0.0,1.0,12,0.7529,0,5
MFI_KE_002367,53,M,Bungoma,8,10,9,59491.17,62145.54,4008.34,2,42051.26,44675.29,85472.31,0.8622,4,0.334,1,3
MFI_KE_002368,52,F,Kericho,7,2,1,1363.19,1057.32,1290.88,0,0.0,0.0,0.0,1.0,41,0.4236,0,5
MFI_KE_002369,47,M,Embu,2,3,4,3900.19,2842.5,349.42,0,0.0,0.0,0.0,1.0,45,0.8102,0,5
MFI_KE_002370,26,M,Kisii,6,7,5,124113.87,87769.08,4417.02,3,92224.82,179290.05,236486.37,0.5957,3,0.2794,1,3
MFI_KE_002371,37,M,Turkana,13,25,22,152306.33,118478.98,3450.49,0,0.0,0.0,0.0,0.9468,20,0.6667,0,2
MFI_KE_002372,30,F,Nairobi,3,45,58,13527.41,11006.29,2691.27,9,2119.97,4215.64,18172.7,0.5669,0,0.863,0,1
MFI_KE_002373,43,F,Turkana,5,21,19,90756.89,79065.45,40884.37,3,40399.91,71787.48,125030.98,0.9049,4,0.7215,1,2
MFI_KE_002374,40,F,Nakuru,18,34,46,46196.36,46084.87,2847.27,5,2001.43,2215.6,10793.94,0.5924,5,0.9173,1,1
MFI_KE_002375,25,M,Kiambu,38,43,49,22708.82,18836.62,5306.53,8,4119.37,5451.72,37086.44,0.6054,1,0.9076,0,1
MFI_KE_002376,33,F,Mombasa,6,37,55,4726.23,3627.84,3421.74,10,1951.06,2459.55,16174.86,0.6129,1,0.8573,0,1
MFI_KE_002377,42,M,Murang'a,2,69,75,437712.92,394754.22,38994.44,8,106575.79,161464.41,960509.64,0.7397,4,0.324,1,4
MFI_KE_002378,18,F,Nakuru,29,35,49,1899.67,1506.54,5316.54,9,737.61,1024.22,5524.28,0.643,0,0.9601,0,1
MFI_KE_002379,19,F,Nakuru,13,38,66,13039.4,9434.38,990.2,6,4076.62,5422.1,27066.57,0.6984,2,0.9378,0,1
MFI_KE_002380,34,F,Kilifi,3,27,20,77675.41,70237.18,4074.84,1,37052.99,44283.5,30642.85,0.9939,9,0.7925,0,2
MFI_KE_002381,34,M,Homa Bay,2,3,3,1574.89,1289.75,393.24,0,0.0,0.0,0.0,1.0,73,0.52,0,5
MFI_KE_002382,47,M,Bungoma,4,73,72,347852.07,267456.53,103246.12,2,140844.46,148363.01,228497.77,0.9509,1,0.2988,0,4
MFI_KE_002383,36,M,Bungoma,26,6,2,63370.55,48251.4,6286.94,2,61880.89,106632.1,103168.53,0.7996,1,0.4517,1,3
MFI_KE_002384,32,F,Kisumu,1,2,2,6152.99,5244.5,1248.33,0,0.0,0.0,0.0,1.0,123,0.6273,0,5
MFI_KE_002385,57,F,Laikipia,1,2,6,2860.85,2526.01,504.69,0,0.0,0.0,0.0,1.0,11,0.3554,0,5
MFI_KE_002386,33,F,Garissa,8,27,15,56056.63,50552.94,12739.93,3,32527.89,60499.87,91078.06,0.979,9,0.4783,0,2
MFI_KE_002387,26,M,Garissa,70,32,14,49519.81,49045.57,9506.32,2,19492.62,32361.87,41674.82,0.997,3,0.575,0,2
MFI_KE_002388,42,M,Trans Nzoia,13,7,4,17967.54,14245.98,1868.65,3,80081.93,136032.28,204321.57,0.7195,11,0.7824,0,3
MFI_KE_002389,22,M,Nakuru,31,41,48,9809.43,7361.11,2735.11,10,4758.09,8653.76,49319.64,0.6043,8,0.8027,0,1
MFI_KE_002390,36,F,Bungoma,1,1,1,3279.64,3182.23,840.26,0,0.0,0.0,0.0,1.0,51,0.7792,0,5
MFI_KE_002391,36,M,Kisumu,43,34,46,44166.15,37738.59,500.61,3,1018.76,1620.38,2582.0,0.4073,0,0.8912,0,1
MFI_KE_002392,38,F,Migori,4,1,0,3241.92,3205.66,755.33,1,1211.57,2401.38,978.39,0.3887,22,0.562,0,5
MFI_KE_002393,57,M,Homa Bay,57,31,19,52148.99,42629.01,59797.56,2,50350.72,74796.29,101230.31,0.9949,5,0.677,1,2
MFI_KE_002394,24,M,Kiambu,2,41,48,40564.22,33683.88,3006.51,6,2696.19,2996.34,17550.28,0.6028,5,0.9501,0,1
MFI_KE_002395,23,F,Kiambu,26,43,59,6048.78,5311.63,1244.93,4,2393.52,4140.12,10038.66,0.6871,7,0.6902,0,1
MFI_KE_002396,75,F,Machakos,7,3,4,3184.96,2529.55,1754.42,0,0.0,0.0,0.0,1.0,14,0.775,0,5
MFI_KE_002397,56,M,Mombasa,8,21,19,95146.62,94818.99,6079.58,3,20365.56,35699.81,63495.92,0.9364,3,0.7198,0,2
MFI_KE_002398,22,F,Nakuru,11,37,55,13580.48,10370.66,775.74,9,2047.59,2958.0,18983.97,0.5094,2,0.6771,0,1
MFI_KE_002399,66,M,Kakamega,19,6,6,75221.55,59368.16,8175.81,4,34217.48,59134.1,145897.12,0.7043,9,0.3426,1,3
MFI_KE_002400,49,F,Migori,39,8,5,17055.25,15104.83,3763.22,2,46714.16,69110.4,78342.73,0.7003,5,0.5672,1,3
MFI_KE_002401,29,F,Uasin Gishu,8,40,50,77441.91,64486.53,2691.09,11,2269.16,4129.9,25005.6,0.4326,0,0.9338,0,1
MFI_KE_002402,30,M,Garissa,3,45,47,10380.03,10023.91,637.25,8,3329.46,5294.79,29469.11,0.6712,3,0.7133,0,1
MFI_KE_002403,29,F,Mombasa,6,50,45,6943.61,6335.55,7526.71,10,909.5,1425.48,8444.88,0.5624,0,0.8306,0,1
MFI_KE_002404,46,F,Nyeri,5,76,62,121645.65,93968.24,72093.72,4,74402.63,85808.61,266409.27,0.783,0,0.7944,0,4
MFI_KE_002405,21,M,Kiambu,40,45,65,2911.76,2335.15,1350.3,5,2691.93,3283.28,11931.84,0.6169,1,0.9748,1,1
MFI_KE_002406,29,F,Bomet,56,53,50,13910.86,11034.42,3372.86,9,3507.98,4456.53,27313.38,0.6079,1,0.697,0,1
MFI_KE_002407,24,M,Nairobi,16,45,44,35117.43,35199.18,3199.56,6,7167.52,7557.45,47650.1,0.5483,2,0.964,0,1
MFI_KE_002408,63,F,Migori,6,1,1,10826.87,8219.75,592.48,0,0.0,0.0,0.0,1.0,212,0.6081,0,5
MFI_KE_002409,58,F,Meru,20,9,6,35008.88,26104.38,13145.44,2,38346.96,66632.36,88460.13,0.9083,1,0.2556,1,3
MFI_KE_002410,43,M,Kericho,5,10,8,98872.32,84938.88,2158.59,3,68681.21,74422.88,181751.93,0.7988,2,0.361,0,3
MFI_KE_002411,56,F,Garissa,2,0,0,4159.22,3507.29,1646.14,0,0.0,0.0,0.0,1.0,22,0.5386,0,5
MFI_KE_002412,31,F,Kisumu,1,2,4,388.7,388.94,1024.74,1,838.4,1339.66,775.83,0.7919,15,0.3932,0,5
MFI_KE_002413,48,F,Nairobi,8,79,59,102275.75,82080.54,60147.47,4,228314.67,308725.76,909788.93,0.6744,6,0.4072,1,4
MFI_KE_002414,40,F,Kakamega,12,21,22,21511.88,22118.32,39920.55,6,59887.65,62397.75,413074.87,0.9728,1,0.7792,0,2
MFI_KE_002415,30,M,Garissa,4,2,3,4054.72,3190.92,995.17,0,0.0,0.0,0.0,1.0,75,0.7362,0,5
MFI_KE_002416,40,M,Embu,22,9,7,13670.38,12355.77,6006.49,3,31433.82,50845.74,113036.05,0.62,17,0.3191,1,3
MFI_KE_002417,42,M,Bomet,1,2,1,1129.87,1052.11,1724.45,0,0.0,0.0,0.0,1.0,40,0.7652,0,5
MFI_KE_002418,22,F,Kakamega,25,41,46,12600.12,12270.12,1632.75,8,754.72,923.27,6008.65,0.8346,0,0.8581,0,1
MFI_KE_002419,25,F,Mombasa,18,43,57,12425.76,8989.28,3477.81,5,2026.3,2533.91,10348.63,0.4975,2,0.8274,0,1
MFI_KE_002420,28,F,Bungoma,20,75,64,110732.8,79089.24,18801.33,3,252116.17,497426.01,633809.42,0.9097,5,0.6292,1,4
MFI_KE_002421,53,M,Laikipia,22,11,4,45302.27,31916.01,2864.84,4,73274.55,109795.25,346883.87,0.8453,23,0.3752,1,3
MFI_KE_002422,18,M,Kiambu,14,44,48,5039.86,4006.93,1180.61,10,1265.46,2216.57,11578.74,0.5334,5,0.8159,0,1
MFI_KE_002423,38,F,Turkana,15,24,17,23308.24,18588.85,12906.8,4,24637.27,29700.81,91455.71,0.9663,18,0.5331,0,2
MFI_KE_002424,18,M,Uasin Gishu,8,36,52,49256.61,35086.81,1074.85,11,3192.47,6318.51,32189.26,0.6358,6,0.9042,0,1
MFI_KE_002425,39,M,Bomet,18,23,24,130884.47,111055.63,34534.69,2,60039.28,67152.21,129513.19,0.9808,10,0.7551,1,2
MFI_KE_002426,42,M,Migori,53,6,7,184490.31,171845.35,11473.01,1,79657.88,108976.16,64999.79,0.9261,1,0.4826,0,3
MFI_KE_002427,54,F,Kericho,12,11,2,53457.87,50103.34,29752.97,3,45867.5,88267.25,160646.5,0.8362,4,0.445,0,3
MFI_KE_002428,24,M,Turkana,14,89,60,221918.75,208681.99,18895.7,8,164548.72,229514.48,1331106.77,0.9009,1,0.2984,0,4
MFI_KE_002429,43,M,Homa Bay,9,23,17,80734.22,79482.76,8260.65,3,26040.03,46968.85,66478.37,0.8849,10,0.5219,0,2
MFI_KE_002430,48,F,Bomet,3,18,19,155223.26,115412.77,7650.43,2,16748.09,33014.95,31205.93,0.8997,11,0.3746,1,2
MFI_KE_002431,54,F,Kericho,6,27,19,69432.39,57043.35,21251.97,2,74665.4,80227.49,121967.02,0.8485,4,0.4046,0,2
MFI_KE_002432,47,F,Machakos,60,79,76,216495.75,191593.23,20352.76,5,114956.06,149667.75,541311.91,0.8729,4,0.6335,0,4
MFI_KE_002433,26,M,Kisumu,18,36,54,5735.35,5688.68,1184.66,8,2992.66,3315.39,27165.17,0.8565,0,0.9558,1,1
MFI_KE_002434,34,M,Kilifi,42,20,29,41306.23,37704.81,11900.35,3,66387.91,73704.62,225288.26,0.9968,38,0.6928,1,2
MFI_KE_002435,31,F,Uasin Gishu,11,18,24,30749.17,29036.32,22837.02,2,40449.23,71433.04,93092.47,0.9989,1,0.4127,0,2
MFI_KE_002436,19,M,Kiambu,18,31,55,20621.19,20802.35,3312.08,11,926.7,1200.55,10270.11,0.6183,0,0.9042,0,1
MFI_KE_002437,26,F,Uasin Gishu,45,42,58,65978.41,66542.08,4256.91,4,3263.05,6017.13,13451.72,0.8363,1,0.8989,0,1
MFI_KE_002438,43,F,Kisumu,33,24,17,77876.62,61523.5,3287.15,2,36598.89,42451.97,72926.29,0.8904,4,0.656,0,2
MFI_KE_002439,23,M,Uasin Gishu,53,34,62,14307.62,14448.08,812.21,13,3197.25,3864.18,40639.25,0.5033,6,0.9194,0,1
MFI_KE_002440,48,M,Kilifi,1,3,1,1630.99,1594.94,399.57,0,0.0,0.0,0.0,1.0,63,0.8139,0,5
MFI_KE_002441,22,F,Uasin Gishu,12,52,55,8770.11,7556.05,4030.79,7,1510.71,2546.39,10405.12,0.6045,11,0.9834,0,1
MFI_KE_002442,25,M,Nakuru,33,53,54,20502.56,15854.34,697.62,8,2779.05,4987.65,20630.66,0.5415,6,0.9338,0,1
MFI_KE_002443,35,M,Turkana,64,4,5,174011.37,137446.0,1289.59,1,75817.3,144877.37,86893.52,0.8547,1,0.6064,1,3
MFI_KE_002444,33,M,Migori,7,32,21,82303.93,64254.48,19579.96,3,20818.24,26619.4,71823.63,0.9326,13,0.55,0,2
MFI_KE_002445,28,F,Nakuru,16,48,51,4045.57,3909.37,466.34,10,2077.15,3222.29,21344.31,0.7386,5,0.6503,1,1
MFI_KE_002446,33,F,Mombasa,8,41,46,12482.27,12996.04,909.13,9,1171.16,1930.88,11323.96,0.7328,0,0.8298,0,1
MFI_KE_002447,24,F,Nakuru,22,85,76,505891.46,405760.05,61940.68,5,202064.48,360954.62,1128133.49,0.8043,0,0.5416,0,4
MFI_KE_002448,33,F,Kisumu,81,41,56,8175.93,6688.88,1210.41,9,2078.63,2299.05,19338.33,0.3374,1,0.9275,0,1
MFI_KE_002449,42,F,Turkana,4,15,17,104512.19,75247.04,19429.76,2,16518.2,16569.02,29603.84,0.9021,2,0.5134,1,2
MFI_KE_002450,25,M,Mombasa,34,47,58,20510.46,19996.44,593.26,8,2254.73,3022.53,16030.17,0.7525,1,0.9511,0,1
MFI_KE_002451,47,F,Murang'a,15,33,18,148710.97,151522.91,7926.67,8,48237.53,85613.56,379244.06,0.9607,7,0.8411,0,2
MFI_KE_002452,31,M,Uasin Gishu,7,37,43,11844.23,11215.94,1127.8,8,2391.64,2686.53,22714.13,0.778,1,0.7694,0,1
MFI_KE_002453,29,F,Kisumu,31,55,50,10488.78,8660.79,1030.97,11,1914.07,2143.46,18720.56,0.385,0,0.8346,0,1
MFI_KE_002454,35,M,Bungoma,28,48,50,14312.11,10623.41,2933.99,13,1295.36,2463.8,14768.84,0.5825,1,0.7655,0,1
MFI_KE_002455,24,M,Nairobi,24,43,58,218839.51,195292.23,1140.56,6,3011.1,4596.38,19590.38,0.6716,1,0.8883,0,1
MFI_KE_002456,21,F,Kisii,4,38,46,6854.75,5025.67,2694.5,10,3893.34,7374.01,34231.17,0.4277,0,0.815,0,1
MFI_KE_002457,32,F,Migori,42,24,12,55362.71,50835.83,9514.14,4,23568.23,37802.55,100208.48,0.9285,14,0.6378,0,2
MFI_KE_002458,31,M,Uasin Gishu,7,50,55,29190.99,28703.49,1603.57,10,2018.5,2419.46,17670.91,0.5756,2,0.9099,0,1
MFI_KE_002459,33,M,Bungoma,2,3,2,1705.1,1330.58,293.2,1,2163.93,4168.3,2352.63,0.251,23,0.6267,0,5
MFI_KE_002460,35,F,Kisii,6,14,14,239186.18,226419.6,18625.99,2,45205.28,69201.11,98892.54,0.9052,15,0.5141,0,2
MFI_KE_002461,25,M,Nakuru,55,43,55,20028.75,14714.09,2622.36,8,1277.25,1607.08,9088.18,0.7991,0,0.8796,0,1
MFI_KE_002462,28,F,Kisumu,5,16,24,222652.93,230149.96,16508.25,2,24763.72,29269.87,51742.48,0.9605,3,0.8212,0,2
MFI_KE_002463,26,M,Nyeri,13,33,52,12885.89,10269.36,1926.42,7,1410.27,2803.63,9889.06,0.8295,5,0.8261,0,1
MFI_KE_002464,41,M,Kericho,14,19,27,58515.06,56976.82,7809.7,3,37772.55,75183.25,113615.93,0.9248,3,0.3136,0,2
MFI_KE_002465,32,M,Bungoma,45,25,21,40007.35,39339.86,78568.9,5,27898.4,53422.31,161365.62,0.8554,24,0.9037,0,2
MFI_KE_002466,37,F,Laikipia,20,6,2,122227.33,92421.86,3682.93,3,118128.56,230935.23,373677.02,0.645,15,0.3952,1,3
MFI_KE_002467,33,M,Bomet,14,26,19,24075.46,21618.08,11130.05,2,40328.37,69198.03,90888.13,0.9002,10,0.6787,1,2
MFI_KE_002468,38,M,Kericho,4,1,3,2263.88,1749.3,728.06,1,1866.52,2998.07,1921.99,0.5866,20,0.5845,0,5
MFI_KE_002469,46,F,Machakos,1,2,2,1878.13,1955.69,552.15,0,0.0,0.0,0.0,1.0,109,0.6781,0,5
MFI_KE_002470,51,M,Kericho,12,6,4,10369.88,9751.09,10153.46,2,46882.37,86852.57,111016.87,0.8146,11,0.2429,1,3
MFI_KE_002471,53,M,Kilifi,55,9,4,210318.53,185672.25,823.05,3,164378.57,263928.17,538715.91,0.8261,2,0.5867,1,3
MFI_KE_002472,18,F,Uasin Gishu,18,37,60,8719.43,7247.68,1406.01,8,1023.76,1138.16,7687.23,0.335,1,0.9437,0,1
MFI_KE_002473,24,M,Kilifi,46,38,56,8225.2,6942.78,1959.8,8,2549.69,3458.49,23248.87,0.5283,1,0.8995,0,1
MFI_KE_002474,43,F,Nakuru,16,17,19,127778.06,115810.85,36069.8,4,36445.79,41661.93,167547.09,0.8949,3,0.6412,1,2
MFI_KE_002475,20,M,Uasin Gishu,2,44,48,18441.09,17468.64,1455.48,9,866.83,977.36,9262.71,0.1681,1,0.8815,0,1
MFI_KE_002476,22,F,Kisumu,8,90,76,364054.2,286540.65,8011.21,3,152960.29,156021.62,537004.96,0.8695,1,0.5811,1,4
MFI_KE_002477,46,M,Kisii,4,6,6,51813.36,49954.44,2577.06,0,0.0,0.0,0.0,0.731,16,0.7079,1,3
MFI_KE_002478,38,M,Turkana,10,73,85,349955.17,299144.23,39616.64,5,242020.55,354128.92,1295532.66,0.9316,0,0.6416,1,4
MFI_KE_002479,36,F,Kitui,6,44,51,2221.0,1918.82,1046.05,3,1887.53,2812.04,5267.84,0.8371,0,0.9458,0,1
MFI_KE_002480,26,F,Kisumu,28,42,46,38659.46,39341.0,3392.13,8,1324.17,1999.21,11863.7,0.4237,1,0.9254,0,1
MFI_KE_002481,27,F,Nairobi,4,39,49,108914.62,86336.9,2802.5,8,2764.62,4178.73,25406.14,0.6579,1,0.8687,1,1
MFI_KE_002482,45,F,Kakamega,1,2,1,1633.35,1542.03,278.3,0,0.0,0.0,0.0,1.0,279,0.4438,0,5
MFI_KE_002483,44,M,Kiambu,9,2,1,3513.99,3311.77,277.12,3,1108.64,2080.68,3501.99,0.3957,24,0.5604,0,5
MFI_KE_002484,42,M,Trans Nzoia,4,8,3,104044.34,74386.47,299.0,2,40214.89,53456.91,71696.15,0.8419,1,0.7191,1,3
MFI_KE_002485,28,F,Kiambu,39,28,18,37860.39,33869.96,3493.77,2,73351.29,125786.7,126034.22,0.9738,1,0.5836,1,2
MFI_KE_002486,31,M,Nairobi,6,56,53,7027.87,7150.65,2500.31,3,1243.83,2040.44,3987.01,0.7387,15,0.9687,0,1
MFI_KE_002487,40,F,Nyeri,8,43,52,24358.51,17740.56,1124.14,13,1147.03,1545.99,15188.37,0.5467,2,0.9052,0,1
MFI_KE_002488,24,M,Kisumu,7,33,42,67627.65,62441.95,3129.75,9,2129.74,2714.21,19698.77,0.6325,0,0.9475,0,1
MFI_KE_002489,25,F,Nairobi,5,41,49,10119.68,8834.71,2055.19,7,3931.8,6742.61,31131.87,0.6888,2,0.7764,0,1
MFI_KE_002490,30,F,Mombasa,12,41,44,23592.66,23054.01,1257.69,9,1361.77,2668.0,13632.32,0.7315,2,0.7661,0,1
MFI_KE_002491,43,M,Bungoma,70,7,3,24505.42,25426.95,1013.57,0,0.0,0.0,0.0,0.9218,4,0.5523,0,3
MFI_KE_002492,39,F,Mombasa,35,19,18,69590.46,49009.15,10087.4,3,45948.87,66757.32,116130.06,0.9618,4,0.4524,1,2
MFI_KE_002493,40,F,Garissa,20,27,22,53902.24,56447.24,12679.29,4,34424.7,63643.66,118835.55,0.9683,12,0.7697,1,2
MFI_KE_002494,19,M,Kisumu,15,46,65,10359.07,10612.87,1799.21,9,2681.18,3990.02,20713.81,0.7253,2,0.9818,0,1
MFI_KE_002495,47,F,Mombasa,7,21,17,63569.54,44984.98,10950.98,2,42791.98,73163.09,82778.94,0.9472,7,0.2237,1,2
MFI_KE_002496,22,M,Bungoma,6,79,77,111889.41,87703.11,24292.67,7,297560.28,456028.88,1805486.43,0.7018,2,0.5212,0,4
MFI_KE_002497,31,F,Kiambu,2,44,48,14251.14,13055.51,452.67,9,3204.63,3333.63,32896.15,0.6435,2,0.7987,0,1
MFI_KE_002498,38,F,Machakos,43,26,23,26409.41,26621.26,16285.34,4,49445.67,73682.67,227720.42,0.9876,21,0.8636,0,2
MFI_KE_002499,45,M,Laikipia,3,27,16,55839.74,50224.91,20171.95,3,25457.25,40910.06,70137.04,0.9641,6,0.7497,0,2
MFI_KE_002500,27,F,Kakamega,1,4,0,4694.72,4532.78,9289.13,2,1526.1,2601.4,2734.03,0.5089,60,0.7977,0,5
MFI_KE_002501,40,M,Meru,3,23,18,93414.94,66056.87,11149.24,1,30413.66,34893.1,28836.95,0.7973,11,0.2704,0,2
MFI_KE_002502,51,F,Machakos,1,2,4,15075.85,11094.77,354.99,0,0.0,0.0,0.0,1.0,62,0.6503,0,5
MFI_KE_002503,31,M,Nyeri,1,3,5,2317.92,2309.28,490.42,1,1494.07,2762.68,1726.0,0.9021,84,0.7638,0,5
MFI_KE_002504,48,M,Kisumu,56,74,66,125073.32,99103.06,37665.04,5,112000.84,114438.82,564586.54,0.8719,2,0.4439,0,4
MFI_KE_002505,36,M,Kilifi,47,84,51,266316.0,214549.12,12391.48,3,257353.03,343662.86,893334.1,0.8163,1,0.6499,0,4
MFI_KE_002506,30,F,Uasin Gishu,2,29,50,2542.4,1803.06,4108.35,8,1424.77,1853.5,11959.28,0.6932,7,0.7321,0,1
MFI_KE_002507,25,F,Meru,15,4,3,71575.39,59498.1,2488.03,2,55917.93,103989.92,92808.24,0.7594,7,0.3409,1,3
MFI_KE_002508,43,F,Kisumu,15,89,83,186258.85,165217.55,57734.78,4,66583.9,69171.4,230947.92,0.8095,4,0.5798,0,4
MFI_KE_002509,28,F,Mombasa,5,43,37,8023.58,8289.4,3166.16,13,2281.3,4517.02,24482.64,0.8526,1,0.8429,0,1
MFI_KE_002510,20,F,Homa Bay,1,1,3,1166.39,993.94,477.83,1,717.08,1019.85,719.0,0.5163,11,0.8582,0,5
MFI_KE_002511,56,F,Kakamega,20,4,6,88497.33,82654.23,2230.88,3,106544.41,174939.71,347012.63,0.7261,19,0.416,1,3
MFI_KE_002512,22,M,Laikipia,32,6,11,56639.52,56510.66,3520.69,1,56412.69,83408.07,65772.31,0.7112,5,0.4556,1,3
MFI_KE_002513,29,F,Nairobi,4,29,51,9521.03,7193.95,1049.69,11,3167.04,4599.83,29875.82,0.3036,1,0.6423,0,1
MFI_KE_002514,31,F,Migori,3,34,11,212902.07,195342.55,13024.08,1,76452.53,85959.25,77979.45,0.9122,3,0.663,1,2
MFI_KE_002515,63,F,Turkana,28,7,7,32910.15,27166.75,32712.65,0,0.0,0.0,0.0,0.87,5,0.6188,0,3
MFI_KE_002516,23,F,Nakuru,30,46,48,24690.66,24945.25,1144.93,7,4022.07,7048.66,33078.58,0.501,1,0.8923,0,1
MFI_KE_002517,67,M,Turkana,28,9,3,158453.31,154787.78,18220.04,2,74201.95,122694.81,156870.94,0.948,3,0.6261,0,3
MFI_KE_002518,31,F,Mombasa,2,39,52,10483.14,7408.57,2780.15,10,2107.51,2578.15,19220.43,0.5709,1,0.8896,0,1
MFI_KE_002519,29,M,Murang'a,8,8,9,234543.49,225076.36,5971.17,0,0.0,0.0,0.0,0.8306,4,0.5248,0,3
MFI_KE_002520,52,F,Bungoma,6,5,9,11174.57,8950.04,2691.42,1,32795.23,64221.5,31546.41,0.8679,3,0.5804,1,3
MFI_KE_002521,30,F,Mombasa,23,39,51,6320.61,4777.61,936.8,8,1634.0,2027.02,11682.2,0.8472,7,0.8131,0,1
MFI_KE_002522,39,F,Kakamega,32,9,5,221721.86,216283.17,3066.67,1,102076.13,167669.28,102865.4,0.7715,24,0.3186,1,3
MFI_KE_002523,37,F,Garissa,19,7,6,19113.05,15019.78,22662.03,1,60027.29,104714.4,49766.8,0.5529,3,0.5902,1,3
MFI_KE_002524,42,M,Machakos,7,89,82,206917.07,176840.63,17738.31,9,190631.63,342251.28,1940488.22,0.7636,0,0.6592,0,4
MFI_KE_002525,47,M,Turkana,63,9,8,53163.53,54719.2,8273.47,2,44256.26,69392.6,92661.83,0.7111,26,0.3631,1,3
MFI_KE_002526,44,M,Turkana,22,20,21,66573.99,62162.36,18682.53,1,73180.8,102006.47,65766.74,0.9436,2,0.7556,0,2
MFI_KE_002527,28,F,Nakuru,10,38,35,19233.01,13463.42,418.79,9,3484.0,6659.77,31013.09,0.333,0,0.8734,0,1
MFI_KE_002528,20,F,Mombasa,61,42,50,10024.59,9808.28,1584.4,5,1992.26,2234.47,10260.83,0.8359,2,0.9131,0,1
MFI_KE_002529,45,F,Kitui,40,91,56,401664.54,330634.15,6150.01,6,92568.38,113295.39,497675.2,0.8245,0,0.3731,1,4
MFI_KE_002530,42,F,Kericho,2,36,19,42098.94,30546.55,7842.61,3,14923.48,19356.35,44179.45,0.9768,7,0.5248,0,2
MFI_KE_002531,18,F,Uasin Gishu,2,5,1,1121.24,851.12,224.07,0,0.0,0.0,0.0,1.0,49,0.612,0,5
MFI_KE_002532,28,F,Homa Bay,69,77,76,490349.91,495424.11,82554.16,2,108629.53,181549.34,191077.74,0.8341,2,0.7347,0,4
MFI_KE_002533,18,F,Bungoma,2,1,5,860.43,876.93,473.8,1,1241.49,2477.33,1355.75,0.4407,12,0.4393,0,5
MFI_KE_002534,34,M,Murang'a,29,89,81,98810.77,86467.15,14936.67,5,91551.72,133227.37,512346.64,0.8542,0,0.4207,0,4
MFI_KE_002535,38,F,Murang'a,81,77,56,255422.63,219712.24,69160.05,5,267804.6,321197.77,1116817.94,0.7549,1,0.4013,0,4
MFI_KE_002536,33,F,Kisumu,45,25,20,71322.96,74161.41,6546.53,2,25241.1,41889.63,51343.83,0.8599,1,0.6982,0,2
MFI_KE_002537,28,F,Kericho,15,54,59,23402.11,17025.87,2264.13,11,2113.62,3953.9,22713.61,0.8008,1,0.8815,0,1
MFI_KE_002538,28,M,Garissa,1,0,1,4960.91,4224.01,7150.21,0,0.0,0.0,0.0,1.0,52,0.6654,0,5
MFI_KE_002539,26,F,Kisumu,20,38,51,24854.62,24769.68,508.41,7,2533.67,3143.6,16533.04,0.8223,0,0.904,0,1
MFI_KE_002540,19,M,Mombasa,51,24,44,11410.97,9813.36,1917.01,4,1462.07,2182.42,6267.18,0.3895,4,0.819,1,1
MFI_KE_002541,31,M,Bomet,1,1,3,2655.07,2403.52,3489.45,1,746.25,1157.71,730.38,0.5447,85,0.538,0,5
MFI_KE_002542,39,M,Mombasa,5,2,1,8099.11,7427.3,723.71,0,0.0,0.0,0.0,1.0,42,0.6951,0,5
MFI_KE_002543,18,M,Nakuru,30,42,51,2228.28,2166.25,478.15,13,1317.99,2514.09,19984.51,0.6644,1,0.9534,0,1
MFI_KE_002544,23,F,Nakuru,14,42,53,11826.59,11975.85,1820.18,13,2178.98,3453.22,30596.67,0.8855,1,0.891,0,1
MFI_KE_002545,54,F,Kiambu,54,30,17,126822.97,92713.61,28599.59,0,0.0,0.0,0.0,0.8836,9,0.7346,0,2
MFI_KE_002546,31,F,Machakos,2,22,22,255029.64,226643.12,22819.19,4,132730.39,240787.23,545328.91,0.9279,25,0.6645,0,2
MFI_KE_002547,30,F,Uasin Gishu,10,91,70,159797.87,125619.65,24248.21,6,332606.15,578109.2,1650338.32,0.9591,1,0.619,0,4
MFI_KE_002548,29,M,Bungoma,3,43,53,6248.18,6031.25,1166.89,7,1103.11,1766.43,6804.14,0.5439,3,0.7974,0,1
MFI_KE_002549,25,F,Kisumu,29,52,42,5706.41,5522.24,784.28,14,3257.41,4748.35,53826.0,0.5036,10,0.9467,0,1
MFI_KE_002550,44,M,Nyeri,17,8,8,53114.3,51634.66,3378.51,4,105142.74,139523.08,428576.23,0.8716,7,0.1964,1,3
MFI_KE_002551,20,F,Kisii,4,34,42,17845.08,13754.64,1323.23,7,1666.47,3216.0,12243.38,0.5587,10,0.7587,0,1
MFI_KE_002552,27,M,Machakos,14,4,5,623.27,521.69,5715.21,0,0.0,0.0,0.0,1.0,32,0.5052,1,5
MFI_KE_002553,35,F,Trans Nzoia,5,76,74,113044.28,115576.14,57367.86,3,331196.99,399841.31,1072018.04,0.8065,0,0.7029,1,4
MFI_KE_002554,44,M,Laikipia,7,10,7,51205.1,48400.52,7596.55,2,35319.83,47655.32,82849.77,0.8391,4,0.4367,1,3
MFI_KE_002555,29,F,Kericho,2,93,74,607500.39,537376.31,37417.88,5,151639.2,168272.39,899700.01,0.7922,8,0.5873,1,4
MFI_KE_002556,48,M,Kericho,55,87,60,228754.22,162749.93,26600.13,7,133079.12,265219.5,882528.22,0.7803,0,0.2489,1,4
MFI_KE_002557,41,F,Homa Bay,27,89,64,166709.65,158085.99,77247.3,7,110275.25,127993.96,922926.34,0.7595,1,0.5792,0,4
MFI_KE_002558,42,F,Kilifi,2,95,73,354984.28,329954.44,15109.18,4,124276.05,225591.39,501391.2,0.9104,0,0.3509,1,4
MFI_KE_002559,22,M,Kisumu,13,35,49,63060.23,45063.68,467.07,7,1616.62,3158.02,11037.43,0.7683,1,0.9402,0,1
MFI_KE_002560,34,F,Kilifi,7,79,76,157080.65,135424.37,31148.38,3,169782.77,285239.5,577389.65,0.8031,2,0.5066,0,4
MFI_KE_002561,29,F,Nakuru,1,2,2,2340.54,2075.97,873.28,1,1016.67,1817.63,1020.98,0.5476,95,0.5338,0,5
MFI_KE_002562,35,M,Meru,55,12,11,71853.13,65568.09,2190.35,0,0.0,0.0,0.0,0.791,24,0.515,0,3
MFI_KE_002563,43,F,Kisumu,17,22,21,205626.2,213722.95,16489.83,1,63999.73,105662.09,67486.29,0.8026,13,0.8086,1,2
MFI_KE_002564,49,M,Embu,12,4,7,17305.13,17362.47,637.24,2,95424.89,147592.67,181711.58,0.3161,15,0.2476,0,3
MFI_KE_002565,48,M,Kisii,25,71,67,124040.42,91884.34,25938.69,2,154577.01,237385.85,343975.18,0.759,0,0.684,1,4
MFI_KE_002566,23,M,Uasin Gishu,13,38,51,9574.66,7487.6,2320.54,7,2333.98,4545.43,14502.74,0.5347,11,0.8179,0,1
MFI_KE_002567,57,F,Garissa,4,1,2,4027.52,3401.85,1703.86,2,2522.75,2547.99,4133.59,0.1341,163,0.7601,0,5
MFI_KE_002568,46,M,Migori,13,72,62,167263.85,175313.25,20407.2,3,174755.8,280833.4,446906.5,0.9263,0,0.5152,0,4
MFI_KE_002569,40,M,Murang'a,65,16,16,59263.44,44946.49,9311.44,1,25844.56,29439.96,27053.17,0.9969,6,0.6156,0,2
MFI_KE_002570,48,M,Homa Bay,8,74,56,233512.3,200261.95,37809.7,8,47958.35,68658.08,384917.39,0.6194,0,0.5547,1,4
MFI_KE_002571,23,M,Kiambu,5,41,60,50644.68,39999.73,1343.47,9,2450.52,4706.58,21023.83,0.4199,0,0.7709,0,1
MFI_KE_002572,31,M,Kiambu,23,39,55,26280.84,26710.72,4486.97,4,741.32,904.38,3361.77,0.5663,0,0.9505,0,1
MFI_KE_002573,42,M,Nakuru,59,25,22,51544.94,52729.59,10601.7,3,36835.23,72802.89,118401.49,0.9899,3,0.8558,0,2
MFI_KE_002574,44,M,Murang'a,14,23,20,63907.84,49868.39,27871.38,3,14458.91,26518.28,38459.54,0.9945,6,0.6166,1,2
MFI_KE_002575,38,M,Bomet,4,91,68,211599.83,149064.55,82431.33,3,245751.03,392965.53,603068.79,0.6983,3,0.5591,0,4
MFI_KE_002576,29,M,Bungoma,29,44,46,15702.67,14306.24,2206.63,6,3298.21,6033.35,17473.35,0.7664,4,0.9013,0,1
MFI_KE_002577,44,M,Trans Nzoia,4,24,22,73384.78,65198.44,14882.39,2,14969.33,29641.0,34584.8,0.9434,21,0.5664,0,2
MFI_KE_002578,33,M,Embu,23,17,13,39850.57,28442.38,14286.0,5,44882.2,53408.68,202163.92,0.7951,3,0.5608,1,2
MFI_KE_002579,24,M,Nakuru,36,32,55,10651.08,9764.33,1312.49,9,2184.76,2461.57,17424.0,0.8697,3,0.9576,0,1
MFI_KE_002580,37,M,Embu,6,2,2,2637.97,1869.4,2574.42,0,0.0,0.0,0.0,1.0,16,0.883,1,5
MFI_KE_002581,35,M,Mombasa,3,3,4,2353.69,2124.78,385.38,1,1269.3,1708.71,1450.29,0.603,22,0.7124,0,5
MFI_KE_002582,30,F,Kisii,4,28,64,2605.39,2472.13,2598.3,6,2689.15,4257.69,14891.07,0.6638,9,0.8154,0,1
MFI_KE_002583,36,F,Mombasa,44,33,69,3999.73,3089.65,2687.39,6,2128.2,3032.98,12938.53,0.8192,1,0.7411,0,1
MFI_KE_002584,56,M,Embu,13,27,19,64376.19,60233.59,7782.32,0,0.0,0.0,0.0,0.8864,2,0.5122,0,2
MFI_KE_002585,42,M,Garissa,45,25,16,49227.62,45789.34,12544.79,2,35109.97,45563.47,77816.67,0.9949,1,0.6332,0,2
MFI_KE_002586,44,M,Turkana,1,3,2,2139.49,1863.79,3681.29,0,0.0,0.0,0.0,1.0,66,0.6477,1,5
MFI_KE_002587,28,F,Nairobi,11,57,57,513768.27,413574.53,72754.11,3,43676.15,46282.42,124526.05,0.8479,1,0.6376,0,4
MFI_KE_002588,24,F,Nairobi,23,54,53,30229.04,23873.94,4887.6,6,2234.7,2629.67,13694.55,0.7009,7,0.9353,0,1
MFI_KE_002589,18,M,Nyeri,3,1,1,1582.31,1528.37,1195.77,0,0.0,0.0,0.0,1.0,199,0.9204,0,5
MFI_KE_002590,25,F,Kiambu,54,55,60,9301.83,9709.06,8896.96,13,1786.98,2991.06,24088.91,0.8264,3,0.8354,0,1
MFI_KE_002591,50,F,Migori,3,10,11,90496.33,69783.41,3905.72,1,29727.4,50004.59,28301.68,0.8515,5,0.3074,0,3
MFI_KE_002592,32,F,Kilifi,18,7,8,44525.2,38071.89,7966.79,5,42455.59,56942.82,198389.53,0.608,5,0.3262,0,3
MFI_KE_002593,21,M,Nairobi,10,43,59,9003.55,6370.5,1000.01,3,1567.13,1785.4,5316.56,0.5657,2,0.8544,0,1
MFI_KE_002594,25,F,Kisumu,22,49,41,8489.02,8607.42,8579.5,5,2795.62,4497.58,16244.95,0.471,0,0.7893,0,1
MFI_KE_002595,18,M,Mombasa,6,36,64,5575.54,5594.56,2992.87,4,1913.34,2931.61,8264.83,0.8933,0,0.8429,1,1
MFI_KE_002596,52,F,Kilifi,6,5,2,47463.34,46852.95,6044.13,3,75358.71,131981.19,191870.38,0.8529,5,0.6977,0,3
MFI_KE_002597,18,M,Laikipia,1,1,2,3693.61,2846.81,726.28,0,0.0,0.0,0.0,1.0,43,0.6754,0,5
MFI_KE_002598,51,F,Migori,71,5,6,118094.96,84519.68,5260.87,1,54673.82,81781.36,63028.76,0.7196,2,0.3513,1,3
MFI_KE_002599,36,F,Uasin Gishu,18,21,28,48439.72,49236.4,4811.88,1,84372.47,140987.09,83379.53,0.847,11,0.7532,1,2
MFI_KE_002600,23,F,Mombasa,6,80,78,189815.94,150556.98,42259.14,11,73376.19,110674.23,731690.7,0.9714,3,0.5552,0,4
MFI_KE_002601,25,F,Uasin Gishu,26,41,44,4398.44,4478.86,1068.34,11,1467.53,2022.26,17658.16,0.8383,1,0.8748,0,1
MFI_KE_002602,22,M,Bungoma,16,37,55,15934.01,13614.57,736.75,10,1953.45,2695.45,20453.67,0.6865,1,0.8545,0,1
MFI_KE_002603,39,M,Kericho,9,10,5,93135.23,70225.08,38629.57,4,203515.15,233542.71,723737.37,0.9306,8,0.2526,0,3
MFI_KE_002604,46,F,Garissa,1,4,2,1972.8,1505.78,969.42,0,0.0,0.0,0.0,1.0,156,0.6217,0,5
MFI_KE_002605,29,F,Homa Bay,33,75,62,718016.71,698324.61,38179.61,2,79181.2,153386.01,163160.83,0.7283,0,0.5203,1,4
MFI_KE_002606,30,F,Mombasa,29,16,21,59480.36,58112.81,15449.07,4,27769.28,38277.72,97482.96,0.9483,9,0.8718,0,2
MFI_KE_002607,34,F,Kiambu,1,0,7,6779.33,5265.96,1513.25,0,0.0,0.0,0.0,1.0,42,0.6872,0,5
MFI_KE_002608,21,M,Kiambu,4,42,55,20145.25,21136.47,1742.28,10,4827.32,5306.19,38979.64,0.4486,7,0.9035,0,1
MFI_KE_002609,24,F,Laikipia,1,0,6,150.42,136.93,1075.98,0,0.0,0.0,0.0,1.0,98,0.8772,0,5
MFI_KE_002610,23,F,Nairobi,22,32,47,17706.41,14107.8,2495.89,11,1886.92,3272.12,17959.83,0.7298,0,0.9811,0,1
MFI_KE_002611,59,F,Homa Bay,26,13,6,185871.21,160070.74,4227.88,0,0.0,0.0,0.0,0.9146,1,0.4901,1,3
MFI_KE_002612,29,F,Uasin Gishu,13,43,59,29745.46,23059.92,1092.06,12,1298.11,1757.83,16317.83,0.7011,5,0.8382,0,1
MFI_KE_002613,31,F,Kitui,15,2,3,3246.0,2520.69,105.0,1,850.89,1072.4,973.9,0.7882,24,0.8349,0,5
MFI_KE_002614,49,M,Nakuru,4,77,77,544258.73,540095.98,20134.47,10,88425.33,139602.14,755220.75,0.8488,0,0.4795,0,4
MFI_KE_002615,26,F,Bomet,2,3,2,14551.32,14081.17,624.05,0,0.0,0.0,0.0,1.0,23,0.5199,0,5
MFI_KE_002616,54,F,Kitui,12,74,73,115321.38,106461.08,37475.1,6,173563.14,207005.87,1163196.54,0.872,2,0.6838,0,4
MFI_KE_002617,36,F,Nyeri,14,27,16,140396.45,127323.91,15503.69,7,41620.52,59076.42,269330.51,0.8731,2,0.7118,1,2
MFI_KE_002618,32,F,Bomet,5,9,4,105374.12,94514.13,3720.83,0,0.0,0.0,0.0,0.8278,17,0.2796,1,3
MFI_KE_002619,41,M,Nyeri,5,20,23,98617.5,75560.37,8411.91,3,39359.46,43529.86,120192.15,0.9359,6,0.1204,1,2
MFI_KE_002620,34,M,Kisumu,6,31,55,4132.52,3009.29,2106.33,11,2852.54,4649.2,37255.94,0.6831,1,0.9213,0,1
MFI_KE_002621,37,F,Turkana,10,26,19,93651.06,77090.57,5469.95,2,29898.77,52586.82,58992.79,0.9506,12,0.7516,0,2
MFI_KE_002622,25,F,Turkana,19,4,2,54259.53,50612.66,2633.48,2,87002.07,100249.54,171252.03,0.848,11,0.3782,1,3
MFI_KE_002623,26,F,Kisumu,14,42,53,9835.0,9216.18,734.38,16,3785.38,6278.88,60358.92,0.6296,3,0.887,0,1
MFI_KE_002624,32,F,Mombasa,6,48,61,39913.29,30086.21,841.08,7,995.29,1512.46,6120.72,0.9066,0,0.7632,0,1
MFI_KE_002625,42,F,Mombasa,2,0,1,3648.16,3432.22,204.01,0,0.0,0.0,0.0,1.0,35,0.8495,0,5
MFI_KE_002626,26,F,Kericho,9,85,79,605754.37,560357.07,55612.47,4,173703.25,259450.38,643502.77,0.9222,1,0.3648,0,4
MFI_KE_002627,42,M,Kitui,14,19,18,73389.07,59853.42,14784.61,5,21692.98,35343.44,106164.63,0.9216,3,0.6058,0,2
MFI_KE_002628,32,M,Nairobi,14,35,50,14654.72,11917.94,717.84,16,2724.86,4605.33,40503.56,0.8594,0,0.9128,0,1
MFI_KE_002629,25,F,Nakuru,12,43,42,12378.8,10433.45,10424.59,10,1688.38,3254.03,18239.49,0.8647,8,0.8088,0,1
MFI_KE_002630,23,F,Kiambu,31,37,48,6455.11,4705.41,4547.66,8,1370.54,1944.63,12774.53,0.6311,4,0.8091,0,1
MFI_KE_002631,37,F,Laikipia,57,8,5,177730.5,165458.74,3513.58,2,74652.0,128923.87,136916.93,0.9622,3,0.3554,1,3
MFI_KE_002632,50,M,Bomet,2,19,11,146269.28,109569.55,13285.01,2,24537.87,28592.0,58849.26,0.948,17,0.8133,0,2
MFI_KE_002633,18,M,Kisumu,9,40,54,19402.32,15491.03,1190.63,12,3628.26,6455.33,34980.33,0.6152,3,0.7717,0,1
MFI_KE_002634,42,F,Bomet,7,7,9,20611.83,18282.96,7504.37,3,91511.59,159769.24,257296.96,0.637,5,0.3323,1,3
MFI_KE_002635,63,M,Kisii,5,21,23,62106.67,43509.45,31366.0,2,91552.4,152446.51,172579.02,0.952,15,0.522,0,2
MFI_KE_002636,24,F,Kisumu,22,42,44,10124.11,7673.85,8001.02,12,1642.65,2983.01,21037.53,0.796,1,0.7294,0,1
MFI_KE_002637,44,M,Homa Bay,15,24,11,65650.25,67728.73,20481.42,0,0.0,0.0,0.0,0.9997,3,0.675,1,2
MFI_KE_002638,22,M,Mombasa,9,36,55,5361.88,5063.66,778.27,10,550.73,867.64,5982.36,0.5826,3,0.5706,0,1
MFI_KE_002639,24,F,Embu,25,49,44,20309.48,16158.63,8550.46,3,2520.82,3068.63,7354.59,0.7774,0,0.5966,0,1
MFI_KE_002640,27,M,Embu,84,61,71,695829.39,539139.72,112428.24,3,103653.54,192849.51,316975.82,0.9132,0,0.6639,0,4
MFI_KE_002641,28,F,Nakuru,4,36,49,3679.41,2965.56,9428.77,8,1048.11,1300.5,8481.62,0.6945,0,0.9549,0,1
MFI_KE_002642,18,M,Nyeri,2,2,2,1703.21,1242.0,976.66,1,1318.03,2120.64,1171.76,0.5381,132,0.5538,1,5
MFI_KE_002643,33,F,Nakuru,54,43,53,15463.03,12073.73,1059.63,10,969.1,1597.68,10829.42,0.8882,0,0.9497,0,1
MFI_KE_002644,27,F,Turkana,24,24,21,193046.14,177090.31,17828.74,6,21385.45,36965.19,105963.12,0.9188,4,0.8411,1,2
MFI_KE_002645,29,M,Meru,1,2,2,24946.3,18298.23,1654.23,0,0.0,0.0,0.0,1.0,101,0.675,0,5
MFI_KE_002646,25,F,Nakuru,21,37,50,18030.52,15227.25,1318.87,7,1568.77,1683.26,10738.01,0.6291,20,0.9155,0,1
MFI_KE_002647,36,F,Kericho,10,1,5,3997.3,3959.54,229.81,0,0.0,0.0,0.0,1.0,41,0.5545,0,5
MFI_KE_002648,43,F,Kericho,17,11,8,25672.33,26073.16,1235.26,2,56836.11,93268.55,94944.49,0.9077,12,0.5142,1,3
MFI_KE_002649,29,F,Machakos,28,17,24,135450.91,141517.77,8587.29,3,32633.25,38887.57,109851.0,0.9879,6,0.4731,0,2
MFI_KE_002650,33,M,Garissa,19,44,64,16151.81,15122.22,569.42,5,4678.89,7727.84,21598.56,0.8019,3,0.8668,0,1
MFI_KE_002651,22,M,Garissa,13,78,69,145086.29,123910.12,18489.53,8,177982.43,240304.85,1229920.53,0.805,5,0.4914,1,4
MFI_KE_002652,18,F,Murang'a,23,2,3,6918.98,5504.84,1896.12,0,0.0,0.0,0.0,1.0,59,0.4858,0,5
MFI_KE_002653,32,F,Murang'a,13,12,2,43097.76,35986.7,5255.94,1,61149.97,102581.12,53090.86,0.9088,3,0.3368,1,3
MFI_KE_002654,46,M,Nyeri,7,11,4,751062.16,697210.5,819.7,0,0.0,0.0,0.0,0.9758,9,0.6257,1,3
MFI_KE_002655,28,F,Turkana,12,44,45,24548.4,20057.27,2450.29,9,3097.39,3991.61,31132.55,0.9205,7,0.8457,0,1
MFI_KE_002656,52,M,Mombasa,19,66,75,166339.08,152626.74,13617.53,4,151308.25,221667.96,704661.23,0.8697,4,0.2093,0,4
MFI_KE_002657,31,F,Laikipia,4,12,3,29860.98,29013.02,25589.98,0,0.0,0.0,0.0,0.7393,13,0.3515,1,3
MFI_KE_002658,26,F,Meru,21,78,71,139625.08,104758.46,20531.83,5,119612.6,219666.66,479350.46,0.6117,0,0.5836,0,4
MFI_KE_002659,48,F,Kericho,4,7,6,189754.78,134928.14,7033.65,2,59568.85,109340.7,109397.57,0.771,6,0.4848,0,3
MFI_KE_002660,43,M,Machakos,12,10,8,74039.82,72213.15,807.09,1,47356.57,61186.03,53535.61,0.752,3,0.4577,1,3
MFI_KE_002661,51,M,Kitui,6,7,8,99853.57,78546.88,10578.85,1,49237.66,84359.3,50872.97,0.8623,5,0.3032,1,3
MFI_KE_002662,27,F,Homa Bay,3,29,11,143459.69,108667.35,38909.57,4,70299.68,137067.64,265726.21,0.9311,3,0.7678,0,2
MFI_KE_002663,37,M,Garissa,32,28,14,53372.67,55523.98,12468.12,2,49791.59,78379.2,93427.67,0.964,2,0.7846,0,2
MFI_KE_002664,22,F,Kitui,14,35,54,17826.05,13513.4,1105.44,11,908.73,1596.9,11369.52,0.463,12,0.8357,0,1
MFI_KE_002665,25,F,Garissa,8,16,8,43592.48,40072.95,322.98,3,71093.55,130454.3,231542.2,0.7795,1,0.4366,0,3
MFI_KE_002666,51,F,Bungoma,14,79,81,96234.98,91825.66,32197.15,6,183444.53,227084.69,1234160.46,0.9268,0,0.7019,1,4
MFI_KE_002667,37,F,Bungoma,3,2,2,4471.91,4409.98,952.79,1,1670.24,2642.56,1957.76,0.2584,43,0.5088,0,5
MFI_KE_002668,25,F,Kitui,21,37,37,5583.82,3970.14,1460.16,6,2859.44,4049.19,15764.73,0.9309,0,0.9072,0,1
MFI_KE_002669,25,F,Mombasa,6,38,53,32642.61,29486.87,2828.16,9,3493.77,5661.3,36138.44,0.4648,3,0.8521,0,1
MFI_KE_002670,28,M,Mombasa,32,24,17,53589.77,50557.63,6523.56,6,46388.89,54827.69,235159.83,0.9788,1,0.5233,0,2
MFI_KE_002671,58,F,Kitui,37,10,3,60515.53,60941.88,1369.22,3,48774.06,83808.56,132345.21,0.8122,7,0.5541,1,3
MFI_KE_002672,75,M,Kilifi,9,6,9,11722.71,12253.71,2854.43,2,62641.18,66598.09,118361.19,0.821,14,0.3703,0,3
MFI_KE_002673,23,F,Nairobi,16,45,45,16833.87,13514.32,2158.76,13,3647.97,4251.28,46597.6,0.3805,2,0.9937,0,1
MFI_KE_002674,39,M,Embu,6,9,7,126938.85,128905.79,1574.15,4,32252.69,41109.3,148311.67,0.607,8,0.3609,0,3
MFI_KE_002675,22,M,Kiambu,80,42,44,12869.41,12536.84,8194.34,11,587.53,663.2,7522.14,0.7568,0,0.783,0,1
MFI_KE_002676,18,M,Nyeri,1,2,2,2170.78,2161.51,1081.01,0,0.0,0.0,0.0,1.0,64,0.4266,0,5
MFI_KE_002677,50,F,Bomet,11,80,64,424719.51,309523.96,34504.29,1,134591.02,227942.91,128885.83,0.9737,0,0.496,0,4
MFI_KE_002678,37,M,Laikipia,10,102,57,313046.1,221294.87,42258.84,2,97425.77,176348.61,189444.54,0.5302,2,0.5772,1,4
MFI_KE_002679,28,F,Uasin Gishu,15,47,41,14876.57,11172.49,16111.03,6,1359.92,2129.73,9476.95,0.7299,0,0.7995,0,1
MFI_KE_002680,28,F,Kisii,29,18,18,63066.85,53239.21,43726.72,2,40310.45,77577.75,70547.12,0.9336,22,0.6108,1,2
MFI_KE_002681,28,M,Kiambu,5,37,64,12925.01,11830.67,643.75,14,1476.75,2305.4,23929.57,0.6428,1,0.8173,0,1
MFI_KE_002682,38,F,Meru,3,74,69,305874.24,223695.85,18349.38,6,135259.71,209304.31,925436.39,0.9463,3,0.6696,1,4
MFI_KE_002683,23,F,Mombasa,4,37,38,51416.0,45767.91,1942.73,11,2261.72,2490.11,27782.58,0.6315,1,0.8904,0,1
MFI_KE_002684,47,F,Embu,7,9,6,33024.82,27767.13,6031.49,0,0.0,0.0,0.0,0.7492,6,0.4542,1,3
MFI_KE_002685,25,M,Nairobi,32,37,51,8618.23,8837.06,1293.48,5,2967.0,3794.76,14070.74,0.7636,1,0.9139,0,1
MFI_KE_002686,59,M,Garissa,36,8,9,53793.42,53073.8,24438.04,1,85019.74,100967.35,85091.83,0.7852,17,0.5907,1,3
MFI_KE_002687,31,M,Machakos,5,4,2,6081.71,6285.42,163.62,0,0.0,0.0,0.0,1.0,166,0.7459,0,5
MFI_KE_002688,43,F,Migori,10,2,4,1882.52,1488.86,393.87,0,0.0,0.0,0.0,1.0,14,0.711,0,5
MFI_KE_002689,34,F,Kericho,3,6,6,68228.16,62280.32,807.54,2,76938.33,115136.9,150601.91,0.5329,1,0.388,0,3
MFI_KE_002690,30,M,Kisumu,4,36,42,64295.35,58909.19,2899.44,10,2008.35,3929.95,20804.95,0.7377,0,0.9813,0,1
MFI_KE_002691,33,F,Bomet,6,82,60,600507.14,600857.8,42698.1,2,59078.53,77117.82,104079.17,0.9467,5,0.504,1,4
MFI_KE_002692,34,F,Nairobi,15,50,55,9758.1,7608.45,1611.2,12,3703.35,4291.1,45523.06,0.7557,0,0.9028,0,1
MFI_KE_002693,36,M,Nakuru,34,32,58,2777.56,1967.58,4156.51,9,4430.74,8342.63,36321.81,0.7163,4,0.6834,0,1
MFI_KE_002694,46,F,Homa Bay,19,18,20,23637.47,17507.04,17707.16,3,31979.46,55629.28,95521.56,0.9596,17,0.4587,1,2
MFI_KE_002695,54,M,Kakamega,47,8,7,90809.08,95121.97,2788.29,3,40175.58,68262.02,120114.61,0.3201,19,0.264,0,3
MFI_KE_002696,44,M,Trans Nzoia,21,26,22,87182.49,76975.61,12710.16,1,65832.07,102980.03,73495.75,0.9981,19,0.8109,0,2
MFI_KE_002697,46,F,Kitui,7,8,9,124529.69,97799.44,2871.59,3,80299.7,134143.27,218591.79,0.9386,3,0.331,0,3
MFI_KE_002698,22,F,Kisii,8,15,13,29011.46,29045.74,12536.89,1,35887.09,61503.61,34374.86,0.7391,11,0.6524,0,2
MFI_KE_002699,28,M,Garissa,2,12,11,310230.39,313652.67,16662.91,3,141231.36,164648.07,460315.71,0.7591,4,0.3121,1,3
MFI_KE_002700,28,F,Nairobi,12,42,54,25293.65,26006.53,475.17,6,783.11,1330.03,3799.47,0.6635,0,0.8561,0,1
MFI_KE_002701,25,F,Kisumu,3,32,49,25155.78,19406.02,1618.98,7,1596.41,2724.38,12363.15,0.7901,1,0.8036,0,1
MFI_KE_002702,63,M,Turkana,6,3,1,505.4,420.86,3406.21,0,0.0,0.0,0.0,1.0,195,0.5765,0,5
MFI_KE_002703,44,M,Meru,13,25,20,135193.07,105651.53,16441.05,3,35608.92,42676.67,124699.92,0.8926,31,0.4911,0,2
MFI_KE_002704,28,F,Trans Nzoia,5,11,8,42992.29,32945.45,658.61,6,41317.72,45091.43,287111.41,0.9037,8,0.458,1,3
MFI_KE_002705,58,F,Kisii,8,5,7,52009.12,37162.5,13378.21,2,52645.49,74531.43,88374.55,0.8417,16,0.4886,1,3
MFI_KE_002706,59,M,Homa Bay,23,7,0,199623.88,190281.16,15862.05,1,87531.88,100753.26,97631.59,0.729,12,0.3882,1,3
MFI_KE_002707,40,F,Nairobi,22,25,23,31538.74,22494.88,14807.19,2,21793.79,37420.97,46290.08,0.9871,28,0.5335,0,2
MFI_KE_002708,32,F,Nyeri,9,6,9,24808.74,19959.02,7287.54,0,0.0,0.0,0.0,0.6365,1,0.4763,1,3
MFI_KE_002709,44,F,Bungoma,27,26,16,68837.17,72271.94,2656.92,3,45167.62,78821.04,110875.83,0.9891,2,0.5168,0,2
MFI_KE_002710,38,F,Kakamega,15,21,24,107978.25,96702.11,18536.22,2,56605.53,89416.67,105188.48,0.9642,16,0.4703,0,2
MFI_KE_002711,20,M,Migori,1,3,3,7751.38,6471.79,8662.88,0,0.0,0.0,0.0,1.0,89,0.8483,0,5
MFI_KE_002712,45,M,Kisii,64,85,86,686120.75,527540.75,31384.68,4,155480.68,171713.78,564928.57,0.7726,1,0.7981,1,4
MFI_KE_002713,22,M,Kiambu,10,37,52,9172.38,8917.41,1615.55,10,2272.88,3590.61,20030.94,0.7663,0,0.8502,1,1
MFI_KE_002714,21,M,Nakuru,4,26,54,20552.39,17029.24,904.93,8,2036.84,3323.23,18608.27,0.9483,1,0.9019,0,1
MFI_KE_002715,43,F,Embu,32,80,80,184086.45,139911.53,51163.06,5,427681.56,701106.86,2109170.06,0.9374,5,0.7923,1,4
MFI_KE_002716,36,M,Migori,3,12,5,58385.38,54407.11,8198.57,3,38263.28,46826.69,94249.48,0.7853,6,0.5673,0,3
MFI_KE_002717,24,M,Bomet,20,8,5,17578.3,16937.15,1060.01,3,97124.55,105122.9,252670.01,0.6469,38,0.3883,1,3
MFI_KE_002718,31,M,Kitui,23,16,19,67444.44,70296.8,24449.5,7,36698.12,44119.75,275422.97,0.8863,2,0.3804,0,2
MFI_KE_002719,39,F,Trans Nzoia,24,6,5,49544.66,46905.21,2630.56,2,75527.6,138986.17,138008.08,0.626,3,0.5487,1,3
MFI_KE_002720,48,M,Embu,1,4,3,6731.98,4756.71,1723.9,0,0.0,0.0,0.0,1.0,86,0.6909,0,5
MFI_KE_002721,33,F,Migori,8,31,52,8758.09,6561.19,708.33,5,1982.98,3511.71,8824.36,0.8566,3,0.686,1,1
MFI_KE_002722,34,M,Nyeri,13,25,31,108067.8,104051.05,12669.46,5,39443.49,53415.04,236630.43,0.9587,1,0.7741,1,2
MFI_KE_002723,56,M,Uasin Gishu,3,78,70,601138.48,614883.86,20419.55,5,53585.53,81705.22,245855.47,0.8773,1,0.5854,1,4
MFI_KE_002724,22,F,Laikipia,11,3,9,73804.31,60772.99,12998.42,1,70203.66,95371.99,59021.12,0.726,1,0.5545,1,3
MFI_KE_002725,18,F,Kakamega,3,31,48,15922.42,13589.34,10939.07,6,1990.03,3311.03,12589.24,0.7404,1,0.9375,0,1
MFI_KE_002726,42,M,Uasin Gishu,1,0,4,640.78,568.42,850.09,0,0.0,0.0,0.0,1.0,51,0.7973,0,5
MFI_KE_002727,43,F,Kiambu,10,1,1,2155.12,2015.81,432.71,2,935.61,1257.01,1545.39,0.5747,40,0.7723,0,5
MFI_KE_002728,32,M,Bomet,30,25,12,126948.62,120649.1,24453.99,0,0.0,0.0,0.0,0.9851,1,0.6294,0,2
MFI_KE_002729,41,F,Kiambu,7,79,63,410598.65,324464.44,11918.34,5,82421.41,143291.6,413909.96,0.7943,2,0.6066,1,4
MFI_KE_002730,22,F,Kitui,11,36,47,3349.23,2418.3,149.35,8,1211.97,2407.02,9381.0,0.6999,2,0.9544,0,1
MFI_KE_002731,38,F,Nairobi,8,60,62,667462.62,677574.5,58377.69,5,110004.14,181364.44,518470.8,0.9771,3,0.7849,0,4
MFI_KE_002732,31,F,Kiambu,62,36,52,31462.44,24324.39,860.79,10,1806.76,2916.04,21526.95,0.803,2,0.8753,0,1
MFI_KE_002733,23,F,Nakuru,19,37,58,11760.89,10103.33,4548.84,12,3611.96,6332.88,41619.06,0.5556,0,0.8988,0,1
MFI_KE_002734,29,F,Nairobi,23,42,75,7489.7,6471.5,9702.59,3,1040.58,1991.97,2782.58,0.6856,0,0.8909,0,1
MFI_KE_002735,60,M,Bomet,13,9,6,95920.3,75216.98,25834.6,3,65453.66,76428.91,226928.76,0.8642,11,0.3792,1,3
MFI_KE_002736,39,F,Bungoma,19,21,22,91686.82,66859.94,17079.0,0,0.0,0.0,0.0,0.9917,20,0.7422,0,2
MFI_KE_002737,30,F,Mombasa,3,37,44,4114.67,3220.67,436.19,2,1198.02,1410.31,2093.7,0.6542,0,0.9837,1,1
MFI_KE_002738,35,F,Kitui,3,8,8,14349.99,13720.72,34317.47,0,0.0,0.0,0.0,0.8293,9,0.6989,1,3
MFI_KE_002739,36,F,Kiambu,26,20,22,40021.71,41847.39,3024.39,3,72127.69,134164.41,213377.82,0.9293,10,0.718,1,2
MFI_KE_002740,18,F,Nakuru,4,47,52,49365.85,51339.7,2052.54,5,1236.02,1612.95,5283.4,0.8572,0,0.8764,0,1
MFI_KE_002741,39,F,Kisumu,7,18,20,29938.64,26496.29,14414.24,1,43507.12,81308.62,48221.98,0.9743,1,0.4388,0,2
MFI_KE_002742,23,M,Nairobi,13,26,15,44324.9,37146.87,7371.52,4,34237.82,38837.13,136272.07,0.9214,6,0.4645,0,2
MFI_KE_002743,34,M,Kiambu,3,35,56,9822.18,7015.84,1468.91,6,1947.0,2304.75,13052.5,0.8726,0,0.9887,0,1
MFI_KE_002744,38,F,Garissa,16,16,26,61966.48,56872.05,17573.59,7,53273.03,54732.96,340100.16,0.9868,2,0.3392,0,2
MFI_KE_002745,37,M,Trans Nzoia,8,20,23,66165.98,65181.62,7393.11,2,23508.96,27544.18,43805.02,0.9823,5,0.3688,0,2
MFI_KE_002746,30,M,Bungoma,16,71,67,432761.65,425456.26,43364.16,8,87902.45,137598.13,826163.86,0.9023,0,0.6359,0,4
MFI_KE_002747,33,F,Uasin Gishu,25,20,14,56472.67,51037.02,18539.46,2,19605.8,29335.31,36561.57,0.9481,15,0.3601,0,2
MFI_KE_002748,43,F,Homa Bay,15,7,6,559925.63,522997.55,7420.82,2,47058.85,62035.0,80533.22,0.9032,4,0.4163,1,3
MFI_KE_002749,52,M,Homa Bay,3,5,5,28344.56,20274.65,6053.75,2,85823.12,139966.64,200201.37,0.9128,12,0.2215,1,3
MFI_KE_002750,57,M,Murang'a,19,3,5,36106.23,26481.98,2948.48,1,102804.39,122073.54,84400.91,0.6864,7,0.4873,1,3
MFI_KE_002751,37,F,Nakuru,24,86,64,314428.78,314697.99,16685.95,6,111346.17,206709.43,574991.94,0.7101,0,0.4904,0,4
MFI_KE_002752,34,M,Bungoma,67,9,7,15918.25,16180.55,3623.96,2,21215.75,37900.09,39453.58,0.5688,5,0.4207,0,3
MFI_KE_002753,18,F,Kiambu,18,37,42,4785.64,4286.86,1473.53,10,1534.76,2842.41,17494.64,0.5979,3,0.9403,0,1
MFI_KE_002754,31,M,Migori,1,4,3,3361.08,2604.63,131.08,0,0.0,0.0,0.0,1.0,12,0.7746,1,5
MFI_KE_002755,30,F,Nyeri,2,19,17,75336.75,57617.85,23181.57,2,21953.25,38202.72,45884.7,0.9192,15,0.4446,1,2
MFI_KE_002756,30,M,Nairobi,22,22,19,128170.77,109021.73,4553.25,3,69520.78,127317.11,182890.67,0.954,19,0.5601,0,2
MFI_KE_002757,36,F,Meru,38,9,3,199148.54,167852.87,959.84,0,0.0,0.0,0.0,0.8296,36,0.259,1,3
MFI_KE_002758,24,F,Nakuru,17,32,57,12705.6,11030.61,709.28,7,1552.53,3003.67,9216.35,0.2705,1,0.9594,0,1
MFI_KE_002759,22,F,Kitui,1,2,2,1807.02,1564.11,2544.42,0,0.0,0.0,0.0,1.0,99,0.6713,0,5
MFI_KE_002760,42,M,Kisii,26,21,29,107943.73,77248.92,175560.36,0,0.0,0.0,0.0,0.9756,18,0.5992,0,2
MFI_KE_002761,61,F,Bungoma,24,6,7,85901.13,84286.17,21417.95,4,75417.16,100897.94,300269.71,0.7257,5,0.4396,0,3
MFI_KE_002762,36,F,Kisii,9,5,7,297376.55,228569.72,5014.71,3,129357.76,158745.51,418233.07,0.925,5,0.5576,1,3
MFI_KE_002763,28,F,Mombasa,29,46,59,33294.06,31544.75,682.89,7,2153.25,3940.6,13828.66,0.6053,0,0.916,0,1
MFI_KE_002764,54,F,Trans Nzoia,26,7,5,232542.91,176376.85,20866.31,2,55349.6,79458.36,113953.1,0.6853,19,0.5287,1,3
MFI_KE_002765,39,M,Uasin Gishu,2,1,2,9404.85,9780.37,952.53,3,1763.34,2477.17,4664.48,0.3941,63,0.5982,0,5
MFI_KE_002766,22,F,Bomet,16,12,7,94688.02,91401.37,10847.55,3,53931.26,89364.18,172912.73,0.7283,6,0.3429,1,3
MFI_KE_002767,27,F,Trans Nzoia,21,27,19,129001.8,101488.83,19720.14,4,22245.16,29618.89,79921.26,0.8429,1,0.5869,0,2
MFI_KE_002768,28,F,Kakamega,14,43,42,21973.61,15577.76,1931.51,6,3536.15,5129.42,17584.88,0.7511,3,0.9434,0,1
MFI_KE_002769,34,F,Kisumu,75,74,69,160007.42,167756.92,26449.84,5,166023.95,300656.33,824065.33,0.8413,2,0.6779,1,4
MFI_KE_002770,37,M,Bomet,36,84,62,250449.62,242013.93,47011.01,4,152104.54,163207.1,610773.33,0.6932,2,0.6533,0,4
MFI_KE_002771,41,F,Kiambu,45,26,22,66029.18,66347.14,24195.11,5,17188.77,24420.89,77999.09,0.9847,10,0.644,0,2
MFI_KE_002772,21,F,Garissa,17,52,46,12756.8,10806.01,281.78,6,1924.09,3626.32,13495.93,0.8878,2,0.907,0,1
MFI_KE_002773,24,F,Kiambu,25,33,44,9013.06,9140.03,552.04,8,2123.91,3013.83,14513.09,0.5097,3,0.6828,0,1
MFI_KE_002774,63,F,Bomet,26,7,5,33541.13,24304.48,3872.99,3,72810.85,121929.93,200887.88,0.9072,2,0.6442,0,3
MFI_KE_002775,34,M,Kitui,2,0,4,364.99,332.85,3643.12,0,0.0,0.0,0.0,1.0,21,0.7225,0,5
MFI_KE_002776,56,F,Murang'a,24,8,4,80955.59,74137.81,1289.8,0,0.0,0.0,0.0,0.774,4,0.5323,1,3
MFI_KE_002777,50,M,Turkana,27,37,21,40748.67,41483.31,28973.3,2,48737.36,80015.69,107342.46,0.9686,7,0.5985,1,2
MFI_KE_002778,53,F,Murang'a,13,2,2,50590.95,43320.23,2538.18,4,64088.12,81774.46,263422.54,0.6233,23,0.4683,1,3
MFI_KE_002779,32,F,Bungoma,6,20,19,43763.22,38642.38,7174.44,1,16192.73,26929.19,14380.37,0.8717,6,0.4674,1,2
MFI_KE_002780,37,F,Embu,14,5,7,234306.06,203743.89,1705.69,4,89609.93,179162.59,381313.21,0.5364,5,0.5613,1,3
MFI_KE_002781,43,M,Nyeri,26,6,3,40827.96,36776.84,4020.31,2,33139.87,36747.41,58863.31,0.8267,5,0.643,0,3
MFI_KE_002782,39,F,Kilifi,14,91,69,203791.25,167312.47,31960.43,5,189850.35,261379.56,990255.24,0.7416,1,0.5982,1,4
MFI_KE_002783,40,F,Nakuru,5,0,5,7580.25,6724.02,1599.21,1,1553.03,2974.88,1594.67,0.2518,51,0.4337,0,5
MFI_KE_002784,38,M,Meru,6,31,33,44111.59,37139.26,10050.59,2,33942.2,62737.92,79941.84,0.9625,4,0.7971,1,2
MFI_KE_002785,26,M,Nairobi,3,39,44,10278.03,8745.87,1099.48,14,3741.85,5365.31,55155.37,0.477,2,0.5533,0,1
MFI_KE_002786,52,F,Trans Nzoia,12,7,7,106500.54,101988.67,19158.25,3,59511.08,77778.45,174274.17,0.9224,14,0.7039,1,3
MFI_KE_002787,35,M,Embu,22,26,17,118809.42,93016.14,10320.25,3,29375.55,34294.97,91284.9,0.9898,2,0.7394,1,2
MFI_KE_002788,38,M,Kisii,79,29,24,134604.99,116940.11,17778.56,2,49495.03,69877.4,89598.09,0.9747,6,0.7084,0,2
MFI_KE_002789,37,M,Nakuru,1,2,3,791.44,821.47,3018.36,0,0.0,0.0,0.0,1.0,12,0.5913,0,5
MFI_KE_002790,41,F,Kisii,9,6,3,3884.19,2745.39,1013.02,1,2245.51,3227.05,2354.4,0.5223,19,0.6262,0,5
MFI_KE_002791,22,F,Kilifi,8,22,20,101918.71,78986.41,4211.04,3,54657.28,61931.31,139342.34,0.9557,1,0.5468,1,2
MFI_KE_002792,24,M,Nairobi,35,34,37,1606.49,1180.7,1435.55,8,1345.21,2563.01,12681.44,0.8344,0,0.9005,0,1
MFI_KE_002793,29,M,Mombasa,16,38,40,21188.38,17003.52,7430.3,5,1125.99,1334.88,6308.11,0.7079,0,0.8686,0,1
MFI_KE_002794,22,F,Garissa,59,14,4,25922.4,19587.68,21469.8,1,110167.68,163769.16,113752.52,0.8677,4,0.4411,1,3
MFI_KE_002795,34,M,Nairobi,1,4,3,41233.93,29580.77,423.23,0,0.0,0.0,0.0,1.0,19,0.694,0,5
MFI_KE_002796,29,M,Garissa,24,46,51,6917.85,5080.51,2254.15,6,4862.82,8677.0,28894.31,0.7542,3,0.7317,0,1
MFI_KE_002797,23,F,Nyeri,7,41,49,11809.92,12285.84,3660.05,5,2695.21,3254.52,12045.61,0.4944,8,0.6072,0,1
MFI_KE_002798,19,F,Laikipia,4,46,42,5119.04,4958.01,2783.86,10,2172.16,4016.31,23068.67,0.4701,2,0.9071,0,1
MFI_KE_002799,41,F,Bomet,36,21,22,74084.35,68416.38,9744.64,5,29067.04,52490.54,149621.97,0.9648,13,0.728,0,2
MFI_KE_002800,56,M,Turkana,9,76,72,272092.98,259645.89,27001.79,5,109134.34,118609.88,461142.1,0.8912,4,0.5279,0,4
MFI_KE_002801,18,F,Bomet,11,2,5,449.38,419.17,837.4,0,0.0,0.0,0.0,1.0,36,0.8318,1,5
MFI_KE_002802,42,M,Migori,41,84,68,124118.34,98713.09,47286.06,2,56978.26,95556.71,110154.49,0.9776,4,0.4993,0,4
MFI_KE_002803,28,M,Murang'a,3,26,16,138766.91,106908.18,7538.56,2,63234.42,85949.08,135818.68,0.8602,5,0.5056,1,2
MFI_KE_002804,29,F,Trans Nzoia,20,27,20,47147.75,46472.97,13636.71,1,24828.77,46191.14,26378.64,0.9459,2,0.7648,0,2
MFI_KE_002805,41,M,Kisii,4,7,8,51387.86,53301.74,2977.38,4,80964.28,104098.19,345654.1,0.7352,4,0.454,1,3
MFI_KE_002806,45,F,Kiambu,25,77,75,595821.02,455606.6,17725.76,6,491197.98,704340.41,3175195.43,0.7376,3,0.5165,1,4
MFI_KE_002807,40,F,Meru,3,78,79,167966.2,126688.98,22391.19,3,172573.04,270201.8,443559.28,0.7448,3,0.5195,0,4
MFI_KE_002808,30,M,Kisumu,2,49,46,215266.31,184274.51,1113.2,5,3310.63,6095.36,16137.85,0.7749,3,0.8803,0,1
MFI_KE_002809,24,M,Laikipia,1,0,3,1204.24,1087.39,941.83,0,0.0,0.0,0.0,1.0,29,0.5389,0,5
MFI_KE_002810,34,F,Migori,17,21,24,147334.5,109247.8,12835.76,4,72417.87,135730.4,268990.37,0.9621,1,0.5761,0,2
MFI_KE_002811,21,M,Uasin Gishu,14,28,60,5551.77,4049.86,1728.54,8,579.47,811.02,4091.36,0.5913,0,0.7984,0,1
MFI_KE_002812,18,F,Meru,4,33,42,62484.07,58845.95,9092.36,10,1101.85,1244.9,11982.38,0.6994,5,0.9353,0,1
MFI_KE_002813,27,M,Machakos,1,4,2,2679.06,1959.38,460.19,1,2640.48,5193.15,2485.8,0.6153,75,0.4884,0,5
MFI_KE_002814,35,M,Nakuru,1,4,0,1072.9,887.35,289.89,0,0.0,0.0,0.0,1.0,110,0.6496,0,5
MFI_KE_002815,51,F,Garissa,16,79,85,315956.52,295003.42,48727.74,8,95784.85,123716.4,678170.46,0.9837,0,0.3648,1,4
MFI_KE_002816,26,F,Kiambu,1,2,6,2252.98,1717.48,278.7,0,0.0,0.0,0.0,1.0,10,0.3542,1,5
MFI_KE_002817,40,F,Embu,12,23,15,158706.93,132898.01,5517.37,4,27122.31,44329.8,127071.93,0.9593,14,0.648,0,2
MFI_KE_002818,25,F,Machakos,6,4,9,123957.6,103704.04,3702.42,2,72599.5,109665.28,163701.25,0.8031,13,0.3805,1,3
MFI_KE_002819,20,M,Bungoma,64,40,52,4281.02,4200.0,1365.0,9,1496.62,2755.28,10992.69,0.6038,2,0.8121,0,1
MFI_KE_002820,35,F,Kisii,18,3,12,59798.35,55641.11,3410.2,4,47956.36,66239.8,173142.86,0.6425,18,0.1505,1,3
MFI_KE_002821,37,F,Garissa,52,24,19,86605.04,89386.02,3492.69,2,54990.83,106428.82,131383.43,0.8279,9,0.5867,0,2
MFI_KE_002822,34,F,Machakos,6,58,51,377426.86,292736.26,90262.19,12,102224.13,102374.72,1007288.13,0.6526,2,0.4076,0,4
MFI_KE_002823,44,F,Trans Nzoia,15,12,6,82597.88,66377.86,3751.87,0,0.0,0.0,0.0,0.4309,10,0.2195,1,3
MFI_KE_002824,46,M,Laikipia,37,73,73,584167.65,528386.48,5648.23,4,62502.68,65889.2,285424.28,0.7509,2,0.1825,0,4
MFI_KE_002825,30,M,Mombasa,20,48,44,22024.88,22997.38,1961.21,12,2449.58,3682.61,32764.59,0.4317,1,0.8536,1,1
MFI_KE_002826,41,M,Trans Nzoia,95,20,29,30470.16,21594.98,17391.31,2,25895.12,27655.53,45810.96,0.9984,25,0.474,0,2
MFI_KE_002827,22,F,Mombasa,25,31,51,5160.58,4630.34,166.22,10,1942.78,2388.47,16265.31,0.7683,0,0.9906,0,1
MFI_KE_002828,57,F,Laikipia,13,9,5,16239.52,13355.13,2852.16,3,59077.26,79906.07,185414.53,0.6115,9,0.8941,1,3
MFI_KE_002829,28,F,Uasin Gishu,8,38,60,18039.45,12747.7,2579.53,7,840.86,1441.92,5584.22,0.5082,2,0.9451,0,1
MFI_KE_002830,23,F,Migori,19,51,42,10468.88,10169.35,681.91,3,4593.29,7842.92,12349.18,0.8575,9,0.8486,0,1
MFI_KE_002831,30,F,Nakuru,11,36,53,4980.46,4644.74,1836.84,5,1677.56,2431.82,9924.38,0.645,4,0.9006,0,1
MFI_KE_002832,35,F,Nyeri,21,6,9,20218.23,17481.91,5048.24,1,64952.94,127649.37,70064.1,0.7027,9,0.339,1,3
MFI_KE_002833,47,F,Bomet,7,12,7,97748.57,94236.99,1960.22,1,82704.31,153479.93,88886.15,0.5689,1,0.3214,0,3
MFI_KE_002834,34,F,Kisii,3,2,6,55694.84,56820.24,4443.17,3,76095.85,130458.33,193138.74,0.5138,14,0.7432,1,3
MFI_KE_002835,30,F,Kitui,5,25,24,50473.36,48904.06,14435.28,3,35824.5,56878.59,122753.24,0.9602,2,0.7118,0,2
MFI_KE_002836,45,F,Bungoma,6,22,18,39380.97,37139.08,32496.43,4,30093.52,32027.69,98562.47,0.994,2,0.513,1,2
MFI_KE_002837,41,F,Mombasa,40,22,25,46180.32,40352.59,4881.4,4,41305.82,48382.84,157808.92,0.9689,10,0.5163,0,2
MFI_KE_002838,22,M,Meru,5,14,4,208917.77,160356.39,5060.28,2,84187.49,103105.71,156761.97,0.6486,2,0.342,1,3
MFI_KE_002839,49,M,Trans Nzoia,27,12,7,333542.79,243177.08,29421.95,1,61173.26,117070.04,57103.55,0.746,2,0.2351,1,3
MFI_KE_002840,28,F,Mombasa,44,49,59,15349.89,12538.03,1001.34,6,1042.24,1073.0,7302.39,0.7629,6,0.9971,0,1
MFI_KE_002841,40,F,Laikipia,5,12,4,71850.73,61117.61,3898.69,1,35795.48,50359.73,33764.05,0.8553,2,0.2587,1,3
MFI_KE_002842,28,M,Kisii,2,24,20,57068.46,59837.1,7824.25,2,59030.0,114739.27,112938.4,0.9584,11,0.7909,0,2
MFI_KE_002843,23,M,Kericho,9,44,57,15744.54,12080.34,4916.35,8,4814.66,6453.55,42097.63,0.429,4,0.8668,0,1
MFI_KE_002844,24,M,Kakamega,12,40,54,25100.45,18723.15,831.1,11,2029.43,3248.87,18263.11,0.7197,1,0.8823,1,1
MFI_KE_002845,27,M,Kiambu,14,46,45,16078.95,15232.94,1824.65,8,2092.3,3186.97,18738.14,0.5077,0,0.9956,0,1
MFI_KE_002846,49,F,Murang'a,44,19,22,122430.82,107655.42,6945.68,1,46678.03,49164.55,55218.05,0.8797,10,0.4955,0,2
MFI_KE_002847,43,F,Nairobi,12,77,69,806109.47,575312.57,76066.7,7,80261.66,142893.44,554437.88,0.848,6,0.8579,0,4
MFI_KE_002848,23,F,Kisumu,6,34,45,25284.89,18500.6,13979.45,8,1282.37,2242.74,8868.87,0.6472,10,0.7244,1,1
MFI_KE_002849,41,F,Kakamega,33,29,25,74347.83,75825.24,15156.08,4,57187.07,104692.98,267451.54,0.9798,6,0.5987,0,2
MFI_KE_002850,30,F,Kisumu,14,34,49,11709.17,8540.01,3508.35,9,1696.56,2706.01,17091.92,0.6654,0,0.8336,1,1
MFI_KE_002851,36,M,Kisii,10,32,24,35874.89,26021.78,41987.45,2,62372.53,86118.54,136570.43,0.9564,2,0.4642,1,2
MFI_KE_002852,46,M,Murang'a,72,6,4,27958.43,28324.87,3778.64,5,135853.34,143127.48,728694.58,0.8702,4,0.4214,1,3
MFI_KE_002853,39,M,Nyeri,67,23,19,60020.0,61065.35,35945.06,0,0.0,0.0,0.0,0.8967,8,0.6678,0,2
MFI_KE_002854,36,M,Meru,16,24,16,77561.09,71022.31,19469.11,1,18076.14,23175.9,15448.49,0.9342,4,0.6893,0,2
MFI_KE_002855,29,M,Mombasa,17,29,30,66438.32,69497.4,6124.95,5,8853.68,10976.02,49252.31,0.9652,4,0.625,0,2
MFI_KE_002856,31,M,Laikipia,4,24,24,24849.24,24098.6,6602.59,6,43435.24,53131.09,251612.38,0.9784,19,0.6011,0,2
MFI_KE_002857,28,F,Trans Nzoia,29,92,54,270932.58,250443.04,26099.38,7,107189.91,122489.77,664086.6,0.7381,1,0.5317,0,4
MFI_KE_002858,33,M,Uasin Gishu,31,37,52,4307.95,4164.67,5432.27,8,1789.56,2535.19,13680.42,0.6591,2,0.6771,0,1
MFI_KE_002859,44,F,Garissa,12,8,6,27373.37,25363.97,12264.18,0,0.0,0.0,0.0,0.9104,3,0.2789,1,3
MFI_KE_002860,56,F,Nakuru,11,4,1,2512.37,2283.58,642.54,0,0.0,0.0,0.0,1.0,163,0.6237,0,5
MFI_KE_002861,41,M,Machakos,18,23,20,109806.53,109548.42,72938.48,2,28114.93,52549.43,52433.02,0.8648,16,0.7905,0,2
MFI_KE_002862,42,M,Turkana,2,1,4,3880.52,2762.95,204.96,0,0.0,0.0,0.0,1.0,10,0.2722,0,5
MFI_KE_002863,42,F,Kisii,55,8,9,50504.07,37098.85,7414.4,3,46006.06,65500.14,133688.78,0.7506,3,0.3477,0,3
MFI_KE_002864,58,F,Kitui,94,11,5,11083.09,11258.64,2847.42,2,25817.38,33258.24,52795.87,0.8644,7,0.3014,1,3
MFI_KE_002865,39,M,Homa Bay,9,10,5,29008.56,23442.71,7494.52,3,81423.23,111604.51,270908.53,0.8395,4,0.5435,1,3
MFI_KE_002866,33,F,Nairobi,14,71,66,180391.8,164621.31,41302.07,7,119213.95,201587.07,759886.52,0.8249,0,0.2101,0,4
MFI_KE_002867,26,F,Garissa,14,8,2,39584.9,41440.28,32648.88,1,26988.73,40578.93,28797.59,0.5507,23,0.4655,1,3
MFI_KE_002868,25,F,Uasin Gishu,22,40,56,38297.51,29759.0,2823.91,6,4602.19,8968.55,24713.1,0.5449,4,0.8309,0,1
MFI_KE_002869,33,F,Bungoma,9,45,61,12765.2,10524.49,1660.79,10,2709.76,4822.67,23535.42,0.7776,0,0.9514,0,1
MFI_KE_002870,42,M,Nakuru,11,19,22,217477.97,184553.16,9328.16,4,19118.18,29805.91,90249.81,0.9895,2,0.5608,1,2
MFI_KE_002871,46,F,Bungoma,5,2,3,6796.85,5757.23,195.34,2,1663.7,3196.62,3176.1,0.2267,38,0.5066,0,5
MFI_KE_002872,43,F,Bomet,22,93,63,122628.86,106024.63,183730.83,6,124355.09,174410.48,719377.33,0.7484,0,0.5968,1,4
MFI_KE_002873,46,M,Kakamega,7,30,13,360301.8,285201.41,38488.81,6,44978.4,57223.97,274787.14,0.8155,8,0.4317,0,2
MFI_KE_002874,30,F,Mombasa,6,33,44,2822.73,2344.2,2279.91,6,915.08,1691.3,4761.85,0.6527,1,0.859,0,1
MFI_KE_002875,24,M,Kiambu,5,41,38,9480.59,9315.74,1078.49,4,4190.03,7765.15,16502.77,0.684,0,0.772,1,1
MFI_KE_002876,31,F,Kilifi,22,2,3,795.19,779.5,975.91,0,0.0,0.0,0.0,1.0,15,0.5839,1,5
MFI_KE_002877,41,F,Embu,1,4,1,1842.88,1903.09,268.13,0,0.0,0.0,0.0,1.0,51,0.6161,0,5
MFI_KE_002878,46,M,Machakos,12,7,12,30291.01,22787.84,2453.79,2,71505.9,95737.52,145824.6,0.7567,1,0.7826,0,3
MFI_KE_002879,31,F,Laikipia,7,21,16,99084.25,89884.22,17193.35,2,36037.46,60664.59,75148.32,0.8648,1,0.9196,0,2
MFI_KE_002880,31,F,Meru,86,40,60,7720.75,6050.62,523.44,8,4824.63,7960.85,38733.96,0.7782,0,0.5323,0,1
MFI_KE_002881,45,F,Kilifi,29,15,24,48309.27,48437.04,13099.74,1,25299.77,43179.6,20242.28,0.8358,3,0.3271,0,2
MFI_KE_002882,23,F,Kisumu,2,41,52,8541.75,7621.18,293.6,7,3574.03,4324.18,26703.39,0.5093,1,0.9226,0,1
MFI_KE_002883,39,F,Nairobi,20,87,73,318207.66,277403.59,15504.97,4,70929.15,102701.16,283181.31,0.8282,1,0.6288,0,4
MFI_KE_002884,24,F,Machakos,4,3,4,9295.17,9512.71,4007.45,0,0.0,0.0,0.0,1.0,121,0.2937,0,5
MFI_KE_002885,22,M,Meru,8,30,21,56307.89,40415.22,7403.04,6,28685.98,39331.16,181529.34,0.9741,13,0.7846,1,2
MFI_KE_002886,43,F,Garissa,8,8,6,134294.89,115133.88,5030.61,5,152775.36,200174.86,613709.74,0.2729,10,0.5108,1,3
MFI_KE_002887,22,F,Nairobi,94,77,79,292887.74,283901.04,15850.43,3,70804.3,113323.32,230429.61,0.9271,2,0.5833,0,4
MFI_KE_002888,23,F,Kiambu,71,30,40,20089.38,18849.85,775.84,14,844.54,1523.85,12664.84,0.8909,5,0.9186,0,1
MFI_KE_002889,46,M,Migori,25,27,25,36839.57,29781.3,34806.4,1,57382.57,93399.73,54133.41,0.9014,1,0.4054,0,2
MFI_KE_002890,41,F,Uasin Gishu,61,77,65,319454.64,280929.76,110881.59,6,83672.53,111372.81,592397.86,0.8855,4,0.6929,0,4
MFI_KE_002891,45,F,Kiambu,4,21,16,31510.31,26984.55,8115.2,3,48677.42,77155.5,167372.7,0.9364,4,0.455,0,2
MFI_KE_002892,32,F,Nakuru,5,36,47,28115.29,29345.27,1429.19,6,1332.91,1357.24,8535.99,0.8637,1,0.9832,0,1
MFI_KE_002893,29,F,Nyeri,4,1,1,368.33,283.06,186.38,0,0.0,0.0,0.0,1.0,111,0.6875,0,5
MFI_KE_002894,53,F,Turkana,7,0,0,1551.12,1087.57,639.22,0,0.0,0.0,0.0,1.0,78,0.3743,0,5
MFI_KE_002895,40,M,Garissa,4,11,5,93300.59,65480.85,1317.98,5,139438.82,201624.55,769930.58,0.7843,7,0.2979,1,3
MFI_KE_002896,40,F,Laikipia,5,30,15,14994.78,12791.05,13795.82,3,67767.26,129180.81,170371.74,0.9931,13,0.5379,1,2
MFI_KE_002897,38,M,Kakamega,10,9,12,59000.14,56513.09,29189.7,3,141579.03,148448.87,458120.79,0.7687,3,0.4703,0,3
MFI_KE_002898,28,F,Embu,42,44,53,25041.95,23340.04,671.62,11,2591.08,3081.22,24644.55,0.7308,1,0.8561,0,1
MFI_KE_002899,38,M,Laikipia,3,9,2,124618.0,100182.84,14083.95,1,95697.59,179765.09,110589.31,0.8076,6,0.4278,1,3
MFI_KE_002900,45,M,Turkana,2,74,73,177625.33,185108.98,12921.21,6,253911.61,439173.38,1315531.81,0.8782,2,0.6486,1,4
MFI_KE_002901,24,M,Kakamega,5,7,4,74633.04,61306.56,12044.58,3,58930.3,84921.96,202636.39,0.7492,5,0.3007,0,3
MFI_KE_002902,23,F,Mombasa,15,40,44,2920.83,2467.07,7537.7,8,5080.04,9916.15,38641.41,0.6493,5,0.6775,0,1
MFI_KE_002903,19,M,Nakuru,33,41,38,4999.49,5048.81,1768.22,5,2517.07,2902.78,10205.12,0.8683,9,0.878,0,1
MFI_KE_002904,18,M,Kiambu,21,49,46,14104.36,14695.16,930.65,8,3625.18,6073.63,30546.51,0.8337,0,0.9357,0,1
MFI_KE_002905,33,F,Migori,30,82,71,175104.64,143266.17,93836.22,2,65312.27,77090.53,127311.22,0.9068,0,0.4049,1,4
MFI_KE_002906,26,F,Kitui,11,12,4,107030.9,83012.07,9615.63,1,108976.68,176237.37,123707.49,0.6137,2,0.1622,1,3
MFI_KE_002907,33,F,Kitui,2,0,5,8886.89,8353.43,801.43,3,2920.84,4512.1,7264.75,0.3746,22,0.6888,1,5
MFI_KE_002908,49,F,Kilifi,67,5,4,39596.56,39907.29,380.67,0,0.0,0.0,0.0,0.6606,6,0.3027,1,3
MFI_KE_002909,51,F,Machakos,18,85,67,117340.74,116986.02,8448.42,4,190935.7,277555.27,865215.91,0.8303,1,0.7676,1,4
MFI_KE_002910,18,F,Embu,1,4,1,2151.95,1538.38,638.33,0,0.0,0.0,0.0,1.0,22,0.475,0,5
MFI_KE_002911,34,F,Nairobi,17,23,26,23858.09,24587.66,26243.2,4,45689.47,84251.07,185651.96,0.9975,2,0.6604,0,2
MFI_KE_002912,30,F,Kericho,23,8,3,53750.94,54263.05,3876.47,1,33095.05,47403.13,26805.92,0.8813,4,0.5391,0,3
MFI_KE_002913,43,M,Bomet,21,4,6,109338.05,99058.72,11090.16,1,89859.76,161333.62,90144.79,0.8264,7,0.4703,1,3
MFI_KE_002914,29,M,Kiambu,10,34,46,38353.32,31786.37,777.66,5,2628.94,5202.52,11849.96,0.3563,1,0.9382,1,1
MFI_KE_002915,41,F,Machakos,32,23,17,29109.5,26202.86,32615.03,1,24589.54,49112.7,26818.6,0.9743,3,0.5583,1,2
MFI_KE_002916,27,F,Turkana,12,4,2,13638.64,12846.34,2791.16,2,40519.73,77209.51,70733.77,0.5507,29,0.7589,1,3
MFI_KE_002917,26,F,Kiambu,33,44,45,14637.41,11232.11,3468.11,9,4620.06,7762.23,48193.79,0.8877,5,0.8044,0,1
MFI_KE_002918,47,F,Kiambu,12,27,22,85488.58,84996.47,4694.48,5,41187.35,64068.28,186974.72,0.9162,7,0.6436,1,2
MFI_KE_002919,29,M,Garissa,6,2,5,2343.83,1909.37,1120.44,0,0.0,0.0,0.0,1.0,190,0.8488,0,5
MFI_KE_002920,63,F,Kericho,14,6,4,7554.57,7088.26,10217.46,1,68097.46,79885.15,74194.85,0.6471,6,0.6736,1,3
MFI_KE_002921,35,F,Laikipia,2,9,5,21806.69,16844.83,10711.97,2,67486.63,121420.69,130150.14,0.6032,2,0.3284,0,3
MFI_KE_002922,46,F,Laikipia,5,91,76,344793.74,345090.34,29983.77,5,344163.38,441579.59,1723819.35,0.7224,0,0.4474,0,4
MFI_KE_002923,35,M,Garissa,5,1,2,1837.77,1639.31,205.84,0,0.0,0.0,0.0,1.0,50,0.4046,0,5
MFI_KE_002924,40,F,Kakamega,16,35,19,32734.97,30399.26,5730.77,3,23944.73,29749.89,79840.48,0.7234,6,0.7554,0,2
MFI_KE_002925,38,M,Kakamega,7,89,64,347492.82,300210.72,35603.68,2,132041.09,171557.73,224469.92,0.8917,1,0.5805,1,4
MFI_KE_002926,21,M,Kisumu,14,39,39,13074.19,11765.91,2315.66,9,1124.15,2145.84,9887.99,0.7215,2,0.9065,1,1
MFI_KE_002927,46,F,Machakos,33,98,61,191015.03,167256.04,97370.77,2,289282.31,491161.75,490386.95,0.814,2,0.5456,0,4
MFI_KE_002928,46,F,Trans Nzoia,26,23,14,106358.59,80657.79,13204.22,6,43460.32,72184.65,286253.37,0.9481,4,0.2464,0,2
MFI_KE_002929,42,M,Nairobi,3,2,3,4499.28,4252.11,218.06,0,0.0,0.0,0.0,1.0,23,0.6581,0,5
MFI_KE_002930,24,F,Murang'a,2,38,60,37544.75,32662.49,2863.71,12,2086.9,3531.83,27336.4,0.8671,0,0.8255,0,1
MFI_KE_002931,45,F,Uasin Gishu,10,78,82,205268.12,160960.22,18207.56,2,147401.53,177536.42,346926.26,0.8099,1,0.556,0,4
MFI_KE_002932,24,F,Nyeri,18,35,55,30252.39,30286.76,324.99,7,5164.78,10256.2,41848.21,0.7844,4,0.8469,0,1
MFI_KE_002933,48,M,Bungoma,23,9,3,43103.07,42368.15,17627.27,1,16724.13,19467.8,13556.5,0.8828,6,0.225,1,3
MFI_KE_002934,35,F,Kisii,30,23,12,36153.59,34228.66,6377.24,6,17537.26,32105.66,121976.83,0.9504,6,0.6282,0,2
MFI_KE_002935,23,M,Kiambu,5,44,65,3875.29,3340.3,2208.52,6,3108.36,4302.42,22353.27,0.6488,0,0.9902,0,1
MFI_KE_002936,39,F,Kericho,6,26,19,52275.63,54618.35,14726.34,5,36174.59,36496.21,207015.84,0.9447,4,0.7173,0,2
MFI_KE_002937,35,F,Murang'a,4,10,10,95720.23,70082.14,5055.74,1,32736.0,60115.96,38298.47,0.8315,13,0.3891,1,3
MFI_KE_002938,31,F,Garissa,25,33,23,64618.41,53928.07,13767.44,1,24745.4,41752.58,24326.03,0.9837,3,0.8598,1,2
MFI_KE_002939,26,M,Meru,81,6,4,58217.14,43817.28,13833.66,3,30832.41,58022.58,109839.73,0.8287,11,0.4239,1,3
MFI_KE_002940,65,M,Embu,14,10,9,115916.85,82769.19,4551.53,0,0.0,0.0,0.0,0.8155,3,0.5752,1,3
MFI_KE_002941,24,F,Kisumu,1,2,2,649.3,612.22,562.17,1,2963.07,4782.7,2524.46,0.0728,177,0.8427,0,5
MFI_KE_002942,29,F,Nakuru,49,32,47,15045.05,11056.65,1605.09,10,3676.03,7139.99,34896.51,0.789,3,0.8009,0,1
MFI_KE_002943,34,F,Kitui,43,24,13,35114.36,27486.33,22084.74,3,30285.82,59570.02,77688.2,0.8836,2,0.7588,0,2
MFI_KE_002944,39,F,Laikipia,9,24,22,21387.71,20644.63,10304.03,2,36113.85,39177.26,72655.87,0.9172,23,0.7878,1,2
MFI_KE_002945,20,F,Kiambu,5,36,34,13668.48,11831.79,1677.64,9,1429.63,2832.55,10496.76,0.7368,0,0.842,0,1
MFI_KE_002946,36,F,Bungoma,12,27,16,51105.96,52984.13,7164.68,5,37064.33,37407.56,179410.64,0.8791,5,0.528,1,2
MFI_KE_002947,53,F,Murang'a,4,29,20,115452.61,87326.69,8243.49,3,12177.96,16778.9,35907.71,0.9517,8,0.6122,1,2
MFI_KE_002948,44,F,Homa Bay,10,6,7,21472.62,22420.35,10836.7,2,56826.81,73956.32,93463.71,0.8097,14,0.5755,0,3
MFI_KE_002949,41,M,Laikipia,18,21,22,130448.37,121105.23,12168.42,4,56558.1,86002.32,188859.27,0.9411,2,0.5258,1,2
MFI_KE_002950,33,F,Kisii,15,9,10,156828.52,160365.22,5096.3,0,0.0,0.0,0.0,0.6199,28,0.1697,1,3
MFI_KE_002951,18,F,Nairobi,21,45,50,16144.0,16691.47,2441.79,10,3179.95,6004.51,28338.3,0.6298,1,0.8018,0,1
MFI_KE_002952,27,F,Mombasa,39,42,47,13311.79,9461.13,1001.55,10,1501.49,1572.49,16932.82,0.4036,3,0.9042,0,1
MFI_KE_002953,45,F,Kisumu,6,84,68,421246.07,410540.16,33502.34,10,110753.29,139173.83,1160448.68,0.8057,0,0.5496,1,4
MFI_KE_002954,36,F,Embu,19,14,16,92468.61,72367.41,8761.47,2,32797.43,50932.8,60935.56,0.9271,1,0.5302,0,2
MFI_KE_002955,33,M,Kiambu,38,41,57,12602.15,10022.22,389.59,10,2154.65,3495.81,19031.32,0.8161,0,0.9425,0,1
MFI_KE_002956,42,F,Embu,21,27,24,48749.87,49426.38,7613.99,2,48500.74,62159.02,89587.22,0.9939,2,0.3781,0,2
MFI_KE_002957,42,F,Mombasa,6,3,4,4260.19,4262.22,730.88,0,0.0,0.0,0.0,1.0,38,0.622,0,5
MFI_KE_002958,38,F,Kakamega,1,3,1,3145.91,3154.08,63.85,1,3452.85,4207.5,3764.46,0.3838,58,0.4419,0,5
MFI_KE_002959,22,F,Kiambu,42,45,68,4184.58,4354.12,1093.74,9,2433.22,2446.31,25833.65,0.2787,11,0.7861,1,1
MFI_KE_002960,19,M,Nakuru,18,39,50,60118.43,62659.05,5099.26,9,4927.74,5939.37,51861.47,0.9054,1,0.8272,0,1
MFI_KE_002961,26,F,Kisii,26,33,44,4488.11,3161.08,3171.44,8,2083.65,3288.65,14375.59,0.6476,2,0.8191,0,1
MFI_KE_002962,29,M,Bungoma,13,22,23,45750.47,39754.61,21800.72,3,92880.42,177444.39,252047.43,0.961,11,0.6065,0,2
MFI_KE_002963,46,F,Kakamega,52,31,19,77610.34,76702.54,12073.55,5,44782.14,55714.09,232546.08,0.9379,6,0.557,0,2
MFI_KE_002964,28,F,Kiambu,11,46,59,46339.69,48028.61,3694.01,6,1058.67,1616.32,6646.67,0.7086,0,0.6045,0,1
MFI_KE_002965,45,F,Kiambu,1,1,4,1517.83,1452.19,486.9,0,0.0,0.0,0.0,1.0,13,0.494,0,5
MFI_KE_002966,43,M,Machakos,9,3,5,57124.41,53300.59,3448.16,3,44867.21,78205.76,108831.81,0.9337,8,0.3337,1,3
MFI_KE_002967,33,F,Nairobi,3,87,77,229859.25,201838.68,88679.5,7,150534.18,266451.84,1092091.54,0.6995,5,0.4791,1,4
MFI_KE_002968,23,F,Kitui,7,1,4,285.38,224.05,479.21,0,0.0,0.0,0.0,1.0,78,0.7877,0,5
MFI_KE_002969,20,M,Nairobi,16,40,50,6021.55,4611.19,7334.15,10,2077.7,2558.76,17230.24,0.5706,4,0.9852,0,1
MFI_KE_002970,46,M,Kisii,11,34,22,119170.22,96954.08,5594.55,2,81845.49,159402.49,160710.12,0.9977,2,0.8986,0,2
MFI_KE_002971,46,M,Kilifi,24,8,2,39181.05,36835.91,5652.22,2,57320.52,58439.72,118166.27,0.8039,18,0.3686,1,3
MFI_KE_002972,25,F,Garissa,1,2,3,3883.63,2792.84,411.59,0,0.0,0.0,0.0,1.0,71,0.5146,0,5
MFI_KE_002973,46,F,Meru,10,24,22,22947.87,21717.48,23295.41,2,51974.23,53565.12,102749.23,0.9964,16,0.2204,0,2
MFI_KE_002974,54,M,Kericho,38,73,71,331075.57,260018.92,9574.69,7,130287.15,244104.02,799036.18,0.9216,0,0.3668,0,4
MFI_KE_002975,25,F,Mombasa,14,42,46,1798.14,1796.26,1015.18,10,739.74,762.43,6403.7,0.4484,1,0.9404,0,1
MFI_KE_002976,40,F,Kilifi,2,2,3,6787.43,5884.36,4244.39,0,0.0,0.0,0.0,1.0,94,0.3786,0,5
MFI_KE_002977,33,M,Kisumu,5,34,43,1923.4,1575.49,623.87,7,3626.08,7135.38,24890.78,0.4261,3,0.8151,0,1
MFI_KE_002978,31,M,Kisumu,15,37,43,21435.59,20944.29,2210.29,4,3091.78,3269.24,10080.76,0.9375,0,0.9257,0,1
MFI_KE_002979,41,M,Murang'a,3,11,6,124822.6,91087.62,19094.06,0,0.0,0.0,0.0,0.8595,10,0.4087,1,3
MFI_KE_002980,35,F,Turkana,8,73,68,629126.83,535544.61,29922.33,4,185894.03,357102.03,777984.65,0.6946,0,0.4222,0,4
MFI_KE_002981,35,F,Nyeri,47,79,75,133523.65,121644.21,36641.9,5,159086.54,265631.06,813536.72,0.7054,7,0.7846,1,4
MFI_KE_002982,28,F,Uasin Gishu,12,39,63,21698.3,16967.69,4130.41,7,4804.4,5566.38,38004.7,0.7927,1,0.9254,0,1
MFI_KE_002983,28,F,Kericho,15,14,16,234619.69,222144.01,49128.34,2,33954.07,66666.6,75284.12,0.9522,7,0.7873,0,2
MFI_KE_002984,28,F,Nakuru,7,41,53,18840.65,17144.24,4510.29,8,1568.73,2412.81,10174.6,0.913,2,0.9069,0,1
MFI_KE_002985,30,M,Kiambu,44,36,53,28656.56,20862.26,570.46,6,602.65,1089.65,3458.22,0.7633,5,0.8571,0,1
MFI_KE_002986,49,F,Kiambu,4,2,3,2905.7,2331.31,10514.94,0,0.0,0.0,0.0,1.0,161,0.6464,0,5
MFI_KE_002987,28,F,Turkana,1,2,4,1676.45,1704.18,957.8,1,614.02,877.29,614.21,0.3447,42,0.8615,0,5
MFI_KE_002988,24,M,Kisumu,8,32,44,22230.88,21723.29,5403.23,7,1655.39,2820.48,12139.78,0.6735,0,0.7611,0,1
MFI_KE_002989,49,F,Trans Nzoia,4,69,64,121444.48,112902.14,25715.27,4,341260.66,652473.03,1602441.5,0.889,1,0.4388,0,4
MFI_KE_002990,41,F,Laikipia,40,21,11,20242.4,19620.23,11458.99,5,37585.21,54397.57,217393.06,0.9786,30,0.7554,0,2
MFI_KE_002991,49,F,Machakos,54,23,22,45615.17,38237.28,26893.23,6,22341.49,26903.23,128446.37,0.9387,2,0.6602,1,2
MFI_KE_002992,37,M,Mombasa,43,26,22,51875.74,44801.14,13730.86,2,55895.92,68083.79,116176.23,0.8936,3,0.5849,0,2
MFI_KE_002993,25,M,Nakuru,5,46,58,3079.1,2382.56,527.56,9,1228.02,2294.17,11360.0,0.808,3,0.9738,0,1
MFI_KE_002994,21,F,Homa Bay,13,41,45,7868.03,8019.27,1074.31,3,1990.63,3529.38,5768.97,0.4971,7,0.7218,0,1
MFI_KE_002995,29,F,Nyeri,6,0,2,1311.33,930.08,1784.83,1,2739.67,4189.98,2701.81,0.3755,67,0.5679,0,5
MFI_KE_002996,32,F,Nakuru,5,18,23,100613.92,94767.52,16686.47,1,26131.52,31202.43,25472.64,0.9338,14,0.4688,0,2
MFI_KE_002997,25,F,Nairobi,16,40,52,7667.11,5443.37,5103.01,16,2879.94,5185.65,47305.82,0.6275,3,0.9507,0,1
MFI_KE_002998,30,F,Meru,10,7,3,294150.19,280465.03,3880.47,4,50048.96,81345.89,238522.31,0.704,2,0.3232,0,3
MFI_KE_002999,50,F,Kisii,15,21,26,63846.34,53444.54,9642.33,2,32404.46,34160.86,54583.13,0.9503,2,0.5504,0,2
MFI_KE_003000,55,F,Kilifi,21,8,2,584157.75,431151.24,19498.74,4,47538.83,76558.62,183301.7,0.5411,3,0.6861,0,3
MFI_KE_003001,44,M,Kisumu,5,17,21,81697.93,81496.96,27645.21,2,92816.39,148163.96,196558.44,0.9894,1,0.3932,0,2
MFI_KE_003002,40,M,Kakamega,46,19,19,80469.78,58014.18,15186.3,3,20912.14,37380.25,74696.03,0.9833,1,0.6225,0,2
MFI_KE_003003,43,F,Migori,6,75,85,307351.88,303801.66,44950.34,1,221335.1,380853.67,178663.14,0.7354,0,0.6585,0,4
MFI_KE_003004,27,M,Mombasa,4,40,49,25139.67,18992.76,6454.23,10,2728.63,5204.79,22912.03,0.3371,3,0.668,0,1
MFI_KE_003005,24,M,Kisumu,41,47,43,2997.16,2634.62,2077.99,8,2318.94,2782.08,18635.4,0.4619,1,0.5902,0,1
MFI_KE_003006,18,F,Trans Nzoia,21,39,57,47052.95,46404.67,1703.36,8,1523.41,2956.66,13583.66,0.8827,5,0.7561,0,1
MFI_KE_003007,23,F,Homa Bay,9,49,49,35032.64,27250.19,1232.84,6,1740.61,2263.87,11121.02,0.5095,3,0.9375,0,1
MFI_KE_003008,30,F,Kakamega,12,91,71,183724.51,143693.03,134402.33,8,135181.47,258005.55,1210549.21,0.8505,3,0.4428,1,4
MFI_KE_003009,36,F,Trans Nzoia,39,28,27,74375.76,74719.46,23884.72,2,25855.63,40458.62,55032.91,0.9263,4,0.7912,0,2
MFI_KE_003010,29,F,Kakamega,3,20,28,85419.1,69358.4,6858.52,2,48265.4,82059.23,88498.6,0.8889,1,0.6195,0,2
MFI_KE_003011,25,F,Nakuru,4,43,51,9658.01,9997.53,2159.95,6,4917.96,8559.79,25412.11,0.7012,2,0.7093,0,1
MFI_KE_003012,20,M,Machakos,8,37,56,4855.64,3423.37,9683.14,8,6412.63,12686.35,60932.87,0.4523,8,0.9294,0,1
MFI_KE_003013,40,F,Bomet,6,92,70,292655.47,251309.16,63590.51,5,136952.68,229241.21,611399.23,0.8223,2,0.5328,1,4
MFI_KE_003014,21,M,Mombasa,20,37,44,30682.41,28199.51,4831.9,9,879.05,1054.21,8692.45,0.6347,2,0.8765,0,1
MFI_KE_003015,43,M,Nairobi,28,23,21,63668.82,48427.71,8212.15,3,32012.44,56124.71,109480.03,0.8781,2,0.6211,0,2
MFI_KE_003016,22,F,Nairobi,7,34,51,10428.26,9795.34,555.94,7,1847.7,2310.5,14693.69,0.7329,0,0.9606,0,1
MFI_KE_003017,42,F,Kilifi,13,22,16,116151.51,109992.07,11264.33,5,22363.54,37636.21,104048.92,0.9758,1,0.2573,1,2
MFI_KE_003018,40,M,Kakamega,8,23,17,40298.92,36261.34,11648.75,3,11078.77,19374.54,34068.69,0.8926,13,0.7828,1,2
MFI_KE_003019,37,M,Kilifi,2,4,5,1142.62,1053.14,451.73,1,616.55,820.45,593.96,0.6729,77,0.6282,1,5
MFI_KE_003020,33,M,Nairobi,83,47,54,20592.97,15362.76,1849.7,9,2073.46,4066.25,18766.43,0.7274,1,0.8967,0,1
MFI_KE_003021,40,M,Uasin Gishu,10,26,13,43655.66,32039.2,10374.52,3,48398.58,90535.73,161748.3,0.9418,1,0.5181,0,2
MFI_KE_003022,31,M,Kisumu,10,36,53,11693.54,10867.77,6928.7,14,2704.86,4196.0,32895.57,0.6089,2,0.9324,0,1
MFI_KE_003023,36,F,Kakamega,26,28,15,56412.31,52353.5,17330.69,3,19547.83,33278.15,56376.94,0.8929,4,0.6795,0,2
MFI_KE_003024,34,F,Laikipia,11,48,52,39507.24,40855.43,5858.71,11,1643.47,1851.32,21063.03,0.8532,3,0.9482,0,1
MFI_KE_003025,35,M,Uasin Gishu,1,0,4,17824.56,17918.33,150.04,1,2641.61,4243.14,2191.25,0.4241,189,0.7686,0,5
MFI_KE_003026,27,F,Uasin Gishu,11,35,58,5643.92,4765.05,652.63,8,1321.53,1630.92,10015.8,0.8407,0,0.714,0,1
MFI_KE_003027,22,F,Bomet,4,74,55,191073.73,146636.75,15923.94,8,183726.26,341178.39,1453449.7,0.8767,5,0.2829,0,4
MFI_KE_003028,45,M,Garissa,16,7,8,20883.02,18512.15,12139.15,2,51598.29,56056.64,94786.43,0.6564,2,0.4332,1,3
MFI_KE_003029,42,F,Turkana,32,70,71,392819.2,366692.97,50834.22,3,117422.18,142722.88,359960.02,0.8612,3,0.5241,0,4
MFI_KE_003030,18,F,Kericho,23,42,54,10216.38,9344.74,530.41,6,2051.08,2167.68,13371.25,0.4499,11,0.5877,1,1
MFI_KE_003031,26,M,Uasin Gishu,13,40,54,92689.73,79217.62,2018.85,4,1660.76,2787.05,6939.18,0.5599,1,0.7764,0,1
MFI_KE_003032,39,F,Embu,6,11,6,21612.1,19674.79,4990.22,1,31242.52,48797.53,26601.12,0.845,2,0.5499,1,3
MFI_KE_003033,30,F,Meru,12,44,47,78643.16,79977.92,813.3,5,1197.57,1899.45,5838.86,0.7371,3,0.8754,0,1
MFI_KE_003034,22,M,Embu,19,90,60,109884.99,106282.78,84934.82,4,61866.27,121975.11,217030.55,0.9346,1,0.4229,0,4
MFI_KE_003035,18,M,Mombasa,9,37,46,7911.41,7016.88,6242.77,10,2293.81,2581.89,21531.8,0.4798,0,0.8129,0,1
MFI_KE_003036,36,M,Bungoma,2,17,16,27379.96,23135.98,31813.47,5,90794.44,118194.16,401911.3,0.9821,6,0.4112,1,2
MFI_KE_003037,22,M,Bungoma,8,27,26,91664.18,83263.7,9220.5,2,15674.52,22391.24,37060.23,0.9954,14,0.7473,0,2
MFI_KE_003038,29,M,Kilifi,1,0,3,25034.31,18354.53,302.61,3,2043.52,2377.31,5599.26,0.2718,96,0.4328,0,5
MFI_KE_003039,50,M,Uasin Gishu,4,28,17,36043.73,29303.72,3882.87,4,24704.41,31246.04,93850.76,0.943,10,0.7262,0,2
MFI_KE_003040,41,F,Garissa,4,73,67,1149273.02,831940.98,88001.18,5,267049.3,402686.69,1265781.86,0.9097,2,0.8303,0,4
MFI_KE_003041,25,M,Kitui,26,87,83,206268.03,167062.69,57799.36,10,320325.87,374059.82,3807965.63,0.8397,2,0.5394,1,4
MFI_KE_003042,29,F,Meru,17,10,8,175066.04,171432.6,2297.36,2,80777.0,127128.2,132426.85,0.8018,11,0.6642,1,3
MFI_KE_003043,53,F,Kericho,32,4,1,74681.35,55082.08,23496.3,3,92841.46,162294.34,328438.32,0.5166,10,0.3609,1,3
MFI_KE_003044,28,F,Migori,14,31,18,113154.05,105155.63,6160.43,1,24020.54,39921.99,24150.39,0.9051,8,0.5038,0,2
MFI_KE_003045,37,F,Trans Nzoia,4,32,17,57113.86,40512.55,8541.06,2,22594.77,26992.49,50487.4,0.9605,6,0.7156,0,2
MFI_KE_003046,46,F,Garissa,33,43,20,92714.42,89895.77,11451.22,1,35990.14,36668.99,42411.19,0.9468,13,0.6976,1,2
MFI_KE_003047,46,M,Kiambu,22,26,18,146372.2,149571.14,16858.84,2,33772.88,57093.28,76154.16,0.9881,2,0.54,0,2
MFI_KE_003048,47,M,Machakos,25,25,17,54580.29,53568.0,34269.8,5,25256.32,49070.5,124786.3,0.9914,2,0.6723,0,2
MFI_KE_003049,58,F,Machakos,4,3,9,25996.23,23097.47,2675.32,2,102924.82,162630.8,237209.11,0.7942,13,0.4546,0,3
MFI_KE_003050,46,F,Nakuru,9,33,13,244261.93,194006.84,28705.27,4,100146.64,174610.12,335076.0,0.8423,3,0.5398,0,2
MFI_KE_003051,18,F,Mombasa,17,38,45,21894.75,20971.35,726.45,7,1970.61,2393.85,12563.23,0.7384,9,0.981,1,1
MFI_KE_003052,39,F,Migori,69,15,16,42038.66,35908.86,12937.44,4,18396.55,25623.45,72768.64,0.9217,1,0.7318,1,2
MFI_KE_003053,37,M,Garissa,7,11,8,142072.62,126396.79,5023.02,3,33975.13,41244.39,114209.43,0.9314,1,0.4827,1,3
MFI_KE_003054,40,F,Garissa,11,10,6,18387.66,12963.48,1988.85,1,38552.33,39500.76,33925.17,0.8066,18,0.8354,0,3
MFI_KE_003055,36,M,Nyeri,32,76,58,70692.59,60994.86,20372.17,3,58715.9,77917.73,183238.34,0.7761,3,0.7937,1,4
MFI_KE_003056,26,F,Nakuru,38,38,60,32774.12,24261.03,4705.9,5,2379.07,3661.71,13681.79,0.8767,3,0.7061,0,1
MFI_KE_003057,21,F,Nakuru,11,2,4,5299.06,3769.09,455.3,0,0.0,0.0,0.0,1.0,79,0.9292,0,5
MFI_KE_003058,35,F,Mombasa,13,35,52,7930.16,6648.04,642.02,4,1969.62,3371.28,7030.44,0.5096,0,0.8764,0,1
MFI_KE_003059,36,F,Nakuru,7,38,56,24913.58,18752.22,187.13,5,1948.95,2730.21,8659.48,0.7873,8,0.9716,0,1
MFI_KE_003060,30,F,Nairobi,49,37,55,17396.82,13396.38,1873.54,10,2413.98,2787.78,27535.96,0.5057,1,0.8841,0,1
MFI_KE_003061,25,M,Mombasa,34,46,57,9332.62,6572.66,4147.53,11,2022.01,3353.5,25221.27,0.7051,4,0.9649,0,1
MFI_KE_003062,27,M,Bomet,16,27,14,124203.72,92772.22,3424.89,2,77365.38,144816.4,179187.98,0.9799,11,0.8285,0,2
MFI_KE_003063,29,M,Kisii,17,36,56,20802.57,20586.53,2181.19,9,3625.28,5026.4,34525.33,0.6028,0,0.9438,0,1
MFI_KE_003064,30,F,Kisumu,24,36,19,53559.47,52965.08,67291.46,6,132359.25,227388.19,909482.13,0.9906,6,0.3859,0,2
MFI_KE_003065,29,F,Kisumu,6,37,53,28761.93,23135.46,924.75,10,4686.41,6341.59,47939.99,0.8101,3,0.7188,0,1
MFI_KE_003066,21,M,Laikipia,4,47,50,3085.79,2717.91,1843.82,6,1208.62,1362.11,7695.01,0.8406,4,0.7836,0,1
MFI_KE_003067,25,F,Migori,8,1,3,1157.45,1004.47,2194.35,0,0.0,0.0,0.0,1.0,30,0.7858,0,5
MFI_KE_003068,22,F,Migori,9,21,25,28351.31,27576.38,10774.97,4,55630.8,79744.08,247853.49,0.8572,14,0.5892,0,2
MFI_KE_003069,27,F,Uasin Gishu,10,42,54,5793.03,5732.93,979.09,11,1594.09,2514.24,16035.1,0.5885,0,0.9872,0,1
MFI_KE_003070,54,F,Bungoma,5,5,13,12919.14,9592.2,5505.61,1,43580.36,80693.56,35591.1,0.7321,1,0.514,1,3
MFI_KE_003071,40,F,Bungoma,11,20,14,84381.45,63494.32,10919.62,7,31709.99,40068.08,207580.94,0.766,10,0.5454,0,2
MFI_KE_003072,22,F,Kisii,37,32,40,10966.82,9836.73,1904.54,10,1427.74,2467.07,15077.99,0.779,2,0.9509,0,1
MFI_KE_003073,45,M,Bungoma,26,85,63,42520.6,32960.9,32808.35,7,54547.72,99153.32,436483.16,0.6723,2,0.3733,0,4
MFI_KE_003074,29,F,Nairobi,7,45,52,67581.29,63826.72,1518.98,13,3019.53,3870.92,45300.95,0.5133,3,0.9455,0,1
MFI_KE_003075,22,F,Nyeri,5,52,46,26329.67,23029.24,5102.94,10,2544.44,3466.61,28812.04,0.7924,1,0.848,0,1
MFI_KE_003076,51,F,Garissa,3,6,7,447982.3,370530.25,12928.37,4,37099.88,53142.54,162125.94,0.5094,27,0.6853,0,3
MFI_KE_003077,27,M,Meru,22,11,8,102900.63,82640.66,3558.22,2,54332.92,75095.84,125045.96,0.8882,8,0.5037,1,3
MFI_KE_003078,37,F,Kitui,7,90,76,248500.69,227427.36,40290.8,3,155265.37,298356.61,500487.51,0.8934,1,0.4402,0,4
MFI_KE_003079,18,M,Kisumu,1,0,1,1962.66,1736.55,3501.7,0,0.0,0.0,0.0,1.0,89,0.5271,0,5
MFI_KE_003080,23,M,Kiambu,48,34,48,14130.04,13039.23,3266.82,11,2358.72,3998.77,26120.53,0.7228,1,0.8852,0,1
MFI_KE_003081,29,M,Kitui,11,29,17,117245.79,97380.76,35234.61,0,0.0,0.0,0.0,0.9527,2,0.6473,1,2
MFI_KE_003082,38,M,Bungoma,16,4,5,222334.93,170771.38,1593.47,3,73647.87,88889.08,235006.71,0.7397,4,0.3561,1,3
MFI_KE_003083,43,M,Homa Bay,3,5,4,296.39,292.6,730.95,0,0.0,0.0,0.0,1.0,35,0.9197,0,5
MFI_KE_003084,42,F,Uasin Gishu,2,85,82,178804.24,125206.13,23900.35,7,159979.02,167442.97,923335.29,0.8553,4,0.6093,1,4
MFI_KE_003085,31,F,Nakuru,5,50,32,26260.84,22980.39,1876.65,8,1825.96,2977.98,16177.76,0.5964,0,0.5033,0,1
MFI_KE_003086,39,F,Trans Nzoia,23,30,18,66404.0,64395.34,23086.97,1,78913.68,116632.3,73247.52,0.9335,3,0.9254,0,2
MFI_KE_003087,27,F,Kisumu,11,50,58,13004.25,12050.25,1266.21,8,1789.21,2585.94,15409.83,0.8646,1,0.9548,0,1
MFI_KE_003088,27,F,Garissa,21,22,22,99056.03,69807.32,7242.63,1,33709.85,63773.71,30284.05,0.9574,8,0.6664,0,2
MFI_KE_003089,45,F,Nairobi,10,20,20,20046.56,18477.83,13092.3,1,21840.34,29384.82,25813.87,0.9842,7,0.5428,0,2
MFI_KE_003090,34,M,Nairobi,11,22,20,37323.99,37360.85,13763.2,3,41246.09,56130.79,99574.24,0.9818,4,0.5351,0,2
MFI_KE_003091,60,F,Migori,2,1,4,2458.47,1800.88,276.49,4,3334.13,5611.1,10764.64,0.9059,90,0.7829,0,5
MFI_KE_003092,18,M,Kiambu,7,1,1,6711.15,5469.56,3245.65,0,0.0,0.0,0.0,1.0,50,0.8531,0,5
MFI_KE_003093,34,M,Trans Nzoia,3,23,23,20905.58,16796.95,27709.73,4,31621.1,37534.12,145874.64,0.908,19,0.8615,1,2
MFI_KE_003094,18,M,Migori,69,38,50,50232.85,36022.79,1464.67,8,1917.32,2982.95,18397.73,0.7799,0,0.9645,0,1
MFI_KE_003095,26,F,Kiambu,15,50,55,21380.63,18643.14,1926.47,6,1476.0,1504.51,7563.72,0.9283,0,0.8616,0,1
MFI_KE_003096,31,F,Kakamega,18,23,15,46742.04,43407.47,12128.52,0,0.0,0.0,0.0,0.908,2,0.6814,0,2
MFI_KE_003097,18,M,Kisii,1,2,1,2637.92,2261.35,995.99,0,0.0,0.0,0.0,1.0,16,0.2203,0,5
MFI_KE_003098,28,F,Uasin Gishu,23,33,14,35820.62,31145.42,15415.98,5,105521.18,126988.85,573590.11,0.9762,23,0.7962,0,2
MFI_KE_003099,35,F,Nairobi,32,20,14,63172.03,48844.51,56462.6,3,31903.27,50041.48,82800.57,0.9226,3,0.458,0,2
MFI_KE_003100,48,F,Bomet,2,25,20,84142.57,69636.64,7887.9,5,94517.81,175811.12,390382.58,0.8963,24,0.5945,0,2
MFI_KE_003101,43,M,Meru,105,7,7,35753.95,36607.0,757.1,1,29401.73,39290.25,32072.04,0.7857,9,0.2996,1,3
MFI_KE_003102,26,F,Uasin Gishu,2,36,62,13949.05,12654.87,1139.1,11,2062.11,4049.42,27156.97,0.6817,1,0.8778,0,1
MFI_KE_003103,53,M,Uasin Gishu,1,4,3,5187.53,5436.95,96.02,0,0.0,0.0,0.0,1.0,101,0.4909,0,5
MFI_KE_003104,22,F,Kisumu,7,45,54,17155.7,16266.47,7258.72,6,4383.86,5099.64,30952.92,0.7681,0,0.7162,1,1
MFI_KE_003105,30,M,Nakuru,42,40,67,42869.37,41565.81,1285.2,8,1663.79,2152.05,14636.29,0.754,0,0.8034,0,1
MFI_KE_003106,51,F,Kericho,22,4,5,34887.19,27681.03,1431.47,0,0.0,0.0,0.0,0.5353,11,0.3698,1,3
MFI_KE_003107,28,F,Kiambu,45,34,63,15978.01,15976.26,2524.72,12,1575.14,2506.62,15420.98,0.6333,1,0.8916,0,1
MFI_KE_003108,37,F,Turkana,7,1,2,999.65,796.28,408.96,0,0.0,0.0,0.0,1.0,215,0.5834,0,5
MFI_KE_003109,23,M,Nairobi,10,31,42,30030.47,24541.8,1988.09,5,1764.43,1982.65,10243.24,0.5783,2,0.79,0,1
MFI_KE_003110,28,F,Kisumu,4,2,3,1171.72,882.09,495.61,1,1285.27,1624.53,1463.99,0.2478,44,0.3275,0,5
MFI_KE_003111,36,F,Nakuru,116,20,21,103165.71,78014.12,10878.05,5,73027.79,76839.83,333363.44,0.8883,2,0.5838,0,2
MFI_KE_003112,28,M,Nairobi,18,36,39,19692.4,17276.35,4790.19,8,1340.03,2470.24,10747.93,0.6205,0,0.7555,0,1
MFI_KE_003113,61,F,Bungoma,5,8,6,26592.35,23256.77,2669.89,4,72424.81,119727.33,258097.94,0.8145,1,0.6932,1,3
MFI_KE_003114,40,M,Trans Nzoia,11,40,29,12578.7,11812.92,12916.44,3,15034.87,18756.11,41107.83,0.9616,2,0.7711,1,2
MFI_KE_003115,22,F,Migori,10,23,18,43242.97,37203.59,10995.27,2,27859.88,55593.29,56753.71,0.9497,10,0.7702,0,2
MFI_KE_003116,27,F,Bungoma,1,3,1,5057.07,4507.18,2271.88,1,1411.08,1854.15,1375.72,0.3474,229,0.6595,0,5
MFI_KE_003117,21,F,Nairobi,3,45,56,19785.15,16125.92,8709.13,11,3117.83,5640.78,28158.46,0.8028,3,0.9282,1,1
MFI_KE_003118,59,F,Nyeri,11,11,5,15324.87,12025.03,1709.81,4,99306.07,177861.3,451352.27,0.7627,6,0.2377,0,3
MFI_KE_003119,38,F,Nyeri,13,25,19,49311.88,36880.94,19961.53,1,25418.4,33594.62,29590.07,0.9208,12,0.5265,1,2
MFI_KE_003120,37,M,Bomet,13,7,7,19986.53,15015.35,10154.39,6,82826.6,156437.9,470544.43,0.8521,3,0.5125,1,3
MFI_KE_003121,25,F,Embu,11,42,59,9190.45,7668.43,1946.71,6,2649.05,4930.57,13969.1,0.6823,1,0.7862,0,1
MFI_KE_003122,36,M,Nyeri,3,0,2,225.91,176.44,1441.85,0,0.0,0.0,0.0,1.0,123,0.745,0,5
MFI_KE_003123,32,F,Turkana,66,72,75,493065.02,426912.08,17074.28,5,220518.2,349636.46,1231810.58,0.7239,2,0.6203,0,4
MFI_KE_003124,63,F,Kilifi,2,13,9,279358.38,253370.84,4882.66,4,27869.6,46360.59,107946.37,0.7199,1,0.5845,0,3
MFI_KE_003125,37,F,Homa Bay,67,7,5,11530.06,9266.24,4265.77,3,26821.86,36327.94,66326.41,0.6247,10,0.5295,1,3
MFI_KE_003126,33,M,Embu,19,19,13,78963.95,63404.0,32655.13,2,28561.24,56846.91,53606.91,0.6652,5,0.3472,0,2
MFI_KE_003127,53,F,Nyeri,6,6,5,12435.88,12973.53,1285.34,2,48915.82,82703.65,87568.4,0.6974,6,0.6786,1,3
MFI_KE_003128,30,M,Uasin Gishu,19,43,59,15742.72,12366.37,5029.34,8,3469.12,3573.71,25755.84,0.6051,3,0.8872,0,1
MFI_KE_003129,36,F,Kilifi,5,3,3,1255.99,884.43,445.46,0,0.0,0.0,0.0,1.0,45,0.4884,1,5
MFI_KE_003130,37,F,Kisii,5,9,6,23539.45,22724.34,2649.87,2,73495.98,119311.84,159065.49,0.5856,3,0.408,1,3
MFI_KE_003131,36,F,Meru,9,10,5,56357.67,58169.45,1919.85,4,26360.86,35480.67,94393.73,0.6678,19,0.2713,1,3
MFI_KE_003132,57,F,Migori,12,7,6,64692.05,52782.96,2094.49,1,38603.62,49531.38,38230.48,0.6582,2,0.4207,1,3
MFI_KE_003133,48,M,Trans Nzoia,2,24,23,62511.13,65118.52,8653.57,2,49486.14,53193.28,103505.06,0.9833,27,0.6107,0,2
MFI_KE_003134,18,F,Mombasa,40,45,53,22350.01,18053.32,829.95,8,1474.81,2284.27,9654.49,0.7284,11,0.8948,0,1
MFI_KE_003135,35,F,Kilifi,8,4,6,16331.57,14590.78,2936.03,2,110509.44,218671.47,258926.54,0.7838,13,0.4752,1,3
MFI_KE_003136,26,F,Kiambu,36,38,50,49970.45,40097.32,707.15,6,4619.91,6958.9,22354.07,0.4808,1,0.9059,0,1
MFI_KE_003137,30,F,Turkana,36,26,22,166093.79,129620.2,11572.18,0,0.0,0.0,0.0,0.9469,12,0.7069,1,2
MFI_KE_003138,29,F,Mombasa,12,33,42,15077.29,12641.29,3036.38,8,2373.59,2562.59,15623.45,0.5394,6,0.6822,0,1
MFI_KE_003139,32,F,Mombasa,4,32,42,12873.4,11903.75,1468.81,8,846.57,1616.85,5952.41,0.7103,5,0.9836,0,1
MFI_KE_003140,60,M,Kakamega,1,2,1,1870.66,1921.7,565.47,0,0.0,0.0,0.0,1.0,44,0.4373,0,5
MFI_KE_003141,42,F,Nakuru,41,24,23,28040.03,22555.43,38835.55,4,30192.8,40960.88,142257.88,0.9496,3,0.4029,1,2
MFI_KE_003142,34,M,Kericho,20,85,78,247022.25,240780.08,35674.91,3,342791.24,581724.53,1022021.03,0.9335,1,0.4569,0,4
MFI_KE_003143,42,F,Nyeri,14,7,9,80844.38,66649.42,1034.31,3,35112.47,47446.36,106064.5,0.9107,8,0.3733,0,3
MFI_KE_003144,21,M,Nakuru,6,47,54,7916.14,8095.41,1590.07,11,4895.8,7274.25,61061.43,0.6216,1,0.5989,1,1
MFI_KE_003145,33,F,Meru,1,1,1,4356.18,4212.36,1950.54,0,0.0,0.0,0.0,1.0,22,0.7281,0,5
MFI_KE_003146,42,M,Bomet,10,17,16,74791.46,72853.1,13484.29,3,68205.86,101666.3,214666.44,0.9928,23,0.765,0,2
MFI_KE_003147,37,F,Kitui,8,21,18,49067.73,40232.26,13118.91,4,19853.88,38903.55,75343.85,0.994,1,0.8905,1,2
MFI_KE_003148,40,M,Kericho,21,7,6,19436.99,17398.59,1295.08,0,0.0,0.0,0.0,0.6768,16,0.351,1,3
MFI_KE_003149,45,M,Nyeri,35,5,5,30130.34,22395.3,1327.23,1,51164.96,61565.87,47408.44,0.5378,4,0.4045,0,3
MFI_KE_003150,21,F,Uasin Gishu,14,44,57,41939.64,38712.27,968.46,7,1720.18,1813.74,11060.01,0.7784,2,0.9192,1,1
MFI_KE_003151,49,F,Kilifi,56,6,5,15852.01,12246.11,2698.8,1,29037.05,43469.61,34131.78,0.8552,3,0.5346,0,3
MFI_KE_003152,42,F,Turkana,3,25,18,115228.69,96806.81,12153.81,3,28472.9,38301.39,97528.54,0.9394,19,0.3643,0,2
MFI_KE_003153,38,F,Kitui,3,6,6,350024.13,262842.12,670.81,0,0.0,0.0,0.0,0.8953,4,0.2131,1,3
MFI_KE_003154,27,F,Kisumu,2,51,59,34238.89,33554.43,3285.7,7,2094.41,2951.69,12977.26,0.5489,0,0.8742,0,1
MFI_KE_003155,27,M,Laikipia,9,2,5,750.86,696.9,648.72,0,0.0,0.0,0.0,1.0,40,0.8903,0,5
MFI_KE_003156,68,F,Machakos,32,6,10,39259.09,33990.77,7729.63,0,0.0,0.0,0.0,0.711,2,0.5601,1,3
MFI_KE_003157,18,M,Nakuru,52,46,55,27430.43,20251.76,3096.14,8,2418.24,3814.07,18480.18,0.5698,7,0.8895,0,1
MFI_KE_003158,31,M,Mombasa,50,45,54,6503.75,6733.52,5316.57,8,3155.79,3296.88,25180.32,0.7638,1,0.9431,0,1
MFI_KE_003159,18,M,Embu,1,1,3,6222.98,6149.7,365.58,0,0.0,0.0,0.0,1.0,10,0.8655,0,5
MFI_KE_003160,39,M,Kisii,3,25,17,105607.58,74356.96,14768.59,1,104827.43,174573.01,121881.32,0.9717,7,0.8355,0,2
MFI_KE_003161,52,M,Garissa,6,30,22,104491.37,85738.28,11257.65,5,31129.23,34879.24,152077.6,0.936,11,0.5588,0,2
MFI_KE_003162,18,F,Uasin Gishu,41,43,50,42375.1,43988.59,4198.76,8,1929.65,3584.63,16529.47,0.6605,1,0.9885,0,1
MFI_KE_003163,38,F,Nakuru,11,72,69,773535.5,744390.99,111298.84,6,58182.73,102777.36,290613.86,0.7676,0,0.7811,0,4
MFI_KE_003164,41,M,Machakos,19,85,57,134004.97,135539.62,30527.91,7,128703.99,174311.25,918763.11,0.8561,0,0.621,1,4
MFI_KE_003165,22,F,Homa Bay,2,10,3,70677.73,56770.25,3378.74,3,72580.32,74016.01,210900.05,0.5873,6,0.562,1,3
MFI_KE_003166,41,M,Bomet,3,75,64,367560.7,346144.1,35704.87,2,168434.49,203913.19,365605.66,0.8664,2,0.6353,0,4
MFI_KE_003167,40,F,Meru,21,7,9,57384.66,48891.53,4220.47,1,46532.64,59980.81,42545.59,0.8362,4,0.4321,1,3
MFI_KE_003168,28,F,Kakamega,22,28,13,45267.45,44408.85,5618.6,2,23887.11,30087.53,40005.32,0.923,31,0.6071,0,2
MFI_KE_003169,31,M,Laikipia,11,94,65,218354.57,203746.15,48073.74,4,90706.26,177893.96,304908.1,0.838,2,0.5432,1,4
MFI_KE_003170,22,M,Nairobi,3,34,52,23399.56,19534.29,5852.84,10,3250.78,4020.6,31362.71,0.6568,2,0.8225,0,1
MFI_KE_003171,29,M,Murang'a,29,4,3,35850.68,35051.65,2149.59,0,0.0,0.0,0.0,0.7724,3,0.4099,1,3
MFI_KE_003172,30,F,Nairobi,17,39,53,9974.56,7317.24,1224.61,5,858.7,1083.03,3599.83,0.7414,3,0.7745,0,1
MFI_KE_003173,30,F,Bomet,15,46,51,7389.13,6136.05,2624.98,9,986.5,1138.46,8680.15,0.5631,1,0.8787,0,1
MFI_KE_003174,60,F,Laikipia,14,98,61,235730.73,198975.9,52747.2,4,99539.24,186933.85,388013.13,0.956,2,0.4013,1,4
MFI_KE_003175,36,M,Nakuru,9,26,23,84580.55,87585.59,23130.75,2,39633.98,59488.6,80530.14,0.9853,3,0.6792,1,2
MFI_KE_003176,30,F,Meru,6,24,20,189391.04,164566.34,13037.16,6,54926.63,66720.15,345653.31,0.9856,5,0.804,0,2
MFI_KE_003177,48,M,Murang'a,13,8,3,36461.11,28112.62,7924.71,5,44040.61,82186.54,260907.85,0.9376,20,0.3861,1,3
MFI_KE_003178,30,M,Kisumu,19,45,48,43211.55,38537.72,726.87,11,3281.53,6463.87,29590.76,0.899,1,0.9379,0,1
MFI_KE_003179,34,M,Trans Nzoia,10,6,10,50340.59,51596.21,4644.47,1,70035.78,88279.21,70673.09,0.7849,5,0.684,1,3
MFI_KE_003180,26,F,Kiambu,6,43,38,10577.72,9610.56,475.83,9,826.57,1644.67,6121.12,0.9469,0,0.973,0,1
MFI_KE_003181,19,M,Migori,25,51,51,4285.03,4005.39,972.91,14,4719.17,6559.17,69055.58,0.2617,7,0.7195,0,1
MFI_KE_003182,39,F,Garissa,5,87,72,210354.99,208186.21,65517.11,6,313221.65,392454.05,1692254.68,0.8441,2,0.3607,0,4
MFI_KE_003183,34,M,Kericho,21,6,7,163814.8,135268.49,4054.15,4,52620.76,91175.48,197181.83,0.9043,5,0.7194,1,3
MFI_KE_003184,22,M,Kiambu,22,31,36,7544.02,7172.3,310.37,10,2456.67,3317.2,29184.29,0.6175,1,0.7043,0,1
MFI_KE_003185,45,M,Machakos,9,56,59,249442.03,187288.41,25729.95,2,239947.11,324323.73,440383.27,0.9889,0,0.6799,1,4
MFI_KE_003186,32,F,Bomet,13,19,15,26619.21,22729.97,44589.09,0,0.0,0.0,0.0,0.857,2,0.5389,0,2
MFI_KE_003187,35,M,Nyeri,9,23,20,41845.99,42537.32,7374.07,0,0.0,0.0,0.0,0.9947,8,0.8348,0,2
MFI_KE_003188,42,F,Homa Bay,6,32,52,11767.97,9418.26,2752.56,9,2234.01,3951.46,19045.91,0.7348,0,0.8011,0,1
MFI_KE_003189,42,F,Murang'a,13,28,24,69169.43,60473.85,4304.1,3,31405.41,42707.0,96333.21,0.9718,12,0.9091,1,2
MFI_KE_003190,30,M,Nairobi,10,39,41,26164.71,23814.1,677.81,10,2137.77,3500.91,17398.18,0.883,7,0.9224,0,1
MFI_KE_003191,21,F,Uasin Gishu,4,45,55,97739.3,95184.61,6645.93,5,1211.91,1528.8,5229.62,0.4474,0,0.8197,0,1
MFI_KE_003192,44,F,Kisii,24,84,81,164591.96,128712.63,33115.73,9,247204.54,254090.25,2635187.68,0.8719,4,0.8364,1,4
MFI_KE_003193,26,F,Bomet,22,15,6,52563.69,37835.16,7384.26,1,63964.42,83202.03,61072.5,0.7579,15,0.4832,1,3
MFI_KE_003194,24,M,Nakuru,4,39,45,15356.15,15171.15,982.18,9,1236.09,1277.14,12681.43,0.6758,1,0.7891,0,1
MFI_KE_003195,24,F,Uasin Gishu,2,47,38,25571.66,18812.04,615.31,9,4113.25,7872.82,41913.14,0.4631,0,0.8639,0,1
MFI_KE_003196,21,M,Homa Bay,1,1,4,2528.95,2176.54,479.75,0,0.0,0.0,0.0,1.0,65,0.3392,0,5
MFI_KE_003197,29,M,Meru,2,0,3,49830.15,37674.84,825.05,0,0.0,0.0,0.0,1.0,71,0.5171,0,5
MFI_KE_003198,56,F,Kericho,37,6,5,130441.2,104213.69,2370.12,4,44053.61,47553.0,168289.84,0.8094,14,0.4628,1,3
MFI_KE_003199,20,F,Mombasa,12,37,53,6068.4,4724.32,4267.52,5,2929.29,4607.82,13037.08,0.8299,1,0.6882,0,1
MFI_KE_003200,36,F,Turkana,17,9,9,23240.26,24255.66,4973.68,1,60712.85,70463.85,66038.24,0.6036,6,0.531,0,3
MFI_KE_003201,32,F,Nakuru,15,72,78,90153.28,80895.5,17814.75,7,147129.42,216227.19,856788.54,0.903,1,0.5512,0,4
MFI_KE_003202,44,F,Kisii,4,27,22,42227.55,41526.86,6921.71,2,47271.72,72064.95,106096.88,0.9798,13,0.7628,1,2
MFI_KE_003203,20,F,Nairobi,40,48,61,22385.94,16111.72,3325.91,9,4985.54,5047.22,52190.65,0.8092,2,0.7162,1,1
MFI_KE_003204,39,F,Turkana,9,5,9,122323.09,103281.94,7774.77,1,20250.89,38226.94,18021.77,0.6601,10,0.2855,1,3
MFI_KE_003205,37,F,Kericho,1,2,5,9066.77,6998.97,141.95,1,860.6,1311.78,971.16,0.5716,145,0.4319,0,5
MFI_KE_003206,38,F,Kitui,6,22,22,185554.98,184890.72,14431.01,5,67777.33,116905.25,393435.92,0.9952,17,0.8057,0,2
MFI_KE_003207,53,F,Kisii,16,21,21,117855.87,112983.39,19194.27,3,25879.85,35309.24,86650.38,0.9938,16,0.567,0,2
MFI_KE_003208,65,M,Migori,75,6,7,27804.47,26382.79,9756.79,1,72630.12,82549.75,60034.69,0.5753,17,0.1742,0,3
MFI_KE_003209,36,M,Kakamega,5,85,86,278029.21,265221.75,33174.47,2,65193.64,96249.21,143329.24,0.7607,0,0.5793,0,4
MFI_KE_003210,26,F,Kisumu,21,33,43,31569.06,27308.04,1446.83,6,2249.65,2702.45,12934.83,0.6732,0,0.9527,0,1
MFI_KE_003211,38,M,Bungoma,5,6,2,1424.72,1282.44,2127.97,0,0.0,0.0,0.0,1.0,43,0.7175,0,5
MFI_KE_003212,33,F,Mombasa,33,41,48,14086.46,10955.39,7283.69,10,500.0,981.86,4618.77,0.6657,0,0.8843,0,1
MFI_KE_003213,24,F,Nairobi,2,0,4,1866.69,1315.17,1519.7,1,1796.69,3195.31,1971.75,0.461,21,0.5863,0,5
MFI_KE_003214,49,M,Garissa,26,26,24,139823.99,138135.24,26313.35,1,56335.12,73988.83,58153.55,0.9706,2,0.4184,0,2
MFI_KE_003215,20,F,Kiambu,4,4,1,3345.94,2412.08,1849.86,1,1704.59,2973.65,1436.26,0.4666,51,0.5481,0,5
MFI_KE_003216,22,M,Kilifi,4,10,5,24276.76,22945.88,9831.48,7,73459.67,86181.74,491412.07,0.8549,13,0.4972,1,3
MFI_KE_003217,48,F,Kakamega,4,21,26,39024.51,27519.1,10015.95,2,113238.83,191249.64,205195.72,0.9656,53,0.3418,0,2
MFI_KE_003218,34,M,Murang'a,25,21,17,42518.24,31351.57,20902.63,5,64787.6,125990.2,276042.96,0.8845,11,0.2735,1,2
MFI_KE_003219,36,M,Laikipia,14,5,9,84315.27,65373.0,7836.08,4,20870.69,22575.58,71888.98,0.6929,5,0.2429,0,3
MFI_KE_003220,18,F,Bungoma,57,24,44,19551.21,19878.68,4575.57,7,1435.31,1878.05,9316.63,0.7235,2,0.7434,0,1
MFI_KE_003221,44,M,Bungoma,29,28,26,29576.76,24475.67,10163.4,2,100304.35,167566.29,198215.36,0.9844,1,0.3761,0,2
MFI_KE_003222,43,F,Kericho,11,72,91,367226.73,375258.13,123809.77,5,235424.88,311297.48,1343479.28,0.8531,2,0.5677,1,4
MFI_KE_003223,52,F,Kericho,4,25,21,16377.81,14264.54,14300.46,2,72327.35,135331.81,128084.42,0.9972,1,0.6953,1,2
MFI_KE_003224,24,F,Kisumu,19,41,58,28562.91,26675.98,1789.89,2,1752.82,2223.27,3837.73,0.4187,2,0.9266,0,1
MFI_KE_003225,24,M,Laikipia,2,46,40,21330.37,19857.91,1002.93,10,3300.56,5556.32,26596.03,0.7539,2,0.9285,0,1
MFI_KE_003226,26,M,Kilifi,15,39,58,16483.56,11988.17,3707.29,7,4555.23,7021.85,31840.88,0.6884,1,0.5726,0,1
MFI_KE_003227,43,F,Embu,15,8,8,17283.7,16281.34,9512.98,3,64649.83,94650.87,157655.52,0.8433,13,0.5221,1,3
MFI_KE_003228,23,M,Kiambu,4,22,28,86203.75,61506.89,9483.54,2,15827.85,23914.42,32580.4,0.8902,1,0.667,0,2
MFI_KE_003229,40,F,Bungoma,37,26,17,151583.12,142508.51,32082.43,2,19803.0,37056.86,34540.33,0.9301,2,0.5991,0,2
MFI_KE_003230,25,M,Kiambu,33,36,57,2421.45,2265.22,1905.77,9,1739.84,2886.67,15871.14,0.9372,10,0.9334,0,1
MFI_KE_003231,29,M,Nakuru,2,42,52,13647.35,13594.81,812.3,9,2587.12,4391.28,21567.61,0.8379,1,0.9882,0,1
MFI_KE_003232,32,F,Uasin Gishu,33,40,42,13838.55,14002.06,1589.52,8,3259.35,3541.07,22852.25,0.7511,2,0.9845,0,1
MFI_KE_003233,27,F,Mombasa,8,57,50,63171.53,55123.47,657.61,7,2085.52,4166.66,15564.99,0.8484,1,0.9287,1,1
MFI_KE_003234,41,F,Migori,15,15,23,129951.08,101640.39,9775.81,2,44636.29,65378.61,100348.41,0.8871,2,0.4546,0,2
MFI_KE_003235,25,F,Kisii,2,29,23,30320.89,26776.48,15095.75,2,20270.7,26183.19,41344.97,0.9886,5,0.6759,1,2
MFI_KE_003236,26,F,Embu,9,24,25,30761.02,30434.02,5717.28,4,17299.45,25563.34,66944.25,0.8752,7,0.566,0,2
MFI_KE_003237,58,F,Garissa,10,3,5,6058.34,5193.85,163.98,1,2048.26,3478.03,2278.24,0.3772,45,0.3847,0,5
MFI_KE_003238,48,F,Migori,4,98,63,136321.78,116725.86,82086.38,5,220737.13,344260.35,1222433.11,0.8389,0,0.663,0,4
MFI_KE_003239,33,M,Nakuru,6,34,68,20598.99,20763.49,2346.3,7,1043.13,1163.93,7007.96,0.5674,1,0.7266,0,1
MFI_KE_003240,75,M,Turkana,14,10,3,63213.6,52149.07,49606.73,0,0.0,0.0,0.0,0.8719,1,0.1276,1,3
MFI_KE_003241,21,M,Trans Nzoia,1,4,6,450.22,416.95,107.55,0,0.0,0.0,0.0,1.0,27,0.5129,0,5
MFI_KE_003242,22,F,Kiambu,17,38,42,5428.49,4773.14,363.5,8,1710.31,2001.98,13150.8,0.8452,0,0.8653,0,1
MFI_KE_003243,24,F,Nakuru,9,28,57,12995.08,9833.54,3118.01,3,3521.08,5698.48,8730.14,0.6149,0,0.8321,0,1
MFI_KE_003244,26,M,Nairobi,11,50,47,18194.59,13619.86,1958.74,8,3522.37,5154.32,25322.22,0.8019,0,0.8126,0,1
MFI_KE_003245,49,M,Nairobi,8,26,24,77877.7,69515.15,14632.57,3,31323.22,50597.08,102852.32,0.8386,17,0.5531,0,2
MFI_KE_003246,42,M,Laikipia,4,2,4,11159.72,7982.21,741.96,0,0.0,0.0,0.0,1.0,28,0.5128,0,5
MFI_KE_003247,22,F,Kiambu,31,27,21,108760.43,81489.33,6370.43,0,0.0,0.0,0.0,0.9424,10,0.5163,0,2
MFI_KE_003248,38,F,Kisii,22,28,18,23029.39,17828.37,5225.35,0,0.0,0.0,0.0,0.948,13,0.5513,0,2
MFI_KE_003249,18,F,Bomet,1,2,4,1288.42,1115.32,86.84,1,1510.48,2388.81,1580.88,0.5449,202,0.5254,0,5
MFI_KE_003250,27,F,Uasin Gishu,2,43,36,66372.31,66682.84,9556.45,10,1745.3,2884.08,16205.83,0.6674,0,0.9504,0,1
MFI_KE_003251,43,M,Trans Nzoia,1,0,4,6965.66,5535.21,385.61,0,0.0,0.0,0.0,1.0,17,0.4083,0,5
MFI_KE_003252,36,F,Nairobi,12,29,29,103061.78,94891.57,23751.98,4,11920.37,23388.46,50927.07,0.729,1,0.7994,0,2
MFI_KE_003253,28,F,Kisumu,7,26,19,14343.26,10338.13,9132.14,2,59686.96,66583.89,123764.87,0.8579,18,0.5113,0,2
MFI_KE_003254,42,M,Uasin Gishu,42,94,59,216936.1,170267.44,30732.01,9,73474.12,134772.32,645466.7,0.9713,0,0.4427,0,4
MFI_KE_003255,43,F,Murang'a,14,10,7,54551.85,55945.24,7378.76,2,21310.23,40304.45,39739.66,0.891,16,0.3503,1,3
MFI_KE_003256,23,F,Bungoma,4,24,16,75567.39,62204.47,12574.3,1,25714.36,36158.38,21031.78,0.9702,1,0.809,0,2
MFI_KE_003257,21,M,Nakuru,4,45,50,42677.76,38198.87,541.91,13,3679.05,6107.49,52460.15,0.804,4,0.857,1,1
MFI_KE_003258,55,M,Bungoma,20,5,7,189436.54,193410.43,9080.45,2,61734.91,117991.85,116555.58,0.7108,9,0.3468,1,3
MFI_KE_003259,53,M,Embu,14,12,6,126344.77,90506.16,5514.0,4,104024.39,196838.99,371868.54,0.7616,34,0.5971,1,3
MFI_KE_003260,23,F,Kiambu,5,50,50,24118.71,21092.5,3276.36,6,2229.32,3814.67,12634.23,0.9063,4,0.9263,0,1
MFI_KE_003261,49,M,Machakos,5,6,7,371556.76,386142.43,17114.9,4,43511.61,75856.54,183731.82,0.7636,4,0.594,0,3
MFI_KE_003262,27,F,Kitui,11,1,2,987.46,705.69,709.58,0,0.0,0.0,0.0,1.0,89,0.8536,0,5
MFI_KE_003263,50,F,Laikipia,3,2,3,1509.82,1278.43,283.73,0,0.0,0.0,0.0,1.0,34,0.8655,1,5
MFI_KE_003264,36,F,Kiambu,4,75,75,234849.26,213716.97,74894.63,3,133644.15,208682.56,371858.66,0.8294,0,0.7425,0,4
MFI_KE_003265,58,F,Murang'a,7,9,5,18258.68,19167.92,2261.85,2,95455.17,129293.77,213557.4,0.6531,8,0.6816,1,3
MFI_KE_003266,56,F,Turkana,25,19,22,105487.84,94458.61,9677.08,2,32815.2,55548.27,64424.26,0.9189,4,0.5643,1,2
MFI_KE_003267,33,F,Trans Nzoia,18,21,17,62227.07,58159.11,12685.69,2,40442.74,57231.0,68675.58,0.9121,1,0.614,0,2
MFI_KE_003268,40,F,Kisii,14,36,18,244042.73,213669.98,27451.96,3,27050.85,34940.24,86151.84,0.9941,43,0.4705,0,2
MFI_KE_003269,43,F,Uasin Gishu,1,1,1,11755.56,10801.78,2106.41,0,0.0,0.0,0.0,1.0,41,0.3461,0,5
MFI_KE_003270,38,F,Machakos,51,93,65,283480.41,279542.46,11866.06,8,178138.55,290027.12,1256917.85,0.8445,0,0.4735,0,4
MFI_KE_003271,41,F,Kilifi,15,68,80,167681.49,126760.9,107891.95,5,193405.38,321087.15,976517.81,0.7188,0,0.6777,0,4
MFI_KE_003272,31,F,Trans Nzoia,47,81,85,73670.37,61503.06,16907.61,4,200325.88,249219.49,693812.43,0.8338,2,0.6994,0,4
MFI_KE_003273,28,F,Bomet,3,30,15,135367.78,111944.36,9473.25,1,59641.53,97633.53,47812.35,0.9913,3,0.6007,1,2
MFI_KE_003274,26,F,Kisii,24,36,47,23107.22,21718.75,1067.32,10,1593.31,2311.72,18669.42,0.8736,0,0.8942,0,1
MFI_KE_003275,36,M,Laikipia,16,78,60,581515.0,457917.27,156660.0,4,96721.5,169842.75,351270.9,0.922,2,0.6584,0,4
MFI_KE_003276,31,F,Kakamega,2,34,18,47467.44,46331.03,28827.72,5,26551.44,32573.31,109765.75,0.8766,6,0.7728,1,2
MFI_KE_003277,34,M,Kitui,17,23,15,33471.78,30555.48,14539.65,5,42218.08,44466.7,222586.19,0.8384,14,0.8083,0,2
MFI_KE_003278,23,M,Kiambu,18,35,52,20557.2,17803.23,1925.85,7,1205.13,1404.23,7342.61,0.7458,2,0.6808,0,1
MFI_KE_003279,43,M,Kisii,21,6,3,50809.38,43418.17,9493.03,0,0.0,0.0,0.0,0.7429,1,0.3814,1,3
MFI_KE_003280,37,F,Bomet,20,6,4,9945.42,6997.79,5479.06,3,55928.53,66700.86,195195.05,0.8622,6,0.3367,1,3
MFI_KE_003281,18,F,Nyeri,2,1,3,6095.44,5574.1,1986.12,0,0.0,0.0,0.0,1.0,19,0.8215,0,5
MFI_KE_003282,65,M,Kitui,9,3,6,64837.29,47853.19,6940.05,2,56293.33,97569.17,132110.2,0.5359,4,0.6573,1,3
MFI_KE_003283,32,M,Uasin Gishu,19,41,52,26718.51,24323.15,611.52,8,3047.28,4949.31,20604.13,0.4633,1,0.9383,0,1
MFI_KE_003284,31,F,Murang'a,9,25,16,163287.92,133727.91,15810.76,1,50490.27,58788.4,48989.16,0.8869,8,0.4375,0,2
MFI_KE_003285,36,F,Bomet,13,25,18,49908.12,42984.28,10168.35,4,32869.04,64581.58,144362.0,0.9897,3,0.5512,0,2
MFI_KE_003286,27,F,Kiambu,17,37,42,34255.69,33185.0,3169.83,5,688.7,1223.59,2785.88,0.8675,2,0.6742,0,1
MFI_KE_003287,37,F,Nairobi,8,19,26,89811.67,88653.28,40061.92,1,59839.39,66320.11,63941.73,0.9927,28,0.245,0,2
MFI_KE_003288,39,F,Kericho,37,14,23,130195.84,132427.33,23148.83,3,31404.84,35114.11,106396.02,0.9507,6,0.6874,0,2
MFI_KE_003289,50,F,Murang'a,21,78,68,675069.97,635056.34,14300.98,5,206229.07,308148.7,893945.67,0.7938,0,0.8026,1,4
MFI_KE_003290,30,M,Laikipia,22,34,53,4829.69,4860.76,4976.64,9,2020.4,2832.04,20774.61,0.8064,0,0.7639,0,1
MFI_KE_003291,33,M,Kitui,11,7,9,62735.85,53900.65,24144.75,0,0.0,0.0,0.0,0.9334,14,0.5102,1,3
MFI_KE_003292,37,M,Bungoma,1,2,2,260.53,197.33,153.41,2,1131.0,1435.57,1955.06,0.5515,185,0.7634,0,5
MFI_KE_003293,33,M,Kisumu,17,35,58,7943.29,7712.81,1287.89,8,2146.58,3920.0,16476.55,0.6171,0,0.8442,0,1
MFI_KE_003294,43,F,Kisii,15,9,9,14371.16,11597.08,3353.25,1,45129.52,88264.35,45770.26,0.7936,12,0.465,1,3
MFI_KE_003295,39,F,Trans Nzoia,70,16,8,107527.83,88774.27,1585.03,3,58100.8,66538.08,140277.0,0.468,17,0.8142,0,3
MFI_KE_003296,44,F,Kiambu,19,90,71,335803.59,323208.3,40906.32,6,117018.71,212411.61,613901.33,0.9942,5,0.3747,0,4
MFI_KE_003297,37,F,Nairobi,18,51,46,12384.77,9165.69,608.97,7,3158.67,3595.81,22601.28,0.9271,1,0.7961,0,1
MFI_KE_003298,33,M,Nairobi,4,40,62,66012.32,55642.47,1298.0,9,2239.27,2452.7,21747.0,0.3977,5,0.6424,0,1
MFI_KE_003299,36,F,Nakuru,29,69,75,170229.8,176993.55,8805.75,5,56362.24,97250.13,298574.77,0.9621,1,0.4844,1,4
MFI_KE_003300,26,M,Kiambu,29,47,53,29828.21,27863.62,1066.05,13,3569.07,4916.73,49877.77,0.7919,5,0.9286,0,1
MFI_KE_003301,45,F,Machakos,2,4,3,178928.87,182435.28,7223.25,2,48865.51,85511.28,116947.23,0.7934,9,0.6246,1,3
MFI_KE_003302,50,F,Nakuru,14,71,61,102429.02,85770.6,67166.56,5,225456.16,282389.08,921856.94,0.8674,2,0.434,0,4
MFI_KE_003303,35,M,Kiambu,7,3,7,4959.15,4797.34,512.47,1,2039.49,2587.16,1797.33,0.8212,50,0.6618,0,5
MFI_KE_003304,27,M,Kisumu,11,44,51,15215.72,10795.32,2766.88,6,2540.97,2573.94,16458.87,0.8161,1,0.93,0,1
MFI_KE_003305,34,M,Kericho,1,4,0,507.03,359.19,2115.09,1,2057.25,3194.36,1712.94,0.3865,78,0.7404,0,5
MFI_KE_003306,43,M,Embu,75,10,4,205847.61,145486.89,4398.36,2,41628.08,74685.65,74157.94,0.7898,11,0.6239,1,3
MFI_KE_003307,24,M,Mombasa,39,34,50,12526.93,10179.63,721.06,6,1903.74,3800.4,9556.9,0.5865,4,0.8813,0,1
MFI_KE_003308,41,M,Kericho,9,16,20,81820.53,69213.05,11196.79,4,29182.11,40267.36,118923.67,0.9988,1,0.5345,0,2
MFI_KE_003309,34,M,Homa Bay,2,68,72,110365.78,102047.76,37470.75,2,131076.69,132127.48,295539.04,0.8804,2,0.7799,0,4
MFI_KE_003310,36,F,Machakos,39,37,15,57853.15,50499.25,16445.33,2,44143.53,85544.78,89202.86,0.9982,3,0.483,1,2
MFI_KE_003311,20,F,Mombasa,31,39,48,12274.87,8658.75,1868.95,11,2513.09,4705.0,30779.35,0.5957,4,0.9429,0,1
MFI_KE_003312,48,F,Turkana,10,12,4,25087.65,18626.24,7505.5,2,106020.42,116825.7,234373.2,0.8346,2,0.6171,1,3
MFI_KE_003313,33,M,Migori,8,26,18,46716.01,45069.13,44375.79,4,21031.69,31737.28,80852.2,0.9866,10,0.7493,0,2
MFI_KE_003314,23,F,Nakuru,12,33,50,9600.06,7469.95,1398.11,8,2308.02,2589.23,19877.25,0.6015,12,0.953,1,1
MFI_KE_003315,27,F,Kisii,7,48,51,10153.13,9552.53,4385.4,9,1524.55,2838.94,14184.1,0.7683,4,0.9408,0,1
MFI_KE_003316,62,F,Bomet,2,78,78,188209.13,161239.26,25585.44,7,103404.17,178612.86,706754.71,0.8902,4,0.5122,1,4
MFI_KE_003317,18,F,Kiambu,2,37,55,63435.68,44936.57,1385.22,4,2119.63,3546.44,7656.73,0.769,4,0.8556,0,1
MFI_KE_003318,48,M,Machakos,9,21,17,54186.3,46479.87,22172.35,2,25719.27,36170.88,54889.34,0.939,1,0.7107,0,2
MFI_KE_003319,18,M,Kitui,4,1,0,14832.93,11481.74,1094.14,1,900.47,1320.5,990.39,0.5541,12,0.3221,0,5
MFI_KE_003320,18,M,Nairobi,16,52,46,23158.5,20223.31,680.04,8,1832.79,2060.78,15601.75,0.4512,2,0.9553,0,1
MFI_KE_003321,29,M,Kilifi,20,48,52,7562.06,7477.14,726.26,8,590.76,691.54,4404.2,0.8035,6,0.9351,0,1
MFI_KE_003322,42,M,Machakos,20,92,75,705108.68,628122.51,13723.09,6,292001.52,543400.15,1696706.74,0.8206,2,0.5644,0,4
MFI_KE_003323,33,F,Migori,28,7,6,16487.36,12264.29,3920.57,2,146214.06,180138.16,300693.45,0.5694,1,0.7255,1,3
MFI_KE_003324,66,F,Nyeri,2,12,1,25752.51,25565.72,3601.7,1,64598.39,84179.18,73529.21,0.7554,2,0.6038,1,3
MFI_KE_003325,33,M,Kericho,1,3,3,1045.75,835.13,1972.91,0,0.0,0.0,0.0,1.0,183,0.2975,0,5
MFI_KE_003326,47,M,Kisii,4,2,3,899.0,929.71,1500.28,1,971.18,1845.06,1109.57,0.4444,38,0.6951,0,5
MFI_KE_003327,20,M,Mombasa,10,45,54,3736.05,3332.83,759.78,9,2740.31,3824.08,23331.18,0.4712,3,0.9484,0,1
MFI_KE_003328,33,F,Nakuru,8,41,64,7276.89,6735.41,2746.9,5,2418.7,2890.49,12293.44,0.7553,6,0.5685,0,1
MFI_KE_003329,33,F,Kitui,14,42,35,13533.08,12239.1,2329.15,4,3105.46,4088.25,12779.23,0.7819,5,0.8335,0,1
MFI_KE_003330,49,F,Homa Bay,12,7,8,124204.84,113351.66,417.73,3,157102.27,271729.17,527786.78,0.6217,2,0.1969,1,3
MFI_KE_003331,22,M,Kisumu,27,6,2,18248.79,16793.96,1152.27,0,0.0,0.0,0.0,1.0,63,0.8248,0,5
MFI_KE_003332,30,M,Kiambu,28,46,48,14618.65,12566.39,1059.84,6,2993.2,3928.39,17344.07,0.6009,0,0.9417,0,1
MFI_KE_003333,50,F,Migori,11,13,5,74966.43,59561.31,9420.94,1,34029.53,43577.25,37755.34,0.8764,7,0.2982,1,3
MFI_KE_003334,32,F,Laikipia,18,25,19,47590.96,39026.84,16769.16,2,40122.38,51491.77,82474.22,0.9705,1,0.3322,0,2
MFI_KE_003335,29,M,Murang'a,18,8,10,2180.59,2167.5,5095.54,3,24597.31,41812.21,77203.28,0.8844,7,0.416,1,3
MFI_KE_003336,51,F,Nyeri,8,11,5,27740.49,26729.22,882.09,2,52345.76,92710.54,125621.76,0.7828,1,0.4905,0,3
MFI_KE_003337,35,F,Laikipia,70,10,7,190643.52,151191.72,1037.61,3,96372.72,164786.33,264357.05,0.7104,1,0.4655,1,3
MFI_KE_003338,29,M,Uasin Gishu,47,32,46,4921.68,3904.98,2177.61,10,1831.82,3564.01,17706.63,0.4634,2,0.973,0,1
MFI_KE_003339,18,M,Kiambu,25,37,43,19597.18,19721.1,719.7,9,1924.9,2647.55,16383.1,0.7787,1,0.7951,0,1
MFI_KE_003340,40,M,Turkana,12,88,72,130473.82,122294.64,23786.24,3,226462.63,295781.21,642684.34,0.9339,1,0.2629,0,4
MFI_KE_003341,39,F,Bungoma,4,3,0,6653.82,6455.74,374.64,0,0.0,0.0,0.0,1.0,67,0.6604,0,5
MFI_KE_003342,33,M,Migori,5,21,20,189537.15,136249.92,5474.45,6,35434.14,35477.41,177250.42,0.9813,8,0.6517,0,2
MFI_KE_003343,21,F,Kisumu,47,46,38,15274.33,14997.64,321.67,8,10609.68,20717.33,96135.84,0.6453,0,0.5817,0,1
MFI_KE_003344,56,M,Kisii,7,12,7,17131.22,17255.25,4649.82,2,184377.16,347221.33,433617.49,0.6399,2,0.5945,1,3
MFI_KE_003345,29,M,Kisumu,3,24,14,47046.69,43443.58,10382.86,2,42927.11,50509.55,72861.83,0.9776,3,0.6793,1,2
MFI_KE_003346,44,F,Nyeri,58,24,26,47175.25,45390.08,27080.8,3,27602.86,50096.9,81816.09,0.8911,3,0.574,1,2
MFI_KE_003347,45,F,Kericho,9,10,6,17152.76,16515.33,1723.83,5,95458.3,164466.71,389946.87,0.8278,2,0.3141,1,3
MFI_KE_003348,41,M,Uasin Gishu,12,86,80,69771.94,62145.71,185432.96,3,332182.46,497972.72,921502.24,0.7091,0,0.125,0,4
MFI_KE_003349,42,F,Homa Bay,2,5,4,47175.41,35882.26,7419.35,1,52320.23,81052.45,52809.49,0.7934,2,0.6538,1,3
MFI_KE_003350,57,F,Kilifi,39,11,19,65438.89,60510.35,11321.06,2,50477.05,76792.49,109394.32,0.7709,2,0.4322,1,2
MFI_KE_003351,25,F,Laikipia,2,6,8,230391.42,180404.94,5266.67,1,26773.43,45571.89,23374.62,0.9412,13,0.5377,0,3
MFI_KE_003352,36,F,Nairobi,28,92,77,337310.68,275874.97,22218.71,4,79880.68,156458.64,316913.28,0.8669,1,0.4446,1,4
MFI_KE_003353,24,M,Kericho,53,43,60,27491.15,20440.46,473.62,12,1756.48,1788.33,24641.07,0.7103,1,0.9125,0,1
MFI_KE_003354,30,M,Meru,3,38,59,59698.12,53723.66,3324.6,9,1503.36,2377.28,13605.34,0.6433,4,0.8262,0,1
MFI_KE_003355,50,F,Laikipia,6,74,70,374396.1,375320.09,39314.05,3,151185.62,203136.47,454286.82,0.7154,0,0.7771,0,4
MFI_KE_003356,18,F,Nyeri,3,3,3,9977.39,8158.3,1689.9,0,0.0,0.0,0.0,1.0,29,0.6752,0,5
MFI_KE_003357,52,M,Murang'a,2,4,5,3419.99,2444.0,771.06,0,0.0,0.0,0.0,1.0,96,0.5923,0,5
MFI_KE_003358,57,F,Turkana,15,6,5,35650.34,25212.23,1156.43,3,75877.95,78473.12,188308.31,0.8475,27,0.5735,0,3
MFI_KE_003359,28,M,Mombasa,12,32,57,1374.05,1153.72,2301.24,6,1537.48,3064.94,10396.92,0.7612,3,0.423,0,1
MFI_KE_003360,31,F,Homa Bay,1,3,3,1046.98,814.85,1425.95,1,1233.31,1266.79,1477.1,0.5198,137,0.6551,0,5
MFI_KE_003361,67,M,Garissa,2,8,10,312544.87,245736.76,1328.81,0,0.0,0.0,0.0,0.6525,8,0.6099,1,3
MFI_KE_003362,21,F,Nakuru,34,34,46,2789.72,2098.04,4100.82,4,2554.49,4071.16,10957.15,0.5659,0,0.935,0,1
MFI_KE_003363,42,F,Nyeri,13,27,25,138736.72,110411.24,10572.49,2,22168.11,28253.09,46604.2,0.986,19,0.4079,0,2
MFI_KE_003364,41,M,Kisii,49,81,69,80473.59,65672.06,57057.61,6,97034.38,179661.26,521931.25,0.7104,0,0.5825,0,4
MFI_KE_003365,41,F,Laikipia,2,27,20,35948.8,37281.68,31398.04,1,25948.51,42608.14,25393.73,0.9639,3,0.7909,0,2
MFI_KE_003366,42,F,Kisii,13,28,17,413222.35,321652.63,10579.59,2,38633.54,43316.51,74311.25,0.9504,1,0.286,0,2
MFI_KE_003367,24,F,Kisumu,6,25,17,244883.47,189391.56,19172.77,6,47628.23,52246.75,313305.94,0.9984,18,0.8096,0,2
MFI_KE_003368,49,F,Kilifi,20,94,65,286975.32,269799.54,17868.49,3,197931.23,266522.38,673993.43,0.7117,1,0.5113,1,4
MFI_KE_003369,25,F,Kiambu,11,43,53,18939.39,15188.68,4513.43,8,1553.86,1722.3,10054.23,0.4244,1,0.9502,0,1
MFI_KE_003370,32,F,Bungoma,7,1,1,1676.44,1589.46,608.34,0,0.0,0.0,0.0,1.0,102,0.2862,1,5
MFI_KE_003371,29,M,Kisii,1,2,2,1386.34,1434.78,1325.38,1,708.6,1087.0,672.93,0.9048,36,0.8871,0,5
MFI_KE_003372,27,M,Nakuru,41,31,46,7419.07,6300.8,7437.27,12,1053.37,1965.6,11405.55,0.5728,2,0.7894,0,1
MFI_KE_003373,25,F,Kisumu,25,31,56,10450.4,9260.42,1899.56,16,3678.75,3896.91,47886.71,0.7368,3,0.8691,0,1
MFI_KE_003374,27,M,Nakuru,2,39,53,30929.27,28277.31,1938.15,3,3269.7,5927.02,9855.15,0.5867,2,0.8744,0,1
MFI_KE_003375,56,F,Garissa,23,77,51,305603.76,301432.56,12633.08,8,202732.83,301754.82,1304008.48,0.7689,0,0.7355,0,4
MFI_KE_003376,30,F,Bomet,14,78,74,510207.79,504891.98,120951.71,3,133074.28,199503.26,393059.07,0.8873,0,0.4063,1,4
MFI_KE_003377,33,F,Kisumu,26,36,46,50369.38,48891.68,1172.37,8,4110.37,6798.99,37342.77,0.701,1,0.9366,0,1
MFI_KE_003378,42,F,Bungoma,8,7,3,57627.19,43345.83,22525.81,1,37892.9,68327.42,43114.67,0.8993,1,0.5425,1,3
MFI_KE_003379,23,M,Nairobi,28,32,46,10706.39,10236.41,1315.3,7,2956.98,5439.67,18269.69,0.8217,5,0.9333,1,1
MFI_KE_003380,20,F,Nyeri,19,45,41,5755.62,4604.57,383.37,6,2291.65,2372.46,15061.12,0.7188,0,0.865,0,1
MFI_KE_003381,35,F,Kisii,1,1,2,748.5,741.58,873.92,1,4098.69,4745.53,4315.75,0.3005,186,0.5741,0,5
MFI_KE_003382,31,F,Bomet,66,19,20,86884.97,84770.72,25673.41,2,38991.55,76962.84,90428.82,0.9486,1,0.8017,0,2
MFI_KE_003383,27,F,Nairobi,2,41,56,60032.2,56967.02,5969.91,4,2250.41,3721.28,7985.61,0.6899,3,0.9048,0,1
MFI_KE_003384,70,M,Uasin Gishu,11,71,64,227474.87,237886.44,104372.6,8,81422.51,93122.25,735520.38,0.7181,5,0.6876,1,4
MFI_KE_003385,26,F,Kakamega,16,21,21,171329.22,142066.54,10795.25,0,0.0,0.0,0.0,0.8388,28,0.7164,0,2
MFI_KE_003386,18,M,Kisumu,33,48,46,10094.5,9242.77,3559.48,11,2752.88,4042.39,32173.42,0.8426,2,0.8285,0,1
MFI_KE_003387,34,F,Murang'a,19,30,16,89691.01,78843.85,11559.15,2,45988.62,71521.54,106533.1,0.8855,2,0.5383,1,2
MFI_KE_003388,21,M,Kitui,2,2,3,3625.62,2779.09,425.26,0,0.0,0.0,0.0,1.0,88,0.3242,0,5
MFI_KE_003389,28,F,Kiambu,4,44,59,19928.49,20417.96,7748.94,8,2915.49,5095.03,26301.56,0.5522,9,0.9801,1,1
MFI_KE_003390,50,F,Bomet,23,10,9,218160.75,185595.53,9804.31,0,0.0,0.0,0.0,0.7934,3,0.4706,1,3
MFI_KE_003391,42,F,Migori,9,4,5,22642.98,17652.85,35327.39,2,54605.76,94211.08,113414.22,0.8487,2,0.4049,1,3
MFI_KE_003392,24,F,Bungoma,4,11,6,56433.28,55827.16,4376.32,0,0.0,0.0,0.0,0.8035,18,0.5714,1,3
MFI_KE_003393,29,F,Uasin Gishu,22,46,55,70518.77,49527.08,1329.67,7,4502.32,6996.23,33465.91,0.2477,0,0.9567,0,1
MFI_KE_003394,32,F,Nairobi,25,37,42,26598.35,22023.99,943.23,10,3349.65,5728.07,32844.55,0.7686,4,0.8517,0,1
MFI_KE_003395,58,M,Meru,22,8,9,151486.51,109642.84,1897.9,0,0.0,0.0,0.0,0.7755,20,0.727,0,3
MFI_KE_003396,39,M,Kericho,29,35,19,64288.44,45593.55,12426.93,3,29437.71,54275.83,78236.28,0.9079,5,0.8237,0,2
MFI_KE_003397,26,F,Uasin Gishu,39,41,52,8113.64,8057.29,393.57,14,1104.51,2058.87,17856.36,0.729,0,0.8008,0,1
MFI_KE_003398,52,F,Mombasa,4,2,4,16413.23,15155.61,488.6,0,0.0,0.0,0.0,1.0,31,0.7416,0,5
MFI_KE_003399,53,M,Turkana,9,11,5,128714.73,102463.74,12069.59,4,71446.49,89550.32,274003.98,0.8322,17,0.207,1,3
MFI_KE_003400,27,F,Kericho,12,2,4,1589.89,1295.59,640.95,0,0.0,0.0,0.0,1.0,136,0.723,0,5
MFI_KE_003401,26,M,Kericho,7,28,62,55024.2,47594.13,1400.94,7,2844.71,4255.56,21022.33,0.5777,0,0.7346,0,1
MFI_KE_003402,41,M,Kakamega,8,5,2,546.87,564.45,227.78,0,0.0,0.0,0.0,1.0,67,0.6387,0,5
MFI_KE_003403,21,M,Mombasa,42,37,38,15101.04,12965.13,7043.18,7,2833.26,3286.73,19133.85,0.6596,2,0.8968,0,1
MFI_KE_003404,33,F,Bungoma,1,3,4,3979.44,3539.04,1064.06,1,920.58,1115.83,907.18,0.2951,89,0.8954,0,5
MFI_KE_003405,42,M,Mombasa,29,20,15,33357.91,28891.22,21430.7,4,75490.28,149673.56,285537.74,0.9603,11,0.5977,0,2
MFI_KE_003406,36,F,Kiambu,6,0,0,12280.77,12015.91,363.74,1,3901.06,6785.75,4056.99,0.2594,35,0.6954,0,5
MFI_KE_003407,55,F,Meru,30,7,8,30308.33,22739.24,2883.36,1,120357.07,230074.79,112632.39,0.7192,16,0.2113,1,3
MFI_KE_003408,44,M,Homa Bay,7,5,7,23047.37,21154.57,9830.91,3,161130.98,224255.74,471062.76,0.8273,17,0.6103,1,3
MFI_KE_003409,42,F,Embu,22,69,57,767750.78,653390.78,49455.97,4,106740.63,194981.5,356209.53,0.8052,2,0.6076,0,4
MFI_KE_003410,22,M,Garissa,2,30,18,212760.23,204919.04,13178.47,2,27496.99,35776.7,58119.16,0.9562,4,0.5298,0,2
MFI_KE_003411,37,M,Homa Bay,12,85,55,186457.87,131204.56,34649.67,3,141880.89,173500.51,383416.94,0.7976,0,0.4031,1,4
MFI_KE_003412,47,M,Kitui,35,7,7,129867.12,91625.05,3649.84,1,36757.78,64209.9,40386.53,0.9333,9,0.357,0,3
MFI_KE_003413,35,M,Turkana,3,73,64,435965.46,351747.89,19948.65,3,309338.9,383942.36,912425.17,0.8981,3,0.4561,0,4
MFI_KE_003414,37,M,Kisii,9,10,10,32069.54,29209.4,3009.19,3,45561.99,61571.75,128753.48,0.7869,4,0.6698,1,3
MFI_KE_003415,27,F,Nairobi,16,48,54,9286.67,8151.48,1826.46,13,892.84,1666.66,12650.3,0.8565,5,0.8732,0,1
MFI_KE_003416,30,F,Kericho,1,3,1,24258.78,22730.02,1390.77,0,0.0,0.0,0.0,1.0,42,0.6906,0,5
MFI_KE_003417,41,F,Kakamega,7,8,4,43432.51,41608.87,2235.17,4,79382.38,125199.96,355747.2,0.8798,1,0.1554,1,3
MFI_KE_003418,59,M,Garissa,1,2,3,943.82,667.18,4023.75,0,0.0,0.0,0.0,1.0,13,0.414,0,5
MFI_KE_003419,28,F,Turkana,1,1,3,2161.37,2001.78,3690.72,0,0.0,0.0,0.0,1.0,13,0.7038,0,5
MFI_KE_003420,34,F,Trans Nzoia,3,24,17,37800.19,37129.08,45005.59,3,11175.4,20146.57,27414.2,0.9134,3,0.7986,0,2
MFI_KE_003421,28,M,Nakuru,23,20,22,85544.73,81616.38,46780.28,3,26967.07,49335.99,88006.84,0.9729,5,0.6068,0,2
MFI_KE_003422,27,F,Kisumu,14,40,61,10793.92,9395.47,2405.17,8,2074.09,2962.15,18160.08,0.6156,1,0.959,0,1
MFI_KE_003423,46,F,Kisumu,28,93,66,417189.4,326397.05,81212.52,4,141435.92,208047.14,605354.17,0.6605,1,0.4045,0,4
MFI_KE_003424,38,F,Bungoma,22,19,24,93458.96,86106.99,35774.04,2,108820.56,191579.51,178509.29,0.926,6,0.7519,0,2
MFI_KE_003425,33,F,Kericho,115,7,5,31462.24,29871.34,408.62,2,95445.71,174499.96,194456.95,0.6571,3,0.7202,1,3
MFI_KE_003426,48,F,Trans Nzoia,12,14,6,232359.16,205214.86,12192.33,4,54142.78,80745.38,257080.59,0.9622,18,0.6093,0,3
MFI_KE_003427,19,F,Uasin Gishu,37,43,59,10209.7,8523.67,921.87,5,2076.04,3966.26,11529.8,0.4353,8,0.8737,0,1
MFI_KE_003428,37,F,Kisii,38,19,22,214482.54,205521.57,3427.64,4,35416.84,49055.18,144592.46,0.9854,1,0.8035,1,2
MFI_KE_003429,25,M,Nairobi,42,33,21,113054.35,117299.58,5764.0,6,15558.33,30016.92,104614.32,0.6065,6,0.5692,0,2
MFI_KE_003430,54,M,Mombasa,1,1,4,932.94,716.45,841.53,1,1069.64,1773.51,1238.2,0.8532,60,0.5882,0,5
MFI_KE_003431,25,M,Uasin Gishu,11,35,49,4105.28,3077.47,1219.44,6,3085.27,3400.04,18995.62,0.5753,1,0.9772,0,1
MFI_KE_003432,26,F,Kiambu,16,42,41,2186.95,2202.45,469.53,7,2260.07,3733.2,15658.45,0.7045,3,0.7352,0,1
MFI_KE_003433,26,F,Uasin Gishu,63,37,55,4051.04,3358.78,6022.36,9,2245.96,2572.51,21627.47,0.6163,1,0.8612,1,1
MFI_KE_003434,30,M,Uasin Gishu,26,45,57,27376.11,24886.11,1387.21,7,2113.61,2996.69,14932.8,0.8776,1,0.6684,0,1
MFI_KE_003435,31,F,Nairobi,5,45,43,4234.01,3708.25,1871.53,8,1433.9,1768.22,11803.41,0.5704,2,0.7585,0,1
MFI_KE_003436,43,F,Kitui,22,30,17,53939.97,41119.35,6106.25,1,15592.07,29032.91,14700.16,0.9864,1,0.7025,1,2
MFI_KE_003437,37,M,Turkana,65,22,19,83526.44,67901.36,10002.88,1,70256.22,129159.34,70904.52,0.9807,1,0.3764,0,2
MFI_KE_003438,48,F,Uasin Gishu,13,22,12,111015.55,90355.32,24367.81,4,52753.89,85894.32,218880.9,0.9861,5,0.6432,1,2
MFI_KE_003439,22,F,Mombasa,3,2,4,2559.11,2573.1,3710.03,3,1501.57,2068.23,5162.14,0.8498,73,0.4567,1,5
MFI_KE_003440,31,M,Kiambu,33,72,80,80240.71,69895.15,20434.71,6,107175.02,198362.15,650796.6,0.8304,1,0.453,1,4
MFI_KE_003441,22,F,Nakuru,2,38,35,7438.92,7445.74,1248.96,7,3378.77,6205.31,22267.51,0.6487,4,0.8113,0,1
MFI_KE_003442,30,F,Homa Bay,12,61,70,197660.65,157887.29,103799.5,5,112859.74,203412.63,619456.29,0.941,1,0.6453,1,4
MFI_KE_003443,36,F,Nakuru,1,2,4,3847.07,2888.26,236.19,0,0.0,0.0,0.0,1.0,30,0.7306,0,5
MFI_KE_003444,44,M,Homa Bay,20,95,74,361398.41,370004.01,139248.53,5,180690.32,260847.6,1070507.46,0.7197,4,0.6581,0,4
MFI_KE_003445,39,M,Nyeri,5,19,20,160812.99,118926.79,20211.44,3,84580.48,103240.62,248775.8,0.9322,1,0.4749,1,2
MFI_KE_003446,49,M,Bungoma,12,11,4,19111.71,15427.27,2248.67,1,27559.43,49055.54,28655.93,0.8111,11,0.5526,1,3
MFI_KE_003447,39,F,Nakuru,4,19,14,248749.58,245286.36,12961.11,4,22995.7,37718.81,84401.94,0.9256,4,0.4685,0,2
MFI_KE_003448,35,F,Nyeri,13,21,11,120290.16,108457.3,4030.21,2,24140.59,25866.09,50382.37,0.9793,20,0.2011,1,2
MFI_KE_003449,36,F,Kericho,1,0,2,13539.98,14158.7,146.95,0,0.0,0.0,0.0,1.0,19,0.9355,1,5
MFI_KE_003450,24,M,Nairobi,42,41,55,18575.5,18589.1,236.92,6,5726.02,10719.81,28999.14,0.7195,7,0.923,0,1
MFI_KE_003451,40,F,Nairobi,15,20,16,28423.48,20894.31,23033.18,3,37283.37,48805.11,130114.37,0.8981,6,0.7303,1,2
MFI_KE_003452,46,F,Bungoma,9,66,80,214561.18,212288.34,48641.12,6,101312.0,164185.92,689512.21,0.7743,2,0.7331,0,4
MFI_KE_003453,22,M,Uasin Gishu,15,39,43,19307.65,18281.91,1328.57,6,2559.89,3686.86,16158.81,0.5925,0,0.7719,0,1
MFI_KE_003454,36,M,Uasin Gishu,43,25,17,90360.92,76582.4,8959.41,1,63657.81,110907.52,75397.17,0.9303,15,0.6347,1,2
MFI_KE_003455,54,F,Uasin Gishu,2,9,3,1886.23,1614.8,893.27,1,1619.45,2444.96,1891.68,0.2459,21,0.3892,0,5
MFI_KE_003456,46,M,Kiambu,4,25,27,162257.34,128728.3,38142.52,1,49810.24,50090.46,48866.48,0.8461,10,0.7823,0,2
MFI_KE_003457,23,M,Meru,3,79,69,317212.92,312674.87,54547.95,1,66325.22,109496.25,68299.6,0.797,1,0.5475,0,4
MFI_KE_003458,28,M,Mombasa,9,35,42,12404.09,11176.48,4436.45,11,1728.54,3079.49,18167.87,0.3095,0,0.8518,0,1
MFI_KE_003459,36,F,Embu,10,27,17,34857.61,36227.04,13580.77,2,24826.71,34367.94,57638.95,0.8662,19,0.5506,0,2
MFI_KE_003460,23,F,Mombasa,37,27,45,12473.21,12086.54,1927.89,8,1243.38,2412.59,11760.77,0.8674,2,0.9834,0,1
MFI_KE_003461,35,M,Machakos,50,85,68,129984.7,124663.21,61538.8,6,473511.1,538957.17,3305799.36,0.7697,1,0.6112,1,4
MFI_KE_003462,47,F,Garissa,34,3,5,142615.48,133601.69,50141.67,1,44436.37,45927.27,45060.34,0.8367,7,0.4295,1,3
MFI_KE_003463,28,M,Homa Bay,9,25,44,25393.97,20393.86,2443.13,10,2014.97,2724.9,18799.5,0.5274,0,0.9672,0,1
MFI_KE_003464,50,F,Kericho,24,10,6,23331.16,16785.79,4868.66,0,0.0,0.0,0.0,0.5479,6,0.5199,0,3
MFI_KE_003465,35,M,Bungoma,13,29,24,16932.89,12313.15,7457.47,1,30639.74,54252.18,31198.02,0.8965,2,0.4952,0,2
MFI_KE_003466,44,M,Murang'a,9,91,58,313823.28,290859.31,26705.62,6,119132.17,124609.39,845358.02,0.9221,0,0.656,0,4
MFI_KE_003467,22,M,Embu,41,39,53,2904.2,2869.43,1270.96,4,2189.1,3902.7,9075.3,0.7797,0,0.9385,1,1
MFI_KE_003468,30,F,Uasin Gishu,1,3,2,18215.21,14509.9,363.54,0,0.0,0.0,0.0,1.0,28,0.4447,0,5
MFI_KE_003469,44,F,Trans Nzoia,6,22,20,114201.93,104483.55,21387.04,3,43085.55,54170.83,107982.1,0.9697,24,0.8937,0,2
MFI_KE_003470,19,M,Nakuru,73,44,57,10793.0,10409.29,2757.53,6,1839.65,2257.52,10108.08,0.5642,2,0.7563,0,1
MFI_KE_003471,26,M,Meru,3,33,17,106510.81,83188.73,17708.62,4,69383.73,91607.34,249693.89,0.9978,3,0.7331,0,2
MFI_KE_003472,22,M,Kisumu,4,50,57,58337.26,52496.84,769.42,6,1432.55,2150.83,9777.06,0.7382,0,0.7227,0,1
MFI_KE_003473,38,F,Nyeri,11,4,4,4704.48,4214.76,479.22,1,2109.21,3981.45,2446.66,0.6728,29,0.7344,1,5
MFI_KE_003474,33,M,Trans Nzoia,3,21,18,89104.74,74206.86,11000.59,3,14496.32,19596.5,49436.87,0.9918,1,0.2211,1,2
MFI_KE_003475,51,F,Kitui,54,29,18,174990.46,170173.19,10097.09,2,76637.15,86370.79,152966.42,0.88,9,0.8812,1,2
MFI_KE_003476,67,M,Kericho,4,7,6,135441.24,119480.68,942.64,2,67965.77,116375.16,116402.12,0.6025,11,0.3939,0,3
MFI_KE_003477,41,F,Meru,5,7,4,36195.34,27337.38,4388.94,0,0.0,0.0,0.0,0.6509,11,0.3646,1,3
MFI_KE_003478,36,M,Murang'a,7,19,24,97322.81,93665.33,24966.24,3,30126.03,33002.5,81706.96,0.8858,1,0.8721,0,2
MFI_KE_003479,43,F,Uasin Gishu,5,2,2,2084.97,1722.4,711.15,0,0.0,0.0,0.0,1.0,13,0.5753,0,5
MFI_KE_003480,37,F,Migori,104,72,62,230575.72,166715.25,61301.6,5,81727.92,94863.35,421088.89,0.5983,1,0.378,0,4
MFI_KE_003481,26,F,Mombasa,20,58,50,8262.3,8356.47,1567.92,8,2870.43,5312.34,23652.97,0.8509,5,0.7551,0,1
MFI_KE_003482,42,F,Bomet,5,4,6,44664.84,44284.04,2830.44,2,58503.73,62003.26,127896.88,0.788,2,0.2282,1,3
MFI_KE_003483,18,M,Nairobi,11,37,40,14365.78,11442.86,3321.05,10,1519.48,2455.6,16499.53,0.771,0,0.8883,0,1
MFI_KE_003484,28,M,Kisumu,4,37,46,2726.33,2236.43,625.11,6,1376.91,2542.12,7495.63,0.6242,1,0.9646,1,1
MFI_KE_003485,22,F,Bomet,6,21,23,92210.68,66064.01,5260.63,3,39462.76,51788.72,116354.53,0.9681,5,0.6836,0,2
MFI_KE_003486,22,F,Machakos,10,30,13,79660.96,81232.57,5441.74,1,19433.11,32714.16,17520.82,0.9394,15,0.9503,1,2
MFI_KE_003487,50,M,Kisii,7,80,81,180536.81,136231.06,43287.55,3,289688.42,431620.28,1000657.82,0.9572,3,0.6758,0,4
MFI_KE_003488,32,F,Nyeri,8,20,9,105613.71,109781.93,10083.17,1,10746.67,20812.77,12122.24,0.9137,2,0.6167,0,2
MFI_KE_003489,23,M,Nakuru,30,44,51,3690.25,3242.89,3170.98,7,2651.16,4189.14,21990.73,0.6083,1,0.9479,0,1
MFI_KE_003490,26,F,Kisumu,50,36,47,50700.85,46929.39,1616.67,13,1093.48,1469.59,12677.19,0.6762,2,0.7949,0,1
MFI_KE_003491,18,F,Kisumu,13,47,42,36044.5,36815.01,2157.47,7,1177.24,1527.61,7385.64,0.4283,1,0.8457,1,1
MFI_KE_003492,19,M,Uasin Gishu,2,48,42,50722.1,51593.83,2695.59,13,1050.88,1698.27,15811.54,0.6628,0,0.7706,0,1
MFI_KE_003493,32,F,Bungoma,2,1,4,1792.13,1794.8,849.51,0,0.0,0.0,0.0,1.0,44,0.5824,0,5
MFI_KE_003494,28,M,Nairobi,3,45,48,14706.93,11677.65,972.94,8,1176.76,1329.68,8940.04,0.791,0,0.8073,0,1
MFI_KE_003495,45,F,Nakuru,54,24,26,100448.84,74110.94,11703.0,3,52414.55,100443.37,164322.76,0.9625,7,0.7654,0,2
MFI_KE_003496,30,F,Turkana,88,7,6,55762.66,49262.99,2364.23,3,50231.85,98155.41,135467.07,0.7286,6,0.2095,1,3
MFI_KE_003497,18,F,Nakuru,6,34,52,6204.38,5225.93,1535.47,10,1464.03,2100.96,16657.92,0.7065,3,0.7804,0,1
MFI_KE_003498,27,F,Kiambu,30,62,50,4525.21,3828.4,3133.27,12,2752.41,2941.99,35746.29,0.8321,0,0.9077,0,1
MFI_KE_003499,25,M,Nakuru,2,48,62,16163.89,14771.37,1150.15,9,3408.27,6740.93,33466.98,0.652,0,0.8199,0,1
MFI_KE_003500,26,F,Machakos,9,49,57,2665.77,2565.94,380.61,13,10375.53,18430.67,130245.91,0.6226,4,0.7706,0,1
MFI_KE_003501,61,M,Kisii,15,4,10,77252.33,62221.2,549.71,0,0.0,0.0,0.0,0.7048,1,0.6048,1,3
MFI_KE_003502,28,F,Kiambu,3,43,59,34188.95,33539.41,4617.36,9,1859.19,2092.46,14111.93,0.7097,0,0.7225,0,1
MFI_KE_003503,39,M,Garissa,4,1,2,15374.74,12509.88,307.38,0,0.0,0.0,0.0,1.0,72,0.7317,0,5
MFI_KE_003504,39,F,Kisumu,6,38,26,75510.04,71956.18,18178.08,2,38247.0,73086.16,64878.32,0.9715,2,0.6288,0,2
MFI_KE_003505,32,F,Bungoma,12,1,2,1720.54,1779.85,31.8,0,0.0,0.0,0.0,1.0,10,0.6831,0,5
MFI_KE_003506,22,F,Bungoma,3,2,1,896.29,865.65,405.26,0,0.0,0.0,0.0,1.0,48,0.7587,0,5
MFI_KE_003507,28,M,Uasin Gishu,3,34,58,26009.81,24149.87,2503.89,6,1485.13,1857.66,10363.31,0.6571,0,0.8083,0,1
MFI_KE_003508,54,F,Embu,23,5,6,180893.24,158634.02,2171.45,2,87387.25,150520.64,191306.14,0.7489,6,0.5188,1,3
MFI_KE_003509,26,F,Kisumu,26,37,46,8130.99,8466.79,4826.6,6,2154.05,3159.02,12235.45,0.8035,2,0.9335,0,1
MFI_KE_003510,44,M,Machakos,2,68,67,433796.72,344916.77,33167.14,3,88468.43,140963.04,258435.03,0.8117,5,0.607,1,4
MFI_KE_003511,31,M,Nakuru,26,1,5,151.39,116.08,530.71,1,1384.02,2691.35,1320.13,0.705,23,0.4214,0,5
MFI_KE_003512,35,F,Kitui,18,86,72,452343.0,401396.1,31273.11,6,190189.53,190193.2,975016.04,0.7443,0,0.7774,1,4
MFI_KE_003513,44,F,Meru,5,9,6,71303.66,50967.2,14126.57,0,0.0,0.0,0.0,0.7275,10,0.4726,1,3
MFI_KE_003514,35,F,Trans Nzoia,4,9,1,12435.3,9223.94,8341.48,3,276070.76,340309.29,840257.06,0.9342,6,0.2974,0,3
MFI_KE_003515,22,F,Bomet,38,14,9,52187.63,45533.85,789.73,3,27988.34,32223.73,97727.35,0.8962,12,0.3098,1,3
MFI_KE_003516,30,M,Mombasa,5,38,51,6429.83,4551.47,824.07,5,2271.62,4400.08,12896.38,0.6961,0,0.8794,0,1
MFI_KE_003517,63,F,Trans Nzoia,4,6,7,33891.67,32309.0,12849.57,5,25702.05,41487.62,136089.06,0.7778,5,0.3711,0,3
MFI_KE_003518,50,F,Homa Bay,6,11,1,67005.55,57756.36,19379.74,3,68355.53,68453.11,223334.3,0.454,2,0.6392,1,3
MFI_KE_003519,31,F,Nakuru,20,41,54,1671.14,1513.76,1129.87,12,1332.35,1840.5,13370.66,0.6955,0,0.7329,0,1
MFI_KE_003520,35,M,Kisii,14,42,40,32710.16,34253.67,2284.53,5,1758.92,3056.95,10474.21,0.3734,3,0.9536,1,1
MFI_KE_003521,28,F,Kiambu,120,40,41,28203.52,28122.44,1449.63,10,1948.77,3340.54,21934.33,0.7863,5,0.7426,0,1
MFI_KE_003522,50,F,Migori,25,8,5,119243.78,85327.44,2943.72,4,98114.69,113173.07,391973.63,0.7734,8,0.5797,0,3
MFI_KE_003523,57,F,Laikipia,10,69,75,416168.18,430715.45,13381.68,5,84576.9,133272.5,390650.26,0.8739,1,0.6796,1,4
MFI_KE_003524,47,F,Bungoma,70,19,20,156268.44,162756.74,28497.57,2,46168.44,75496.36,98795.97,0.9722,8,0.6134,0,2
MFI_KE_003525,47,F,Kisii,9,9,10,50319.68,41242.99,3038.67,0,0.0,0.0,0.0,0.543,16,0.4697,0,3
MFI_KE_003526,23,M,Bomet,3,25,16,126119.67,92287.61,4894.03,5,28557.59,46281.33,162027.43,0.9628,7,0.6922,0,2
MFI_KE_003527,32,M,Bungoma,17,8,2,41870.62,34981.38,1332.39,1,46811.28,80232.89,48998.03,0.5117,3,0.5155,0,3
MFI_KE_003528,49,F,Kiambu,5,66,53,389019.63,305815.41,69002.55,7,130871.84,258204.2,745013.34,0.7893,1,0.4834,0,4
MFI_KE_003529,51,M,Kisumu,1,1,2,3582.27,3225.5,819.32,0,0.0,0.0,0.0,1.0,180,0.5334,0,5
MFI_KE_003530,36,M,Kitui,3,94,69,83513.52,72859.37,10916.79,4,168241.15,289054.26,634464.72,0.7422,0,0.471,0,4
MFI_KE_003531,34,F,Meru,2,2,6,721.26,723.48,985.62,0,0.0,0.0,0.0,1.0,110,0.7728,0,5
MFI_KE_003532,29,F,Kiambu,40,47,68,9533.44,8592.78,1368.12,3,1083.99,1095.02,3055.16,0.7831,3,0.7392,0,1
MFI_KE_003533,18,M,Nairobi,6,45,46,48792.56,48300.31,1102.23,9,2352.99,2745.78,24200.44,0.5515,2,0.7527,0,1
MFI_KE_003534,24,M,Homa Bay,47,44,55,8554.42,7050.54,1418.87,5,1653.55,3280.81,6652.0,0.8092,1,0.7983,0,1
MFI_KE_003535,41,F,Garissa,2,30,16,96195.81,81826.79,17684.59,1,76059.51,119899.64,69989.9,0.974,12,0.776,1,2
MFI_KE_003536,22,M,Bomet,3,10,6,187446.23,169371.4,2058.0,2,41473.22,72476.16,83191.67,0.8469,13,0.4993,1,3
MFI_KE_003537,35,F,Meru,75,32,24,171946.41,138243.32,28880.64,3,37835.91,53038.47,98645.84,0.9788,6,0.7816,1,2
MFI_KE_003538,20,M,Laikipia,7,2,5,4152.82,3421.28,66.11,2,1636.02,2056.74,3904.15,0.3265,105,0.7078,0,5
MFI_KE_003539,24,F,Kiambu,16,44,51,27844.07,28280.36,4731.94,12,2139.39,3508.38,27529.04,0.5864,0,0.9456,0,1
MFI_KE_003540,38,F,Mombasa,26,24,18,64524.75,62580.64,26712.31,1,41102.77,72992.05,34174.83,0.9889,1,0.8955,1,2
MFI_KE_003541,40,M,Meru,4,18,19,23153.6,24166.89,16322.55,1,56199.82,65469.76,59165.13,0.9569,7,0.6914,0,2
MFI_KE_003542,29,F,Machakos,4,0,0,7781.82,6602.04,137.44,0,0.0,0.0,0.0,1.0,80,0.7618,0,5
MFI_KE_003543,54,M,Bomet,29,4,2,119629.87,99460.0,3594.91,0,0.0,0.0,0.0,0.6197,1,0.3421,1,3
MFI_KE_003544,51,F,Nairobi,5,12,23,126834.4,124937.76,45954.61,5,24344.38,27845.32,137597.81,0.8536,11,0.7331,0,2
MFI_KE_003545,33,F,Bungoma,1,0,5,4027.97,3544.85,1404.16,0,0.0,0.0,0.0,1.0,69,0.2311,1,5
MFI_KE_003546,26,F,Bomet,28,85,62,211160.51,214630.64,66721.13,3,122369.22,182938.97,430404.99,0.9029,2,0.4688,0,4
MFI_KE_003547,56,F,Laikipia,33,12,7,55673.48,56921.81,1723.34,3,27047.07,35858.63,74511.57,0.634,12,0.4936,1,3
MFI_KE_003548,23,F,Murang'a,10,27,20,135766.68,135493.47,16194.88,1,12777.98,23890.78,13329.95,0.8611,11,0.3118,0,2
MFI_KE_003549,26,F,Bungoma,3,33,55,15772.97,13584.59,1251.56,6,1345.4,2018.78,8118.01,0.2994,1,0.9429,0,1
MFI_KE_003550,38,F,Kisumu,54,88,70,276139.74,285638.52,23485.47,5,304176.69,358639.89,1395574.21,0.7979,0,0.3072,1,4
MFI_KE_003551,26,M,Homa Bay,34,23,13,50106.9,49958.03,19432.86,3,17775.42,27115.45,57396.65,0.9164,7,0.6617,0,2
MFI_KE_003552,73,M,Turkana,26,10,1,13911.33,12761.87,15398.83,2,82174.84,103053.88,161489.41,0.5263,8,0.2403,1,3
MFI_KE_003553,47,F,Trans Nzoia,3,7,8,72266.48,51712.35,12119.72,0,0.0,0.0,0.0,0.7393,35,0.3599,1,3
MFI_KE_003554,41,M,Murang'a,12,25,15,44557.28,32767.85,5543.78,5,17165.91,21586.08,82593.29,0.9636,7,0.4756,0,2
MFI_KE_003555,20,F,Kiambu,37,48,47,12172.4,12227.71,3340.26,14,1164.12,1896.99,14451.5,0.6419,2,0.8992,0,1
MFI_KE_003556,22,M,Nairobi,20,34,48,16316.83,12082.71,1323.71,9,1899.81,3548.62,20214.59,0.5429,0,0.8784,0,1
MFI_KE_003557,23,F,Nairobi,3,33,43,12590.31,10668.4,4323.28,7,2830.38,5459.36,18581.38,0.8758,4,0.7897,0,1
MFI_KE_003558,43,F,Kakamega,4,5,5,2154.24,1815.4,2238.71,2,1097.03,1181.82,2437.5,0.1157,26,0.7968,0,5
MFI_KE_003559,41,F,Kisumu,8,74,71,88122.68,65855.83,71233.6,2,163709.6,320074.6,327712.33,0.6495,0,0.5038,0,4
MFI_KE_003560,32,F,Mombasa,9,42,49,7257.34,7166.44,2433.88,13,1348.07,2297.7,18338.22,0.7021,0,0.7749,0,1
MFI_KE_003561,42,M,Machakos,2,73,46,207125.91,166800.88,41162.69,8,172785.7,261308.01,1467408.5,0.3995,1,0.225,0,4
MFI_KE_003562,22,M,Kisumu,17,43,56,8196.3,7849.88,1241.25,3,1678.05,2582.11,5986.51,0.7778,2,0.916,0,1
MFI_KE_003563,31,F,Trans Nzoia,4,2,1,543.84,426.47,411.74,2,2609.7,4847.77,5400.05,0.6848,10,0.6041,0,5
MFI_KE_003564,41,F,Garissa,3,77,75,133050.87,121985.65,17287.92,4,360447.23,550464.33,1335274.82,0.8393,0,0.6331,0,4
MFI_KE_003565,44,F,Uasin Gishu,3,18,19,235914.62,199761.65,5244.6,1,70032.45,86725.59,64051.39,0.9131,14,0.7016,0,2
MFI_KE_003566,49,M,Nyeri,1,3,4,4743.46,3417.86,2005.78,1,2053.51,4041.49,2382.38,0.4644,12,0.5589,0,5
MFI_KE_003567,54,F,Machakos,12,8,3,96993.49,101221.77,8854.66,1,32429.12,53120.32,33755.43,0.705,9,0.3576,1,3
MFI_KE_003568,43,F,Bungoma,6,11,2,277334.19,244305.45,7312.28,3,32533.57,56946.45,79624.06,0.5986,1,0.4723,0,3
MFI_KE_003569,24,M,Kiambu,6,51,51,12201.87,11220.8,430.32,12,946.29,1484.51,10693.01,0.7045,0,0.8476,0,1
MFI_KE_003570,36,F,Nakuru,5,24,23,193325.32,184175.95,14994.72,4,98747.27,190802.33,459056.01,0.9014,2,0.9469,0,2
MFI_KE_003571,28,F,Kisumu,7,44,52,44971.41,44420.11,4458.98,5,2104.75,4195.3,8625.78,0.7104,1,0.9458,0,1
MFI_KE_003572,39,F,Mombasa,2,80,62,581819.35,413384.02,14821.86,7,200463.18,342201.16,1400576.96,0.8486,0,0.431,0,4
MFI_KE_003573,21,F,Homa Bay,8,34,45,18874.49,15431.94,1221.02,7,2935.11,3632.96,17008.37,0.6105,3,0.964,1,1
MFI_KE_003574,32,M,Bomet,22,27,17,163793.16,135901.83,9203.05,2,32657.69,36775.14,70131.26,0.9656,6,0.9233,1,2
MFI_KE_003575,75,M,Turkana,50,6,5,29006.42,25352.02,14778.95,2,67953.79,71006.89,162059.76,0.6913,3,0.7142,1,3
MFI_KE_003576,18,F,Embu,1,6,1,703.62,569.07,1537.67,1,952.01,1737.38,1070.11,0.2196,79,0.5915,0,5
MFI_KE_003577,26,F,Nakuru,5,38,70,2625.93,2560.98,5422.32,8,2618.84,4019.23,24147.52,0.8194,2,0.7924,0,1
MFI_KE_003578,25,F,Bomet,10,43,56,51176.57,40355.69,3181.32,6,1657.95,2702.59,11345.06,0.3654,0,0.7325,0,1
MFI_KE_003579,18,M,Mombasa,70,31,58,12815.61,9882.97,7885.73,7,4219.14,5046.16,34286.25,0.4549,4,0.9052,0,1
MFI_KE_003580,40,F,Embu,45,91,77,505061.81,445000.93,39642.38,8,113396.44,135337.99,757594.09,0.8314,0,0.466,0,4
MFI_KE_003581,38,F,Nakuru,3,87,82,106271.74,108843.03,58062.66,7,113383.29,114363.72,699140.5,0.9805,1,0.453,0,4
MFI_KE_003582,26,M,Nakuru,7,38,65,24712.31,19836.88,1491.14,1,1329.16,2322.44,1230.46,0.9416,1,0.537,0,1
MFI_KE_003583,65,M,Homa Bay,9,77,64,185559.16,152837.71,172220.87,5,145518.57,214638.38,836013.68,0.9119,1,0.7939,1,4
MFI_KE_003584,35,F,Kisumu,9,49,45,6950.37,6992.29,2677.48,8,3861.39,7686.05,25665.27,0.3828,1,0.8739,0,1
MFI_KE_003585,45,M,Nairobi,10,23,17,134836.04,134620.86,22930.18,2,18370.27,23864.53,43485.76,0.9132,6,0.7386,0,2
MFI_KE_003586,43,F,Bungoma,37,74,63,114557.01,116642.95,12434.34,12,175828.93,232574.54,2202918.47,0.8728,0,0.2871,1,4
MFI_KE_003587,50,F,Trans Nzoia,2,7,4,34729.5,28175.96,6217.98,2,48895.43,51683.49,87595.25,0.8359,11,0.1088,0,3
MFI_KE_003588,33,F,Kisii,5,20,27,54093.04,55585.79,6662.39,4,26269.51,49311.43,91978.45,0.9094,4,0.6089,1,2
MFI_KE_003589,33,F,Nakuru,16,23,17,292219.12,298344.17,17962.08,5,16779.21,29656.14,69038.05,0.9475,4,0.8183,1,2
MFI_KE_003590,26,F,Machakos,8,14,26,116968.84,104772.78,13084.26,3,29228.38,42091.09,103106.05,0.9287,5,0.5547,0,2
MFI_KE_003591,30,M,Uasin Gishu,3,36,45,16143.16,15914.11,2458.52,6,1135.16,1561.12,6884.99,0.7713,1,0.7243,0,1
MFI_KE_003592,29,F,Uasin Gishu,4,35,41,5344.55,5086.17,5735.09,2,1279.11,1772.28,2326.81,0.7372,0,0.9811,0,1
MFI_KE_003593,29,M,Kilifi,6,42,48,24690.62,19687.5,1055.66,7,1741.89,2294.65,13330.4,0.8243,2,0.9079,0,1
MFI_KE_003594,25,F,Kisumu,7,44,41,60234.22,55201.16,2013.93,11,1341.22,1822.48,12521.68,0.5514,2,0.975,0,1
MFI_KE_003595,27,F,Bomet,3,1,2,802.04,803.88,1062.56,1,778.76,984.63,754.91,0.0506,95,0.8609,0,5
MFI_KE_003596,38,F,Kiambu,2,3,2,5668.48,4102.69,445.53,1,1558.12,2880.55,1619.91,0.429,47,0.6969,0,5
MFI_KE_003597,22,F,Uasin Gishu,23,59,47,28752.36,25593.35,2335.78,2,1970.71,2980.35,3367.52,0.6502,0,0.8195,0,1
MFI_KE_003598,25,F,Nakuru,5,38,61,47244.38,33949.12,2429.93,6,1105.51,1417.46,5399.11,0.3979,0,0.8787,0,1
MFI_KE_003599,40,M,Kisumu,1,4,6,3771.17,3733.72,1286.94,1,3452.63,3740.75,3844.16,0.7865,146,0.8388,0,5
MFI_KE_003600,43,M,Uasin Gishu,4,2,0,6442.71,5008.53,635.64,0,0.0,0.0,0.0,1.0,47,0.1971,0,5
MFI_KE_003601,42,M,Kisii,10,15,6,26617.32,20973.3,10492.87,2,181257.86,233643.43,393200.09,0.8779,19,0.6157,1,3
MFI_KE_003602,31,M,Migori,5,40,56,10606.78,8640.97,690.72,7,2815.47,4148.17,16133.5,0.6566,0,0.8783,0,1
MFI_KE_003603,63,M,Garissa,11,21,12,102120.57,98390.69,21467.76,4,19093.98,34848.85,86490.11,0.9539,1,0.8467,1,2
MFI_KE_003604,19,M,Kisumu,9,43,52,24673.96,24454.66,4084.0,7,925.16,1367.37,7138.69,0.8833,2,0.9666,0,1
MFI_KE_003605,35,F,Garissa,19,20,21,95832.92,76226.2,8626.92,3,27304.35,33248.02,68042.97,0.9356,4,0.8424,0,2
MFI_KE_003606,44,F,Kitui,1,1,4,2717.74,2499.74,605.44,2,838.13,1644.64,1523.85,0.489,142,0.902,0,5
MFI_KE_003607,22,M,Bungoma,12,34,54,15185.23,11733.16,1497.85,9,2570.83,2966.32,23444.75,0.9003,0,0.7955,0,1
MFI_KE_003608,28,F,Nakuru,49,44,55,3080.16,2474.71,744.53,5,1751.46,2298.31,10141.68,0.9082,3,0.8485,1,1
MFI_KE_003609,32,F,Uasin Gishu,1,3,1,1617.33,1424.62,912.32,2,1234.19,2291.36,2100.37,0.504,76,0.4997,0,5
MFI_KE_003610,47,M,Migori,2,21,17,90587.87,84872.9,5962.83,6,56485.56,63276.21,366737.71,0.9473,15,0.5476,0,2
MFI_KE_003611,36,M,Kakamega,12,23,13,62432.27,43730.79,16227.29,5,28505.18,48203.48,158261.61,0.9737,3,0.7944,0,2
MFI_KE_003612,33,F,Kisumu,32,36,53,24134.61,18561.81,2128.93,5,1035.42,1247.27,5185.53,0.8867,0,0.9405,1,1
MFI_KE_003613,42,F,Kakamega,28,19,23,19406.02,19103.99,15334.94,4,22527.49,43830.72,79668.43,0.9807,4,0.6072,0,2
MFI_KE_003614,45,M,Trans Nzoia,3,5,7,30668.3,30127.65,23671.53,3,84106.83,157033.97,233910.45,0.6649,14,0.6595,1,3
MFI_KE_003615,60,F,Trans Nzoia,3,79,74,286981.18,291282.94,201147.46,4,137158.34,244590.18,569915.83,0.753,1,0.5321,0,4
MFI_KE_003616,38,F,Kisii,16,79,68,112791.45,79517.55,26431.15,2,327579.12,494698.56,667515.96,0.7729,6,0.4831,0,4
MFI_KE_003617,38,F,Uasin Gishu,23,30,43,11611.9,10930.13,5396.24,8,2799.69,2877.3,18505.71,0.6711,0,0.9722,0,1
MFI_KE_003618,49,F,Kericho,12,28,23,102163.06,76483.96,4667.97,4,48845.27,52686.19,171614.79,0.9852,3,0.2,0,2
MFI_KE_003619,35,F,Machakos,9,26,26,121804.19,88575.1,5892.47,5,75965.74,131333.23,440325.81,0.9146,10,0.7763,1,2
MFI_KE_003620,49,F,Nairobi,4,68,74,173484.69,126339.77,69336.45,2,96229.64,106397.64,158204.74,0.7887,0,0.6348,1,4
MFI_KE_003621,22,M,Migori,1,1,3,415.15,371.38,350.57,2,979.78,1650.8,2066.0,0.5435,111,0.3102,0,5
MFI_KE_003622,31,F,Kericho,31,93,78,193944.65,199570.13,25785.8,4,236410.57,301240.93,995606.75,0.964,1,0.6367,1,4
MFI_KE_003623,22,F,Kisumu,7,21,18,86658.89,83167.82,15928.88,3,38778.91,54476.42,120557.06,0.7458,25,0.6905,0,2
MFI_KE_003624,26,F,Nairobi,9,40,53,8317.1,8030.98,3438.85,10,1638.72,2186.69,18856.82,0.4994,5,0.9527,0,1
MFI_KE_003625,50,F,Bungoma,21,23,21,62406.46,55932.34,13338.04,5,76402.7,108659.3,391605.18,0.9643,5,0.7757,1,2
MFI_KE_003626,22,M,Homa Bay,2,44,58,3653.74,2690.47,5081.92,8,2568.94,4029.02,18842.62,0.6602,6,0.9042,0,1
MFI_KE_003627,35,F,Bungoma,8,18,12,28671.8,21388.97,14080.72,3,62551.36,86052.96,192819.15,0.9733,7,0.8167,0,2
MFI_KE_003628,27,F,Kisii,1,2,2,3351.21,2556.9,933.41,0,0.0,0.0,0.0,1.0,68,0.8061,0,5
MFI_KE_003629,33,M,Bungoma,7,54,55,20550.04,19911.81,1462.26,8,713.98,955.46,5263.08,0.64,0,0.8809,0,1
MFI_KE_003630,40,M,Migori,8,7,8,35597.66,32450.9,18523.72,2,126021.52,183765.76,240319.13,0.5204,3,0.4701,1,3
MFI_KE_003631,31,M,Kakamega,7,0,2,4646.17,4461.02,790.11,2,589.16,815.66,1019.48,0.3476,89,0.725,0,5
MFI_KE_003632,39,F,Uasin Gishu,28,34,56,38076.53,30995.47,1063.23,4,2550.05,4182.94,8813.64,0.6569,1,0.458,0,1
MFI_KE_003633,44,M,Kilifi,17,26,26,64411.44,56551.93,5634.9,1,74865.4,100704.26,73474.55,0.9541,8,0.4291,1,2
MFI_KE_003634,24,F,Uasin Gishu,95,47,48,7195.35,5730.64,1809.55,9,1168.73,1792.23,10207.57,0.9217,0,0.6304,1,1
MFI_KE_003635,35,F,Bungoma,34,13,8,31153.54,28029.87,5306.43,3,87179.1,158787.48,231042.77,0.6454,10,0.6085,0,3
MFI_KE_003636,38,F,Garissa,20,23,23,51267.16,39824.77,16960.45,1,19947.35,25323.11,21157.73,0.8875,11,0.5975,1,2
MFI_KE_003637,33,M,Nairobi,94,89,59,669999.82,617595.91,34539.98,0,0.0,0.0,0.0,0.9567,1,0.7542,0,4
MFI_KE_003638,42,M,Nairobi,7,22,18,54263.33,50528.08,3904.83,3,22382.54,33984.47,79325.16,0.8684,7,0.8214,0,2
MFI_KE_003639,48,M,Bomet,8,5,9,13351.05,11068.8,12717.88,1,75062.82,133033.56,72369.77,0.6815,3,0.3734,1,3
MFI_KE_003640,23,F,Nairobi,5,31,64,16922.21,12212.02,1192.38,4,2551.08,2651.73,10251.18,0.6289,1,0.8253,0,1
MFI_KE_003641,45,M,Trans Nzoia,13,5,3,43325.02,44874.04,1343.95,3,75097.77,106031.78,190675.87,0.9087,6,0.1703,1,3
MFI_KE_003642,29,F,Bungoma,5,49,50,10271.98,9809.02,1047.74,9,5849.09,8004.82,44649.46,0.3104,1,0.8336,0,1
MFI_KE_003643,47,F,Kericho,52,7,8,248394.84,187264.54,639.57,1,64620.41,84215.63,66553.51,0.6402,28,0.2839,1,3
MFI_KE_003644,35,M,Mombasa,8,1,1,4409.29,4267.0,1304.75,0,0.0,0.0,0.0,1.0,41,0.4997,1,5
MFI_KE_003645,32,M,Kiambu,3,44,51,2029.16,1446.43,703.04,9,2068.35,4086.15,20186.61,0.6184,0,0.9262,0,1
MFI_KE_003646,52,F,Bomet,75,76,57,149681.56,118137.28,35691.56,7,143948.83,174371.52,895008.31,0.9704,0,0.5447,1,4
MFI_KE_003647,30,M,Trans Nzoia,5,9,7,20096.49,18538.31,692.64,4,20241.26,34644.21,95000.12,0.7566,6,0.3739,1,3
MFI_KE_003648,25,F,Laikipia,89,23,19,49902.47,50320.49,22813.83,3,48261.58,93363.24,149989.51,0.9679,3,0.5462,0,2
MFI_KE_003649,40,F,Kakamega,2,5,4,1819.93,1345.67,415.67,0,0.0,0.0,0.0,1.0,81,0.6432,0,5
MFI_KE_003650,31,F,Kisumu,47,34,53,14464.57,15058.62,618.35,5,5252.07,9730.78,22542.51,0.5406,4,0.9309,0,1
MFI_KE_003651,36,F,Nairobi,1,3,3,10630.46,9883.14,1902.63,1,3109.16,5102.49,3498.91,0.317,107,0.4525,0,5
MFI_KE_003652,22,F,Mombasa,9,28,47,8921.15,6268.19,1561.77,9,2208.33,3362.28,20573.12,0.421,2,0.8677,0,1
MFI_KE_003653,44,F,Trans Nzoia,19,7,7,45410.29,37489.47,2470.61,2,54269.36,106459.85,115379.24,0.9247,6,0.7454,0,3
MFI_KE_003654,24,M,Garissa,9,3,3,10620.96,7436.87,1340.44,1,1124.03,2215.78,1186.36,0.5616,76,0.6233,1,5
MFI_KE_003655,60,M,Embu,38,4,7,180617.63,150751.41,12950.18,6,89885.85,159784.55,480755.47,0.7033,1,0.3095,0,3
MFI_KE_003656,36,F,Nyeri,23,13,4,108592.55,104410.7,5112.38,0,0.0,0.0,0.0,0.7654,5,0.7379,1,3
MFI_KE_003657,30,M,Kiambu,62,35,56,25370.23,21577.04,7308.61,4,1049.49,1299.15,4117.96,0.8027,0,0.9465,0,1
MFI_KE_003658,20,M,Embu,5,0,5,1267.57,1270.59,753.27,0,0.0,0.0,0.0,1.0,139,0.4147,0,5
MFI_KE_003659,49,F,Turkana,4,1,3,1070.34,1012.65,325.59,2,1436.85,1818.15,2412.95,0.6447,78,0.8065,0,5
MFI_KE_003660,30,F,Nairobi,27,36,51,8803.1,7975.59,588.77,12,2545.44,3000.97,33355.47,0.6127,1,0.9311,0,1
MFI_KE_003661,27,F,Murang'a,60,23,16,22151.76,20981.99,16404.35,3,62440.94,73371.46,158028.51,0.9647,7,0.7378,1,2
MFI_KE_003662,23,M,Kisumu,8,40,52,10138.29,8084.28,905.76,6,1275.32,2363.92,6395.71,0.7689,1,0.6352,0,1
MFI_KE_003663,46,M,Nyeri,6,23,18,99483.8,102454.38,8230.13,2,26393.53,39595.92,60925.03,0.9404,10,0.6264,0,2
MFI_KE_003664,42,F,Migori,11,23,15,86104.41,68312.58,13647.67,2,84945.94,102777.41,136994.28,0.9974,5,0.7817,0,2
MFI_KE_003665,23,M,Nairobi,3,33,42,14142.76,11516.27,7305.78,6,1013.57,1788.32,5719.2,0.8812,5,0.8769,0,1
MFI_KE_003666,33,M,Laikipia,1,2,2,2106.05,1624.27,579.86,0,0.0,0.0,0.0,1.0,21,0.4512,0,5
MFI_KE_003667,27,M,Garissa,3,29,15,49242.39,37805.6,12898.8,2,51365.29,69478.11,98522.26,0.931,1,0.7059,1,2
MFI_KE_003668,52,F,Kiambu,7,72,56,273321.79,232296.37,16181.29,8,82960.71,124039.46,790835.41,0.7894,0,0.3617,1,4
MFI_KE_003669,51,F,Kakamega,7,2,3,2157.15,1628.79,235.4,1,1358.93,2427.81,1233.1,0.4829,75,0.595,0,5
MFI_KE_003670,29,M,Kakamega,14,45,56,18273.99,14351.29,2736.59,6,1634.28,3159.92,10711.23,0.6746,1,0.9315,0,1
MFI_KE_003671,36,F,Kitui,11,0,4,5362.14,4300.11,146.3,0,0.0,0.0,0.0,1.0,30,0.4802,0,5
MFI_KE_003672,28,M,Laikipia,5,23,21,49270.67,45449.03,23883.65,2,23531.6,23932.47,41973.18,0.8736,2,0.5185,0,2
MFI_KE_003673,53,F,Kisii,31,9,8,128072.08,99752.03,5148.46,0,0.0,0.0,0.0,0.8379,12,0.5715,1,3
MFI_KE_003674,36,M,Turkana,1,3,2,700.51,686.2,273.18,0,0.0,0.0,0.0,1.0,29,0.667,0,5
MFI_KE_003675,43,M,Kericho,7,6,4,200928.63,164242.98,2502.71,1,113534.09,144338.62,93224.13,0.8576,18,0.3694,1,3
MFI_KE_003676,37,F,Kiambu,18,26,14,90860.87,64370.39,34875.48,0,0.0,0.0,0.0,0.9438,12,0.7372,1,2
MFI_KE_003677,22,F,Mombasa,11,38,52,7279.18,5838.24,213.37,10,3374.58,4785.08,37232.12,0.5957,1,0.8025,0,1
MFI_KE_003678,43,M,Mombasa,35,26,19,162564.6,145782.78,12292.72,5,37516.29,67878.42,185601.69,0.962,7,0.2106,0,2
MFI_KE_003679,31,M,Nairobi,54,52,52,7011.89,6806.15,1530.95,13,2292.34,3601.8,33994.1,0.6166,0,0.8571,1,1
MFI_KE_003680,22,F,Kisii,2,21,23,32401.99,23340.04,26049.23,4,38391.38,63934.86,161675.62,0.9519,11,0.9292,0,2
MFI_KE_003681,48,F,Homa Bay,3,3,3,2029.13,1900.18,623.58,1,1298.18,2170.48,1298.74,0.5547,28,0.6783,0,5
MFI_KE_003682,43,F,Kitui,21,17,20,61860.4,49154.05,18348.02,2,49343.84,89542.81,81318.05,0.8926,21,0.2641,0,2
MFI_KE_003683,41,M,Turkana,16,76,72,290549.87,208592.31,20899.07,3,195309.55,218892.64,510912.48,0.8472,0,0.4213,0,4
MFI_KE_003684,31,F,Mombasa,8,41,43,27169.59,19539.59,7867.29,13,2423.36,4035.74,31514.44,0.6977,0,0.9129,0,1
MFI_KE_003685,34,M,Homa Bay,1,0,3,3751.31,3517.7,800.09,1,1033.89,2027.25,1063.59,0.8044,115,0.6361,0,5
MFI_KE_003686,21,F,Kiambu,20,45,47,34754.94,34420.27,5503.75,5,1303.18,2271.28,5834.18,0.7298,6,0.9428,0,1
MFI_KE_003687,44,M,Bomet,66,9,7,37610.28,32492.45,3378.35,1,37851.76,67452.96,36268.41,0.8479,5,0.4509,1,3
MFI_KE_003688,42,M,Kisumu,2,3,5,26112.44,20000.25,37.6,1,1143.3,1436.51,1301.87,0.4744,66,0.57,0,5
MFI_KE_003689,34,M,Kiambu,30,29,20,75971.96,66813.9,10749.82,3,31860.34,51643.37,82919.76,0.9984,15,0.3064,0,2
MFI_KE_003690,42,M,Turkana,14,19,22,89106.66,73955.0,2833.46,4,65359.32,100364.25,245879.02,0.7568,1,0.3802,0,2
MFI_KE_003691,35,M,Murang'a,53,72,70,388794.2,325600.67,104971.47,4,142694.56,264683.81,520785.42,0.9635,1,0.4259,1,4
MFI_KE_003692,27,F,Machakos,17,39,53,25377.95,23435.71,644.41,7,6091.38,11438.6,47272.58,0.7411,1,0.7036,0,1
MFI_KE_003693,46,M,Trans Nzoia,24,26,20,274264.4,239675.44,12034.28,0,0.0,0.0,0.0,0.9975,8,0.8857,0,2
MFI_KE_003694,22,F,Meru,6,9,7,102298.07,99888.08,3529.51,0,0.0,0.0,0.0,0.7432,20,0.3905,1,3
MFI_KE_003695,30,M,Laikipia,56,78,68,288921.12,270961.37,93658.71,7,166796.89,257099.17,1200902.81,0.8875,1,0.5695,0,4
MFI_KE_003696,40,M,Kisii,19,5,5,63334.08,59556.5,9575.13,2,39126.06,52666.75,85422.76,0.8888,15,0.3836,1,3
MFI_KE_003697,23,M,Trans Nzoia,13,28,22,70922.64,57082.77,18911.42,2,45795.44,54645.47,75632.04,0.9689,23,0.7216,0,2
MFI_KE_003698,30,F,Bomet,34,41,55,28222.15,20885.28,616.32,8,4869.36,8377.53,39511.95,0.3643,0,0.8894,0,1
MFI_KE_003699,41,F,Migori,18,27,13,85788.19,83266.23,25596.41,2,24629.23,39163.27,47094.98,0.8856,2,0.7025,1,2
MFI_KE_003700,38,F,Garissa,6,42,16,54724.25,46033.41,26353.41,3,33743.43,41732.03,113415.49,0.9819,7,0.7585,1,2
MFI_KE_003701,51,F,Kiambu,1,1,2,1947.89,1365.04,1099.41,0,0.0,0.0,0.0,1.0,26,0.4422,0,5
MFI_KE_003702,30,F,Nairobi,13,31,20,79646.13,65608.09,46067.44,2,37713.84,50662.83,63150.73,0.9316,14,0.754,1,2
MFI_KE_003703,30,F,Laikipia,3,2,2,4006.09,2821.97,1028.09,0,0.0,0.0,0.0,1.0,245,0.5716,0,5
MFI_KE_003704,36,M,Laikipia,5,24,19,49371.36,36036.49,14078.91,1,31979.68,50363.92,34728.55,0.8626,2,0.816,0,2
MFI_KE_003705,35,M,Mombasa,6,38,19,44669.02,33559.39,22136.43,0,0.0,0.0,0.0,0.9484,1,0.614,1,2
MFI_KE_003706,29,M,Kisumu,2,36,50,8280.38,5855.87,3333.71,6,2416.33,4461.37,12466.71,0.8698,8,0.9257,0,1
MFI_KE_003707,36,F,Kilifi,6,20,14,106461.43,83168.58,13807.5,2,13895.59,23271.01,30097.48,0.9642,13,0.5173,0,2
MFI_KE_003708,55,F,Nyeri,4,8,7,103956.42,96462.85,12220.75,2,49771.31,88576.82,102548.33,0.8564,6,0.5538,1,3
MFI_KE_003709,20,F,Bungoma,3,3,4,774.88,616.85,239.84,0,0.0,0.0,0.0,1.0,124,0.5786,0,5
MFI_KE_003710,29,F,Nakuru,26,51,49,7901.44,6677.71,4569.33,7,1938.37,3057.18,11110.51,0.4463,5,0.9231,0,1
MFI_KE_003711,43,M,Kilifi,15,10,8,58141.47,50686.14,5654.84,1,59541.44,118610.9,62934.63,0.8622,6,0.4401,1,3
MFI_KE_003712,41,F,Laikipia,15,21,16,281326.6,238577.26,18769.7,1,52197.64,71163.46,48131.82,0.7571,13,0.7797,0,2
MFI_KE_003713,39,M,Migori,3,77,72,820639.08,648122.88,39916.72,5,166592.89,213057.28,676637.24,0.8496,0,0.9102,1,4
MFI_KE_003714,39,M,Trans Nzoia,7,79,78,586131.26,527368.25,41604.58,3,174466.38,309990.98,570786.82,0.9172,0,0.5118,0,4
MFI_KE_003715,35,F,Kakamega,4,23,22,100587.92,105333.35,21648.77,2,24586.62,40847.55,54837.53,0.9338,2,0.7133,0,2
MFI_KE_003716,31,F,Homa Bay,7,3,4,5689.84,4096.93,379.83,1,858.58,1382.75,1011.45,0.5061,50,0.4712,0,5
MFI_KE_003717,37,M,Kisumu,31,31,22,77305.9,61177.43,11021.22,3,19164.21,33309.17,47426.68,0.9914,1,0.8399,0,2
MFI_KE_003718,28,F,Embu,9,37,49,8311.73,7677.97,462.72,8,1515.04,2785.48,11388.19,0.9023,0,0.8205,0,1
MFI_KE_003719,52,M,Turkana,6,28,17,173816.61,176161.5,7263.84,2,62845.96,77737.09,114226.47,0.9146,3,0.6844,1,2
MFI_KE_003720,37,M,Meru,74,23,21,49600.26,35664.85,19815.01,0,0.0,0.0,0.0,0.9287,9,0.5924,1,2
MFI_KE_003721,30,M,Bomet,73,21,16,85792.2,69820.65,6751.92,4,26959.88,43034.04,125393.31,0.9448,17,0.7422,0,2
MFI_KE_003722,45,F,Bungoma,4,62,70,302717.87,278389.7,18778.63,5,311576.34,481024.02,1561131.46,0.6139,10,0.2877,0,4
MFI_KE_003723,43,M,Murang'a,47,17,24,104558.03,96417.8,36305.43,2,20252.19,29654.17,39012.94,0.8928,9,0.8537,0,2
MFI_KE_003724,48,M,Nakuru,9,17,20,57081.7,53612.66,5589.77,3,60254.67,90140.51,166805.18,0.9781,6,0.3729,0,2
MFI_KE_003725,52,F,Bungoma,36,8,7,37248.37,27411.11,2577.99,0,0.0,0.0,0.0,0.8944,13,0.3133,1,3
MFI_KE_003726,40,M,Migori,4,93,55,87908.83,74520.3,38279.76,5,122924.13,185201.68,510370.9,0.9014,0,0.7547,0,4
MFI_KE_003727,36,F,Migori,5,60,78,511727.71,412376.55,255673.41,11,95887.18,169442.94,1011201.4,0.787,1,0.6262,0,4
MFI_KE_003728,22,M,Nairobi,29,32,59,46956.02,45003.55,2202.21,6,2984.74,3173.15,17343.83,0.7842,6,0.4206,0,1
MFI_KE_003729,18,M,Kitui,8,2,3,9132.41,9042.11,1357.51,0,0.0,0.0,0.0,1.0,28,0.6666,0,5
MFI_KE_003730,36,M,Bungoma,58,5,7,97473.08,96577.39,1775.25,2,48165.7,88765.45,83665.61,0.6733,3,0.3739,1,3
MFI_KE_003731,30,F,Meru,31,20,30,42590.13,39469.69,7448.54,7,46709.16,75064.91,383744.25,0.8601,3,0.629,0,2
MFI_KE_003732,45,F,Kilifi,22,9,5,10840.5,9009.53,6267.74,1,102683.4,176041.57,100881.79,0.7826,19,0.2879,1,3
MFI_KE_003733,54,M,Laikipia,2,5,6,30777.68,29216.87,3164.01,2,48311.69,52342.63,94880.45,0.6269,1,0.4419,0,3
MFI_KE_003734,65,F,Migori,9,2,2,6867.09,5136.32,333.45,0,0.0,0.0,0.0,1.0,94,0.4824,0,5
MFI_KE_003735,40,M,Nakuru,11,37,55,7993.33,5825.13,1215.34,12,1169.44,1496.85,15478.05,0.7116,8,0.9784,0,1
MFI_KE_003736,28,F,Kisumu,4,43,41,14847.56,12416.55,997.84,7,2315.09,3768.85,14714.55,0.6318,2,0.888,0,1
MFI_KE_003737,31,M,Murang'a,1,0,3,2153.43,1676.04,407.17,0,0.0,0.0,0.0,1.0,14,0.7375,0,5
MFI_KE_003738,27,F,Nairobi,4,40,56,8020.78,6614.85,772.67,5,1933.95,3636.39,11007.94,0.4434,0,0.84,0,1
MFI_KE_003739,27,M,Kisumu,32,52,53,85059.62,87898.09,1939.3,4,1090.19,1952.1,4037.65,0.5824,3,0.9479,0,1
MFI_KE_003740,26,M,Kisumu,4,1,2,11854.93,9106.64,818.15,1,973.9,1329.86,792.29,0.5649,68,0.5603,0,5
MFI_KE_003741,36,F,Homa Bay,10,30,14,70639.56,64459.24,19130.06,2,23341.51,30482.05,52864.3,0.8568,1,0.7716,0,2
MFI_KE_003742,38,F,Migori,1,4,2,2036.41,1756.21,1738.87,0,0.0,0.0,0.0,1.0,24,0.5594,0,5
MFI_KE_003743,24,F,Kiambu,5,28,66,88013.37,88896.74,450.94,10,978.39,1419.23,9101.36,0.8424,1,0.9938,0,1
MFI_KE_003744,27,F,Migori,3,22,24,89055.25,75637.08,59828.19,8,38500.48,41101.55,284461.07,0.9423,2,0.5523,1,2
MFI_KE_003745,18,F,Nakuru,15,39,46,16121.87,14174.68,2546.98,10,1406.62,2583.91,15411.29,0.6138,0,0.7048,0,1
MFI_KE_003746,43,M,Bomet,12,26,17,147587.45,142170.76,17134.23,3,24279.57,46657.47,70827.97,0.9452,5,0.6968,1,2
MFI_KE_003747,25,F,Laikipia,16,7,2,66060.61,51316.1,3783.47,1,32818.09,59610.4,30663.62,0.7303,4,0.3069,1,3
MFI_KE_003748,48,F,Kisii,25,14,9,14464.18,14593.5,3172.38,3,54380.37,72253.14,168457.19,0.8442,15,0.2891,1,3
MFI_KE_003749,18,F,Embu,1,3,4,3769.83,3445.87,662.86,0,0.0,0.0,0.0,1.0,35,0.8273,0,5
MFI_KE_003750,34,M,Kilifi,11,11,3,31865.65,29838.35,4138.44,2,54000.11,93419.52,91268.32,0.6582,3,0.4812,0,3
MFI_KE_003751,49,M,Migori,28,35,16,51101.78,49361.26,14945.09,5,56115.93,100861.98,234692.81,0.8724,1,0.8763,0,2
MFI_KE_003752,40,M,Kisii,3,23,25,23961.31,17425.57,20138.27,1,44508.46,75279.6,52866.69,0.9457,7,0.8155,0,2
MFI_KE_003753,42,F,Embu,1,2,3,6397.19,4675.13,454.5,0,0.0,0.0,0.0,1.0,40,0.8354,0,5
MFI_KE_003754,24,M,Mombasa,43,46,36,12822.28,10994.17,1103.8,7,888.06,1305.77,6640.24,0.4377,4,0.9299,0,1
MFI_KE_003755,37,M,Nyeri,11,9,5,93507.7,77091.35,1398.43,2,67563.18,107158.96,110217.54,0.7763,9,0.29,1,3
MFI_KE_003756,37,F,Nakuru,48,26,22,38907.72,32834.03,17574.21,4,75189.06,138366.08,255620.34,0.9967,14,0.6444,1,2
MFI_KE_003757,38,F,Mombasa,19,82,86,326455.59,268729.83,11980.24,7,213540.63,242184.97,1700443.45,0.9417,1,0.6952,0,4
MFI_KE_003758,31,F,Bomet,3,2,2,6466.62,6359.56,1202.27,0,0.0,0.0,0.0,1.0,20,0.6491,0,5
MFI_KE_003759,36,M,Turkana,4,1,1,1520.16,1302.95,1789.31,0,0.0,0.0,0.0,1.0,29,0.5813,1,5
MFI_KE_003760,28,M,Nakuru,15,43,54,7549.65,7051.04,599.37,15,1985.41,3796.02,25793.33,0.677,5,0.7667,0,1
MFI_KE_003761,36,F,Kiambu,6,18,22,52111.6,54678.07,6957.39,1,45176.38,67779.52,49297.49,0.9842,2,0.5667,0,2
MFI_KE_003762,25,F,Kakamega,4,49,58,22658.93,20036.09,493.59,5,1585.2,2382.87,7749.01,0.5778,3,0.9959,0,1
MFI_KE_003763,45,M,Kisii,21,72,65,189361.99,139814.34,4279.83,5,150151.11,203279.23,790925.69,0.8546,1,0.4406,0,4
MFI_KE_003764,27,M,Uasin Gishu,15,51,48,10890.94,9304.72,3414.43,7,3203.08,3970.75,24619.95,0.6674,6,0.8839,0,1
MFI_KE_003765,24,F,Kiambu,30,37,46,3477.54,2708.41,358.02,5,3307.93,5533.08,18386.68,0.7252,4,0.8137,0,1
MFI_KE_003766,18,M,Kilifi,3,50,61,4491.2,3307.35,704.24,8,2934.9,4192.61,25177.3,0.6076,5,0.7947,0,1
MFI_KE_003767,47,F,Kitui,38,5,6,134401.27,97599.18,5707.41,2,23285.84,40314.71,39578.38,0.8138,13,0.5203,0,3
MFI_KE_003768,22,F,Kilifi,42,4,4,52442.47,40321.66,10754.99,0,0.0,0.0,0.0,0.8415,5,0.4777,0,3
MFI_KE_003769,26,F,Mombasa,11,42,49,5618.55,5526.44,11012.58,5,2157.83,2501.22,11205.54,0.6545,1,0.9095,0,1
MFI_KE_003770,28,F,Murang'a,5,3,4,1652.92,1645.11,495.86,1,692.19,1294.66,621.29,0.9495,37,0.8521,0,5
MFI_KE_003771,18,M,Kiambu,11,4,4,2252.18,1742.67,409.68,2,1799.05,2432.7,3811.52,0.8623,111,0.5531,0,5
MFI_KE_003772,29,F,Mombasa,13,30,56,13861.93,10060.21,2313.65,7,1338.43,1881.15,11069.87,0.5548,3,0.9352,0,1
MFI_KE_003773,55,M,Meru,6,10,3,34657.73,30669.67,13418.11,2,36684.2,44419.22,79089.53,0.6497,5,0.444,1,3
MFI_KE_003774,20,F,Nyeri,9,3,1,4580.08,4764.41,280.65,0,0.0,0.0,0.0,1.0,33,0.3179,1,5
MFI_KE_003775,57,F,Garissa,10,5,7,105948.95,85846.6,7512.55,0,0.0,0.0,0.0,0.7636,2,0.4227,1,3
MFI_KE_003776,63,M,Bomet,13,82,73,127407.92,118034.99,73089.88,5,205418.21,343329.28,1206058.62,0.8179,0,0.8132,0,4
MFI_KE_003777,40,M,Embu,57,82,72,236433.96,240783.04,33079.55,6,342221.0,544923.24,2151907.9,0.7977,1,0.2005,1,4
MFI_KE_003778,43,F,Garissa,1,1,5,11470.04,12035.23,192.28,0,0.0,0.0,0.0,1.0,70,0.5371,0,5
MFI_KE_003779,21,M,Nakuru,3,41,54,12341.45,12390.16,635.94,10,2890.39,4089.32,32538.38,0.7196,3,0.8436,0,1
MFI_KE_003780,26,M,Nyeri,4,74,60,288948.06,252856.22,29236.73,5,381125.69,535018.38,1770804.88,0.9607,0,0.5238,0,4
MFI_KE_003781,25,F,Nairobi,45,31,53,4875.17,3515.52,2181.44,9,2635.98,3074.42,21869.87,0.5375,3,0.7795,0,1
MFI_KE_003782,18,F,Homa Bay,6,3,1,2205.3,1894.75,1315.11,0,0.0,0.0,0.0,1.0,44,0.8055,0,5
MFI_KE_003783,26,F,Uasin Gishu,30,38,50,15557.68,12181.97,846.35,5,1127.64,1630.36,5716.83,0.8231,3,0.8674,0,1
MFI_KE_003784,24,F,Nakuru,20,39,37,25159.81,22842.35,1124.42,14,1586.18,2997.8,24621.42,0.837,1,0.8024,0,1
MFI_KE_003785,27,F,Kiambu,13,37,53,29065.22,20552.39,893.7,12,1077.23,1636.95,13013.26,0.8732,1,0.8078,0,1
MFI_KE_003786,47,F,Laikipia,9,4,1,5830.63,5640.45,1244.42,0,0.0,0.0,0.0,1.0,12,0.9338,0,5
MFI_KE_003787,38,F,Garissa,18,25,22,53250.4,48581.03,32691.72,3,23330.31,41510.63,77173.82,0.9423,6,0.3459,0,2
MFI_KE_003788,48,M,Nairobi,2,76,73,230856.54,189316.91,18441.4,11,235470.43,364580.08,2439801.98,0.5113,5,0.6819,1,4
MFI_KE_003789,35,F,Turkana,19,8,5,336594.85,272379.44,2744.68,2,44906.1,83869.07,103347.75,0.6848,5,0.373,1,3
MFI_KE_003790,19,M,Garissa,9,41,47,14773.75,12738.14,1599.8,10,769.16,855.29,8354.5,0.3145,4,0.7116,0,1
MFI_KE_003791,49,F,Turkana,1,3,4,3772.47,3896.74,1111.28,0,0.0,0.0,0.0,1.0,10,0.5988,0,5
MFI_KE_003792,31,M,Nakuru,5,25,14,228516.05,193095.4,8459.71,2,55847.85,77714.06,100222.84,0.9945,8,0.5736,0,2
MFI_KE_003793,50,F,Kakamega,49,6,5,71849.1,57476.06,18534.95,3,47371.19,64437.18,136429.2,0.537,5,0.3887,1,3
MFI_KE_003794,18,M,Bomet,4,0,2,1723.49,1586.41,1576.95,1,1259.94,1623.7,1183.72,0.3542,16,0.5172,0,5
MFI_KE_003795,22,F,Bomet,10,6,3,94202.59,70378.39,5626.74,2,52731.89,91052.41,111365.52,0.7331,35,0.6961,1,3
MFI_KE_003796,21,M,Kericho,13,44,49,9411.34,7986.9,771.03,5,2859.22,5656.11,14337.77,0.4989,2,0.7756,0,1
MFI_KE_003797,22,M,Trans Nzoia,2,6,8,52744.04,40674.38,1751.21,3,119175.74,195533.74,324549.23,0.7541,1,0.3756,1,3
MFI_KE_003798,44,M,Mombasa,5,12,19,73913.56,64971.94,22890.88,3,26299.05,34157.03,72719.29,0.6761,2,0.3335,0,2
MFI_KE_003799,53,F,Kericho,7,30,18,36613.51,36497.24,7625.63,2,47985.8,68590.48,91014.97,0.8845,1,0.798,0,2
MFI_KE_003800,44,F,Kiambu,1,5,3,1905.63,1911.46,491.98,1,569.12,981.45,679.99,0.2903,53,0.627,0,5
MFI_KE_003801,60,M,Nyeri,8,87,68,185981.01,175663.29,35875.73,4,96506.24,137438.44,328349.99,0.8582,1,0.5567,0,4
MFI_KE_003802,44,F,Kericho,1,1,4,7568.39,6550.66,177.89,0,0.0,0.0,0.0,1.0,16,0.5677,0,5
MFI_KE_003803,27,M,Mombasa,3,32,41,14171.89,14700.89,1536.82,7,2361.42,2485.75,15517.56,0.703,0,0.9948,0,1
MFI_KE_003804,25,M,Nakuru,89,27,58,5541.14,5506.74,8804.3,10,2526.44,3868.37,24267.75,0.8765,4,0.9051,0,1
MFI_KE_003805,34,F,Nairobi,9,37,45,14640.73,14351.12,1339.08,7,1034.56,1152.16,5927.02,0.8156,0,0.89,0,1
MFI_KE_003806,49,M,Nairobi,8,28,19,54593.32,46403.09,17498.1,1,17318.65,22112.38,19541.2,0.9495,1,0.7977,0,2
MFI_KE_003807,34,M,Garissa,5,10,9,31354.97,32480.41,2509.13,1,42575.24,55186.34,45190.21,0.9205,18,0.3785,1,3
MFI_KE_003808,22,F,Nairobi,8,40,50,10340.25,10708.74,1960.6,6,1405.72,2011.97,7714.05,0.6563,0,0.9595,0,1
MFI_KE_003809,47,M,Murang'a,54,22,20,43027.09,32985.09,11971.65,1,36746.19,42818.24,42857.47,0.9019,10,0.6925,0,2
MFI_KE_003810,34,M,Kilifi,7,0,2,2260.29,2150.44,269.79,0,0.0,0.0,0.0,1.0,28,0.2131,0,5
MFI_KE_003811,26,F,Mombasa,25,32,43,9346.14,8763.33,1384.96,2,2051.27,3040.81,4118.87,0.6071,1,0.884,0,1
MFI_KE_003812,28,F,Kiambu,28,40,41,12399.52,10752.49,2247.44,10,3807.42,4663.27,41242.89,0.8164,1,0.9497,0,1
MFI_KE_003813,24,M,Kisumu,13,41,54,5372.22,5596.55,1772.37,7,1520.35,2571.75,10546.32,0.9027,3,0.8807,0,1
MFI_KE_003814,44,F,Garissa,35,23,25,42648.32,33152.77,10623.47,2,51288.3,66413.64,120231.02,0.9346,9,0.7887,0,2
MFI_KE_003815,46,F,Trans Nzoia,11,7,6,47346.7,41285.83,1980.38,3,78408.21,105193.84,266923.42,0.766,21,0.6157,1,3
MFI_KE_003816,32,M,Mombasa,15,36,43,37096.15,28416.38,2004.63,12,3090.96,4165.54,30767.17,0.6434,1,0.6416,0,1
MFI_KE_003817,50,F,Homa Bay,7,30,17,121954.05,105083.8,7393.54,3,34168.45,42156.59,96070.1,0.9415,14,0.5437,1,2
MFI_KE_003818,25,M,Nakuru,4,37,59,6827.79,5622.35,3828.16,4,4314.6,5882.24,15197.38,0.8133,3,0.6424,0,1
MFI_KE_003819,35,M,Kisii,13,2,2,3885.44,2909.75,1466.12,0,0.0,0.0,0.0,1.0,87,0.6798,0,5
MFI_KE_003820,28,F,Kiambu,8,38,58,9589.38,7753.45,869.02,9,2778.66,4107.02,29490.65,0.8056,1,0.9254,0,1
MFI_KE_003821,21,F,Kitui,20,41,51,3707.47,3251.62,4941.4,5,1959.83,3207.46,9908.23,0.6656,2,0.8563,0,1
MFI_KE_003822,43,M,Kilifi,28,25,16,259441.09,240590.66,17257.54,0,0.0,0.0,0.0,0.9473,7,0.4505,0,2
MFI_KE_003823,33,F,Nyeri,4,4,4,652.68,660.88,946.32,0,0.0,0.0,0.0,1.0,293,0.767,0,5
MFI_KE_003824,25,M,Nakuru,4,42,50,5283.24,4220.17,725.18,5,5697.86,9608.09,28794.31,0.5908,1,0.7736,0,1
MFI_KE_003825,20,F,Uasin Gishu,22,39,47,7246.24,6662.02,1565.23,8,620.64,1177.53,4435.41,0.4778,0,0.9626,0,1
MFI_KE_003826,40,F,Garissa,4,10,4,1027664.4,886977.58,11412.95,3,47947.57,57246.86,132898.66,0.9088,12,0.3653,1,3
MFI_KE_003827,38,F,Machakos,15,10,10,138250.49,131295.5,805.66,1,103163.85,181672.5,92283.26,0.6967,13,0.3806,1,3
MFI_KE_003828,51,F,Laikipia,4,26,29,78981.25,72230.74,22828.04,3,15346.52,22664.68,53439.57,0.8582,9,0.6037,1,2
MFI_KE_003829,31,M,Mombasa,16,45,46,20692.5,15589.02,1438.92,8,2020.42,2675.61,17936.9,0.8979,1,0.8523,0,1
MFI_KE_003830,34,F,Kericho,56,76,74,220113.09,202826.65,41496.95,7,69467.86,137558.21,468760.46,0.8544,2,0.8153,1,4
MFI_KE_003831,47,M,Embu,13,87,51,124476.25,110610.86,248950.69,9,200711.01,306131.81,1523474.05,0.9668,0,0.473,0,4
MFI_KE_003832,52,M,Kiambu,17,30,26,94598.51,84973.85,4517.54,3,14091.95,15561.12,44153.05,0.891,6,0.8114,1,2
MFI_KE_003833,22,F,Turkana,19,86,55,50886.72,44147.42,18384.82,6,95841.58,153241.52,618700.55,0.895,4,0.6548,1,4
MFI_KE_003834,31,F,Homa Bay,38,21,28,88705.39,79535.62,3403.01,4,41613.42,78583.41,167239.25,0.9716,4,0.7199,1,2
MFI_KE_003835,50,F,Trans Nzoia,4,3,2,4239.94,4315.54,842.83,0,0.0,0.0,0.0,1.0,62,0.9534,0,5
MFI_KE_003836,28,M,Kitui,1,0,4,11910.35,9453.8,2120.04,0,0.0,0.0,0.0,1.0,64,0.5008,0,5
MFI_KE_003837,43,M,Embu,5,17,20,94372.9,89834.59,7651.78,5,37097.13,58915.77,190910.56,0.8295,11,0.7976,0,2
MFI_KE_003838,29,M,Laikipia,6,14,18,248705.7,197272.88,21160.41,3,25304.05,46524.35,68045.17,0.9937,2,0.5134,0,2
MFI_KE_003839,34,F,Bungoma,32,49,44,16497.2,13306.86,1997.72,5,1488.87,2419.04,6292.85,0.7372,2,0.9133,0,1
MFI_KE_003840,32,M,Meru,23,21,12,45378.57,35431.25,13373.49,2,27710.51,27748.22,58486.59,0.9934,5,0.6346,1,2
MFI_KE_003841,33,M,Kiambu,32,43,51,10665.94,10707.98,4207.63,11,1744.32,2321.36,21251.93,0.5789,0,0.8217,0,1
MFI_KE_003842,20,M,Kericho,3,37,69,11175.17,11381.17,2392.35,2,1743.24,3473.6,3986.58,0.7827,1,0.9611,1,1
MFI_KE_003843,41,M,Bomet,30,74,74,736581.79,556210.1,19860.82,4,277779.5,284201.17,911726.63,0.5801,0,0.5822,1,4
MFI_KE_003844,22,F,Turkana,12,7,6,72155.42,66556.27,2121.25,0,0.0,0.0,0.0,0.6431,5,0.2197,0,3
MFI_KE_003845,48,M,Uasin Gishu,1,1,3,6586.93,6311.68,1071.31,0,0.0,0.0,0.0,1.0,78,0.7854,0,5
MFI_KE_003846,46,F,Nyeri,4,20,25,52719.81,37726.96,11571.59,0,0.0,0.0,0.0,0.8595,2,0.605,1,2
MFI_KE_003847,24,F,Kiambu,9,31,42,9033.14,7383.09,2077.6,9,2596.9,4139.59,19497.08,0.9075,1,0.6464,0,1
MFI_KE_003848,26,M,Mombasa,12,30,58,6475.25,5092.96,2467.0,4,2341.83,2623.01,8537.53,0.8697,7,0.8287,1,1
MFI_KE_003849,21,F,Uasin Gishu,19,35,62,21779.89,19285.92,1314.33,10,4502.68,6843.81,49281.88,0.8674,1,0.9489,0,1
MFI_KE_003850,66,M,Embu,61,9,8,516695.06,493342.57,1528.1,1,69289.34,117175.27,63835.77,0.4998,3,0.511,0,3
MFI_KE_003851,25,M,Uasin Gishu,16,42,61,37273.47,32594.79,884.24,6,1973.39,3449.25,10028.23,0.6007,0,0.9872,0,1
MFI_KE_003852,43,M,Bomet,38,31,11,54468.67,46427.5,9799.13,4,29502.21,58531.45,104040.08,0.9363,5,0.559,0,2
MFI_KE_003853,33,M,Laikipia,24,9,9,160515.56,136950.32,2048.17,4,93907.21,185371.09,320279.12,0.6526,3,0.2767,0,3
MFI_KE_003854,32,F,Mombasa,2,75,62,244360.46,194024.08,77791.29,2,143684.73,210069.8,304849.2,0.8481,0,0.209,0,4
MFI_KE_003855,48,F,Nyeri,83,6,7,15378.08,12674.63,2124.53,2,40356.67,61864.41,96583.35,0.7161,1,0.4692,1,3
MFI_KE_003856,50,F,Nyeri,4,0,3,4964.0,5007.7,443.57,0,0.0,0.0,0.0,1.0,51,0.5904,0,5
MFI_KE_003857,26,M,Uasin Gishu,9,45,51,28258.04,26973.99,1103.12,5,1331.52,1533.63,6204.38,0.7244,1,0.9776,0,1
MFI_KE_003858,33,M,Garissa,3,28,18,174563.52,173525.61,28667.93,5,43366.14,76696.15,217195.75,0.9987,10,0.5193,1,2
MFI_KE_003859,37,F,Kiambu,2,25,20,19871.97,18032.71,9227.41,3,16301.69,20899.5,39445.69,0.8644,3,0.3876,0,2
MFI_KE_003860,46,F,Migori,14,28,13,123324.75,125642.6,25498.86,2,20328.29,32203.99,42492.08,0.9359,2,0.7689,0,2
MFI_KE_003861,18,M,Nairobi,57,43,44,18370.21,19102.13,516.4,5,2369.91,2868.5,12411.69,0.3801,0,0.8845,0,1
MFI_KE_003862,65,M,Kericho,33,7,5,292719.53,274507.86,985.99,1,51179.2,84053.28,44114.46,0.7885,15,0.5526,1,3
MFI_KE_003863,22,F,Kericho,9,37,44,18153.15,18004.94,4532.5,9,4503.47,4882.1,41750.84,0.7344,2,0.9296,1,1
MFI_KE_003864,25,F,Nairobi,5,46,54,27115.11,22322.82,4983.71,9,1704.25,3060.31,17036.17,0.3579,1,0.9796,0,1
MFI_KE_003865,39,F,Homa Bay,4,0,1,2178.67,1619.05,1429.04,0,0.0,0.0,0.0,1.0,206,0.8486,0,5
MFI_KE_003866,29,M,Laikipia,9,28,18,33796.46,27409.07,9085.58,1,38617.63,66167.18,42979.22,0.9618,3,0.7078,0,2
MFI_KE_003867,23,F,Mombasa,13,43,66,2318.27,2264.45,1901.35,5,2496.25,4621.12,10195.65,0.8028,0,0.9607,0,1
MFI_KE_003868,40,M,Bungoma,31,78,74,569813.71,406686.63,117209.11,7,106164.29,203226.06,647251.36,0.8118,1,0.44,1,4
MFI_KE_003869,41,M,Uasin Gishu,10,76,62,346628.45,343040.59,67207.66,7,188268.81,363568.98,1255148.0,0.8594,1,0.49,0,4
MFI_KE_003870,38,F,Embu,9,25,18,43606.14,38380.7,30924.52,2,37195.02,48042.76,79606.27,0.8567,3,0.257,0,2
MFI_KE_003871,51,M,Nakuru,10,82,67,366226.35,290399.25,47769.88,9,258818.34,400266.01,1883449.32,0.8003,6,0.2802,0,4
MFI_KE_003872,30,F,Uasin Gishu,39,33,42,16485.6,15866.55,2027.55,13,2848.07,3948.78,31969.46,0.8892,1,0.6538,0,1
MFI_KE_003873,29,F,Mombasa,12,48,53,9147.79,8874.54,4409.18,4,4153.03,5239.1,19754.15,0.4304,2,0.9331,0,1
MFI_KE_003874,33,M,Kilifi,20,20,24,84994.28,85508.38,4986.47,0,0.0,0.0,0.0,0.9743,8,0.7143,1,2
MFI_KE_003875,24,F,Kiambu,15,39,56,31854.66,27793.01,1589.0,8,2006.32,3633.47,14202.76,0.9354,1,0.6556,0,1
MFI_KE_003876,44,F,Meru,31,7,4,102793.67,88187.84,2848.6,3,74054.37,120668.57,239895.77,0.6791,37,0.7572,1,3
MFI_KE_003877,27,F,Nakuru,9,0,1,3608.11,2634.99,1181.07,0,0.0,0.0,0.0,1.0,30,0.7033,0,5
MFI_KE_003878,32,F,Kakamega,6,4,10,46442.29,47508.42,7809.88,1,45419.65,50195.2,38264.87,0.8947,2,0.5825,1,3
MFI_KE_003879,20,M,Kiambu,15,34,39,8746.7,6903.6,1922.38,5,1039.38,1729.23,5329.82,0.4693,2,0.7545,1,1
MFI_KE_003880,26,M,Mombasa,15,44,43,6837.85,6279.26,9155.5,11,995.75,1204.62,12671.53,0.7073,2,0.7978,0,1
MFI_KE_003881,40,F,Uasin Gishu,15,22,23,67796.95,56439.56,20224.25,5,18591.99,23673.21,105606.23,0.9359,3,0.5406,0,2
MFI_KE_003882,40,F,Kiambu,67,32,17,72934.89,53392.52,1671.3,2,28748.34,35679.1,67652.39,0.9073,3,0.7525,0,2
MFI_KE_003883,25,F,Mombasa,15,31,37,24380.98,24276.52,2827.74,7,1814.11,2891.47,10340.15,0.6162,2,0.7869,0,1
MFI_KE_003884,27,M,Murang'a,59,23,22,41827.14,43536.64,19520.99,7,62071.4,110019.87,423894.32,0.9583,13,0.7852,0,2
MFI_KE_003885,19,F,Kilifi,6,1,5,2541.71,2481.23,147.44,0,0.0,0.0,0.0,1.0,39,0.6439,1,5
MFI_KE_003886,29,F,Trans Nzoia,40,33,55,12896.98,12575.32,1841.93,10,1984.52,2781.32,21650.17,0.6369,0,0.8384,1,1
MFI_KE_003887,27,F,Kisumu,6,32,39,3774.4,2971.78,4773.22,7,582.17,1030.26,4185.65,0.5561,3,0.9924,0,1
MFI_KE_003888,45,M,Garissa,35,27,23,52051.93,38440.87,43362.26,4,27730.75,41061.67,97469.82,0.9867,1,0.617,0,2
MFI_KE_003889,48,M,Nakuru,5,1,2,1296.33,941.74,597.09,0,0.0,0.0,0.0,1.0,31,0.7868,0,5
MFI_KE_003890,36,F,Nairobi,39,16,17,72405.54,51002.56,4290.31,5,62191.88,85538.43,294902.39,0.9206,2,0.7091,0,2
MFI_KE_003891,18,F,Kisumu,8,44,49,19440.87,14201.74,1702.72,5,1885.2,2572.48,8904.95,0.5319,6,0.9001,0,1
MFI_KE_003892,23,F,Mombasa,16,42,44,15323.05,14167.66,476.88,12,1872.69,2820.9,25196.3,0.6411,2,0.684,0,1
MFI_KE_003893,53,F,Bungoma,50,19,21,62426.88,63292.37,6927.76,1,50144.76,95162.25,43061.32,0.9597,34,0.7659,0,2
MFI_KE_003894,28,F,Kericho,22,22,17,45904.18,47158.01,3075.12,4,16205.21,28027.58,62979.63,0.9122,2,0.5586,0,2
MFI_KE_003895,50,M,Murang'a,12,22,15,154608.2,110170.45,21538.26,6,68783.07,93408.51,422469.32,0.8702,18,0.4826,1,2
MFI_KE_003896,40,F,Nyeri,17,23,11,62606.59,57832.7,6379.5,2,55110.43,81766.76,106553.76,0.9968,7,0.738,0,2
MFI_KE_003897,45,F,Kiambu,23,77,65,632328.84,459561.13,102486.47,11,156042.52,257884.33,1933897.12,0.7765,2,0.5645,0,4
MFI_KE_003898,39,F,Bomet,7,23,26,34303.0,35958.13,13326.44,1,24718.38,35940.1,21570.02,0.8767,3,0.3953,0,2
MFI_KE_003899,59,F,Meru,54,10,5,68721.64,60928.57,18117.68,1,38581.05,53841.12,40470.81,0.9104,11,0.5047,0,3
MFI_KE_003900,32,F,Uasin Gishu,7,52,60,20447.21,15946.78,1606.46,8,1702.88,1918.97,14593.68,0.8104,1,0.9457,0,1
MFI_KE_003901,47,M,Meru,2,21,17,84283.47,73880.29,31256.13,1,29881.99,55784.56,28925.1,0.9495,9,0.6571,0,2
MFI_KE_003902,29,M,Bungoma,1,1,1,497.03,373.51,461.11,1,1599.49,2319.31,1865.89,0.705,21,0.7752,0,5
MFI_KE_003903,20,M,Nakuru,27,37,47,23383.86,23162.49,2369.63,6,2350.52,3027.19,13186.7,0.6708,1,0.887,1,1
MFI_KE_003904,26,M,Trans Nzoia,4,27,25,180209.94,174927.12,14030.52,2,38567.13,47721.63,82952.23,0.8261,15,0.7938,0,2
MFI_KE_003905,19,M,Homa Bay,25,37,38,7451.11,6552.04,566.05,9,1710.67,2428.48,14202.16,0.4974,0,0.6978,0,1
MFI_KE_003906,29,F,Kisumu,6,40,53,22676.57,18847.23,2257.08,5,1333.94,2081.25,6105.45,0.5404,0,0.7533,0,1
MFI_KE_003907,56,M,Machakos,2,1,4,2689.01,2704.4,1269.31,1,971.57,1444.74,1140.83,0.2923,85,0.7516,0,5
MFI_KE_003908,29,F,Mombasa,9,40,49,3864.01,3392.73,1714.27,8,4928.6,8143.64,43048.21,0.8062,1,0.8044,0,1
MFI_KE_003909,34,F,Nairobi,30,33,23,75851.79,56684.24,13157.64,4,38384.59,65143.0,159156.53,0.9873,7,0.6386,0,2
MFI_KE_003910,64,M,Homa Bay,3,8,10,30068.59,28661.17,2150.13,0,0.0,0.0,0.0,0.8275,19,0.7015,1,3
MFI_KE_003911,31,M,Kitui,3,6,5,29192.67,22310.85,7614.19,2,33015.51,46069.61,67823.2,0.8373,3,0.504,1,3
MFI_KE_003912,22,M,Kisumu,5,41,57,20634.15,20099.1,1793.98,9,2156.44,3077.83,16012.31,0.7495,0,0.8715,0,1
MFI_KE_003913,30,F,Kisumu,3,43,58,52032.79,38056.24,413.03,12,1299.72,2547.1,17331.26,0.9181,0,0.845,0,1
MFI_KE_003914,36,F,Migori,5,2,3,3459.27,2624.81,640.21,1,1534.2,3066.1,1548.58,0.4077,80,0.4387,0,5
MFI_KE_003915,26,F,Trans Nzoia,9,47,43,11825.14,9397.64,6489.89,13,524.31,600.19,6964.23,0.7294,0,0.8846,0,1
MFI_KE_003916,36,M,Uasin Gishu,1,1,5,3955.66,3171.55,492.02,0,0.0,0.0,0.0,1.0,71,0.7573,0,5
MFI_KE_003917,31,M,Laikipia,1,1,2,5895.54,5941.24,734.8,0,0.0,0.0,0.0,1.0,96,0.903,0,5
MFI_KE_003918,28,M,Garissa,11,4,8,55640.46,53641.07,12842.47,1,79675.29,132335.04,87419.99,0.9366,13,0.6289,0,3
MFI_KE_003919,38,M,Homa Bay,39,78,57,465712.63,351275.31,7308.24,5,62732.67,119542.52,279141.05,0.8544,1,0.6839,0,4
MFI_KE_003920,19,M,Nairobi,4,28,49,69554.62,56834.65,635.68,11,1296.52,1745.55,14633.05,0.3813,2,0.7254,0,1
MFI_KE_003921,25,F,Bomet,16,48,60,8773.77,7365.54,2414.43,4,2503.33,4253.73,8563.53,0.7846,5,0.976,0,1
MFI_KE_003922,27,F,Kiambu,4,45,39,15160.82,15718.22,392.23,11,1577.24,2516.75,18049.21,0.7648,1,0.9438,0,1
MFI_KE_003923,28,M,Nakuru,3,37,51,40296.13,33992.13,683.11,5,2657.23,3802.12,14682.01,0.6734,3,0.9201,0,1
MFI_KE_003924,48,F,Kisii,29,25,27,62122.7,59983.94,40456.76,3,37011.62,73740.95,103622.35,0.9819,4,0.7615,0,2
MFI_KE_003925,35,F,Kitui,3,41,46,19850.55,19199.03,5394.63,13,3550.7,6786.82,46712.29,0.564,3,0.5822,0,1
MFI_KE_003926,49,F,Nairobi,21,27,20,45500.73,40194.96,39298.92,4,22731.04,43695.85,93065.02,0.9698,13,0.7075,1,2
MFI_KE_003927,33,M,Kilifi,24,11,4,177109.94,173704.25,7289.78,1,30782.53,41102.54,28989.19,0.8291,5,0.0924,1,3
MFI_KE_003928,27,M,Mombasa,14,44,60,12656.68,11040.22,1671.32,7,1676.38,2371.51,11260.41,0.8035,0,0.9963,0,1
MFI_KE_003929,31,F,Kakamega,4,1,3,1342.67,1381.48,4054.4,2,1023.36,1856.98,1736.11,0.8725,37,0.7622,0,5
MFI_KE_003930,48,F,Kakamega,2,24,20,50147.8,42741.33,14347.11,0,0.0,0.0,0.0,0.9629,13,0.6414,0,2
MFI_KE_003931,20,F,Kisumu,14,45,56,32778.43,25211.2,1684.52,5,927.97,1028.76,4255.7,0.8783,0,0.9845,0,1
MFI_KE_003932,19,M,Laikipia,1,1,0,2349.66,2393.02,1152.13,0,0.0,0.0,0.0,1.0,32,0.5539,0,5
MFI_KE_003933,23,F,Uasin Gishu,4,36,58,25998.79,18306.57,258.72,7,4082.15,4965.83,33695.53,0.896,0,0.7449,0,1
MFI_KE_003934,34,F,Garissa,17,6,3,238576.84,230910.2,21048.3,1,73404.18,97602.28,79460.77,0.6684,1,0.8759,1,3
MFI_KE_003935,27,F,Meru,1,0,3,2493.26,2531.1,531.23,0,0.0,0.0,0.0,1.0,12,0.5591,0,5
MFI_KE_003936,29,F,Nakuru,23,44,67,17524.6,18067.43,4378.03,8,2526.3,4191.97,21935.04,0.7067,0,0.9057,0,1
MFI_KE_003937,35,F,Nairobi,8,29,20,54699.45,49523.84,28712.28,2,25798.91,32862.1,44458.32,0.9818,9,0.3628,1,2
MFI_KE_003938,25,F,Nakuru,31,26,15,46173.85,40960.8,13972.66,4,34379.6,36979.89,112415.18,0.983,28,0.723,0,2
MFI_KE_003939,33,F,Uasin Gishu,6,97,59,320711.49,312701.95,82467.03,5,131943.78,260378.97,560382.9,0.6691,2,0.6251,1,4
MFI_KE_003940,42,F,Bomet,13,83,70,474906.86,344089.28,18482.69,5,125416.95,126864.39,551695.12,0.7488,2,0.529,1,4
MFI_KE_003941,24,M,Nakuru,3,32,48,10715.16,9518.07,4071.8,9,3188.29,6233.76,26302.75,0.615,0,0.9758,0,1
MFI_KE_003942,23,M,Kisii,18,70,78,390841.62,363922.15,24971.45,3,106196.32,107417.67,279362.09,0.8338,1,0.6335,1,4
MFI_KE_003943,43,F,Bungoma,4,2,4,7967.64,7045.42,517.65,0,0.0,0.0,0.0,1.0,26,0.8705,0,5
MFI_KE_003944,48,M,Kericho,36,12,2,97766.91,87651.96,3684.75,1,68538.84,69675.36,61144.37,0.8506,4,0.8245,1,3
MFI_KE_003945,39,M,Laikipia,30,82,71,649504.04,608444.57,40948.17,8,261011.97,408214.56,2411734.02,0.8963,3,0.4601,0,4
MFI_KE_003946,44,M,Uasin Gishu,46,85,75,827130.24,789160.17,38486.84,8,192628.24,263400.36,1810648.1,0.8286,0,0.196,0,4
MFI_KE_003947,30,F,Nairobi,38,32,45,12146.14,8728.47,1907.12,8,2444.81,3228.93,20740.04,0.7643,3,0.7555,0,1
MFI_KE_003948,36,F,Kitui,4,5,4,58173.18,55493.58,748.76,1,76912.07,95884.89,72694.43,0.8811,23,0.8762,1,3
MFI_KE_003949,56,F,Uasin Gishu,15,82,85,193417.6,194595.95,30412.17,7,395816.43,516372.11,3041304.72,0.8656,0,0.4262,1,4
MFI_KE_003950,59,M,Turkana,5,12,4,306311.06,290511.69,18623.75,1,136557.33,170563.4,113943.3,0.7178,3,0.488,1,3
MFI_KE_003951,30,M,Mombasa,8,40,59,10670.85,8717.17,1269.94,13,2692.96,4571.28,30597.54,0.4923,0,0.8976,0,1
MFI_KE_003952,18,F,Nairobi,2,1,3,3782.42,3866.11,2747.97,0,0.0,0.0,0.0,1.0,109,0.7644,0,5
MFI_KE_003953,22,M,Nyeri,2,10,7,56317.24,44171.91,14601.67,3,80656.02,143598.0,277102.46,0.9151,12,0.5569,0,3
MFI_KE_003954,36,M,Turkana,45,19,26,88782.55,83951.33,12768.74,2,53708.63,69904.07,89764.03,0.8838,1,0.7976,0,2
MFI_KE_003955,32,F,Nairobi,15,37,50,6578.82,6151.19,1665.35,13,3793.71,5315.4,56028.63,0.7439,5,0.8658,0,1
MFI_KE_003956,40,F,Kilifi,3,11,8,37398.66,28919.79,1063.41,1,102246.19,200291.07,106042.02,0.9105,4,0.3465,1,3
MFI_KE_003957,39,F,Migori,7,2,1,4274.65,4327.22,1654.38,2,2681.87,3867.4,4833.93,0.7492,19,0.5053,1,5
MFI_KE_003958,26,M,Migori,4,36,62,63394.68,56164.39,311.15,14,1238.36,1498.47,19947.61,0.2516,0,0.8454,0,1
MFI_KE_003959,46,M,Homa Bay,4,7,6,13154.74,9619.01,1445.24,1,63407.58,94004.62,65427.1,0.8486,3,0.5913,0,3
MFI_KE_003960,42,F,Mombasa,11,76,72,594176.55,468480.75,31020.08,2,182489.5,328516.05,306494.25,0.8528,2,0.4331,0,4
MFI_KE_003961,32,M,Kisumu,34,40,38,50213.53,38168.69,2212.69,12,2470.05,4367.73,32454.95,0.8331,5,0.9076,1,1
MFI_KE_003962,31,F,Garissa,13,8,5,8640.74,8894.09,42593.52,3,46372.78,88448.81,123999.62,0.8768,11,0.1494,1,3
MFI_KE_003963,59,M,Nyeri,69,10,4,58138.3,42141.31,8112.74,1,78492.63,145310.28,71788.44,0.927,3,0.5852,1,3
MFI_KE_003964,22,M,Murang'a,71,91,76,296778.91,214095.29,18601.74,6,415300.48,542606.24,2696287.67,0.9382,0,0.3189,0,4
MFI_KE_003965,56,F,Bungoma,2,14,10,14383.88,12999.33,17020.67,2,77309.21,84580.81,141347.62,0.5954,9,0.537,1,3
MFI_KE_003966,33,F,Kericho,104,94,69,361398.54,312676.65,16204.5,2,131282.25,235990.79,313700.42,0.7926,1,0.5469,0,4
MFI_KE_003967,37,F,Nyeri,54,33,19,56106.55,42431.15,21157.03,5,44956.94,59941.0,237853.67,0.9772,4,0.6432,1,2
MFI_KE_003968,24,F,Kisumu,11,48,49,25093.37,23133.53,1188.27,8,3868.9,4306.06,36845.31,0.7276,0,0.8794,0,1
MFI_KE_003969,22,M,Nyeri,5,1,1,1918.92,1671.33,735.37,0,0.0,0.0,0.0,1.0,25,0.6749,0,5
MFI_KE_003970,37,F,Nyeri,2,2,4,908.3,648.36,1535.0,1,1713.28,3260.68,1391.25,0.7567,13,0.4252,1,5
MFI_KE_003971,23,F,Kisii,39,53,55,25945.91,22778.8,5304.0,7,2159.25,3467.87,13523.18,0.6455,1,0.7263,0,1
MFI_KE_003972,44,M,Nakuru,2,34,16,131658.69,107044.36,1654.62,6,47640.26,68039.38,277030.31,0.8343,4,0.4515,0,2
MFI_KE_003973,27,F,Nairobi,3,39,47,25383.33,18226.91,3065.96,8,1166.97,1995.68,8877.7,0.5463,1,0.9833,0,1
MFI_KE_003974,49,M,Bomet,15,85,64,327296.57,236213.85,15911.27,3,426207.3,628552.44,1532611.16,0.8875,0,0.8252,0,4
MFI_KE_003975,52,M,Bungoma,21,75,84,331006.34,232126.0,53425.85,4,113714.57,141496.73,417356.51,0.8279,2,0.4278,1,4
MFI_KE_003976,27,F,Bomet,15,4,3,2916.36,2842.92,139.4,0,0.0,0.0,0.0,1.0,13,0.7086,0,5
MFI_KE_003977,45,F,Nakuru,22,26,19,68854.94,53977.63,27167.47,0,0.0,0.0,0.0,0.9377,11,0.6217,0,2
MFI_KE_003978,31,M,Bomet,5,10,1,104448.96,79648.54,15691.95,5,47260.14,58922.15,221104.49,0.4179,28,0.4206,1,3
MFI_KE_003979,36,F,Kisii,12,9,9,207758.76,176725.17,12645.04,1,58328.17,79973.05,48427.99,0.6914,7,0.408,0,3
MFI_KE_003980,40,M,Bomet,8,89,62,656852.23,585057.09,67996.32,9,124306.76,212940.8,1302672.77,0.9179,0,0.4443,1,4
MFI_KE_003981,41,M,Homa Bay,2,5,9,146035.33,135532.53,5240.98,1,67113.52,68981.52,56153.03,0.7853,5,0.3833,1,3
MFI_KE_003982,47,F,Migori,43,92,62,382229.9,284791.69,11486.79,1,67795.55,73428.28,56489.32,0.7109,2,0.5168,0,4
MFI_KE_003983,43,F,Nairobi,1,4,5,1662.54,1621.48,456.6,0,0.0,0.0,0.0,1.0,61,0.7807,0,5
MFI_KE_003984,25,F,Mombasa,30,36,47,12700.45,11150.83,1018.45,7,2367.59,3143.91,16065.84,0.3902,0,0.9244,0,1
MFI_KE_003985,39,F,Nairobi,22,20,20,71016.31,60496.55,13413.38,4,116851.41,130777.95,382911.48,0.9793,14,0.6635,0,2
MFI_KE_003986,48,F,Kakamega,19,6,6,179732.79,183384.0,5500.73,3,63729.67,64283.54,226491.22,0.9025,14,0.3196,1,3
MFI_KE_003987,54,M,Nyeri,7,2,4,1879.05,1427.42,315.31,0,0.0,0.0,0.0,1.0,102,0.2561,1,5
MFI_KE_003988,23,F,Mombasa,11,32,62,4568.35,3536.08,1985.41,11,2743.39,3334.72,28087.35,0.3638,6,0.9201,0,1
MFI_KE_003989,32,F,Mombasa,4,52,42,21046.6,16730.47,1025.79,5,1099.96,1811.03,6009.04,0.7171,5,0.9356,0,1
MFI_KE_003990,28,F,Turkana,31,31,26,51583.94,36819.13,28347.01,2,16752.65,24229.22,28628.52,0.9972,19,0.7856,1,2
MFI_KE_003991,28,M,Kisumu,20,90,49,571122.84,480511.43,8844.79,7,99218.8,111466.53,659382.81,0.8734,7,0.7315,1,4
MFI_KE_003992,47,F,Kitui,55,9,4,48357.26,34646.19,1536.75,1,45837.89,54985.27,47957.15,0.8731,16,0.1513,1,3
MFI_KE_003993,46,F,Kilifi,22,25,18,169963.62,146794.29,41587.02,1,39792.93,70129.49,46570.76,0.9745,6,0.3789,0,2
MFI_KE_003994,23,F,Mombasa,46,46,44,21285.94,18117.94,3803.12,8,2059.95,4063.77,15216.98,0.8802,0,0.8388,0,1
MFI_KE_003995,27,F,Meru,3,38,56,5398.56,3934.6,8269.55,8,2614.05,4815.82,23326.9,0.8907,9,0.8313,0,1
MFI_KE_003996,47,F,Kiambu,10,89,80,103618.16,95525.16,84474.98,2,159154.19,179407.62,375208.42,0.7244,0,0.6284,0,4
MFI_KE_003997,50,M,Kilifi,2,1,2,6369.17,6246.27,1025.13,0,0.0,0.0,0.0,1.0,65,0.4752,0,5
MFI_KE_003998,47,M,Turkana,9,8,9,210594.99,155928.19,1545.26,1,35431.61,51758.65,40232.34,0.7127,2,0.3687,1,3
MFI_KE_003999,18,M,Kiambu,5,48,40,20034.18,18349.48,3633.08,8,1815.66,2436.62,12561.69,0.667,1,0.7946,0,1
MFI_KE_004000,33,M,Nakuru,4,32,53,8960.49,6324.98,1490.77,10,1426.13,2765.22,11609.97,0.7307,0,0.8657,0,1
MFI_KE_004001,21,F,Uasin Gishu,17,37,47,28181.46,20064.54,329.8,8,2686.88,3389.65,20882.81,0.9035,1,0.9308,0,1
MFI_KE_004002,22,F,Kakamega,10,101,81,140309.31,117230.36,18839.26,6,402675.71,701368.1,2710984.15,0.8279,2,0.6174,0,4
MFI_KE_004003,21,M,Kisumu,15,35,61,26691.25,25100.43,1294.73,8,2756.65,3566.1,21177.6,0.9273,2,0.9526,0,1
MFI_KE_004004,18,F,Kilifi,5,1,2,2581.84,2648.97,415.64,0,0.0,0.0,0.0,1.0,51,0.5217,0,5
MFI_KE_004005,30,M,Nairobi,1,0,4,1269.49,1035.08,1199.42,1,1904.29,3655.93,1549.99,0.3112,36,0.4705,0,5
MFI_KE_004006,53,F,Kilifi,11,76,66,633923.66,644301.09,18376.37,3,183516.54,354491.18,525409.71,0.8911,0,0.461,1,4
MFI_KE_004007,48,M,Kericho,19,31,24,79660.26,66184.8,9387.44,2,50016.34,58009.6,96550.17,0.9488,14,0.6841,0,2
MFI_KE_004008,18,F,Murang'a,2,2,1,2116.98,1533.95,1204.01,0,0.0,0.0,0.0,1.0,240,0.5646,0,5
MFI_KE_004009,46,M,Nyeri,7,82,59,296424.76,249661.87,9842.23,1,164139.55,253068.6,155188.71,0.8719,2,0.4578,0,4
MFI_KE_004010,42,F,Nyeri,6,18,20,86173.78,67491.02,1129.83,3,39144.41,61628.72,124962.88,0.8829,8,0.3496,0,2
MFI_KE_004011,59,F,Kisii,98,5,8,44495.68,32859.3,4492.1,4,55018.04,92427.4,219127.62,0.7121,1,0.4443,1,3
MFI_KE_004012,29,M,Bungoma,36,12,10,244328.94,173310.73,15159.35,1,49248.19,61755.16,57659.84,0.8707,3,0.3735,0,3
MFI_KE_004013,41,F,Uasin Gishu,25,19,22,66506.9,49029.9,10558.66,2,11422.41,20848.7,22066.54,0.9924,24,0.4298,1,2
MFI_KE_004014,36,F,Kiambu,29,22,21,37894.41,29353.09,9900.2,4,35284.14,35304.81,126769.43,0.8516,2,0.782,0,2
MFI_KE_004015,42,M,Bomet,13,83,53,336518.79,305074.98,201259.75,2,173495.82,292688.6,282698.34,0.7835,0,0.5664,0,4
MFI_KE_004016,37,F,Machakos,5,4,3,5610.66,5051.84,287.08,0,0.0,0.0,0.0,1.0,27,0.6199,0,5
MFI_KE_004017,27,F,Kilifi,49,76,86,129482.66,93045.73,133782.73,4,34236.66,59448.06,117936.7,0.6178,4,0.7327,1,4
MFI_KE_004018,34,M,Migori,69,27,29,67085.72,69758.09,22987.91,6,24455.93,36772.99,168309.56,0.9574,5,0.7718,1,2
MFI_KE_004019,30,F,Migori,6,67,73,671488.4,567249.47,59279.74,5,316932.91,541686.26,1884587.28,0.8022,0,0.4448,1,4
MFI_KE_004020,22,F,Nyeri,9,19,21,64545.57,48021.06,25912.15,3,35977.57,61945.06,94947.59,0.9378,2,0.5696,0,2
MFI_KE_004021,42,M,Nakuru,25,21,32,68353.21,56798.07,2835.81,3,31047.17,42679.78,108518.51,0.9109,19,0.5759,0,2
MFI_KE_004022,56,M,Homa Bay,15,11,7,13937.31,10115.04,2451.99,2,57194.37,82924.93,127769.94,0.7949,4,0.6076,1,3
MFI_KE_004023,28,M,Bomet,50,28,25,46229.06,41231.87,46646.66,3,7292.48,9038.78,19865.61,0.9896,19,0.7264,0,2
MFI_KE_004024,38,F,Nyeri,2,0,4,3139.52,2262.42,94.47,0,0.0,0.0,0.0,1.0,53,0.7475,0,5
MFI_KE_004025,27,F,Turkana,35,41,55,3467.02,3322.19,1935.89,13,1737.94,3076.03,19839.13,0.8103,0,0.8565,0,1
MFI_KE_004026,32,F,Trans Nzoia,6,26,19,28230.23,25849.83,24689.33,5,38532.33,44056.45,157120.9,0.9826,6,0.3587,1,2
MFI_KE_004027,31,F,Trans Nzoia,49,25,21,106378.09,104767.46,11246.03,2,39081.12,39475.15,81257.73,0.8689,18,0.9461,1,2
MFI_KE_004028,37,M,Meru,10,16,26,181971.76,143463.7,5199.6,5,21422.29,29224.47,128077.89,0.9819,7,0.6874,1,2
MFI_KE_004029,55,F,Machakos,4,5,3,940.72,893.74,70.24,0,0.0,0.0,0.0,1.0,51,0.4672,0,5
MFI_KE_004030,27,F,Murang'a,22,28,13,71871.3,63600.46,8716.07,2,31554.84,42698.6,70056.8,0.9106,7,0.5435,1,2
MFI_KE_004031,40,M,Kakamega,1,2,1,7448.13,7058.63,364.41,1,1837.12,2655.69,1815.43,0.6529,232,0.4721,0,5
MFI_KE_004032,29,F,Nairobi,35,39,51,13946.37,9963.3,2830.04,10,1578.0,2864.64,18893.24,0.6703,9,0.952,0,1
MFI_KE_004033,43,F,Uasin Gishu,3,26,27,70709.14,70583.63,10263.91,4,35944.03,62680.47,119515.34,0.9942,9,0.6699,0,2
MFI_KE_004034,34,F,Nyeri,15,78,65,1241363.28,1276760.37,52684.16,9,253837.16,428494.15,2686078.25,0.6328,1,0.2763,0,4
MFI_KE_004035,35,F,Mombasa,1,2,1,7359.67,7548.48,265.96,0,0.0,0.0,0.0,1.0,50,0.7902,0,5
MFI_KE_004036,44,M,Bomet,5,80,63,602804.21,604983.0,166130.1,4,214933.8,346723.82,890257.48,0.8511,2,0.5624,1,4
MFI_KE_004037,26,F,Embu,11,41,44,7169.5,5624.62,2645.79,5,1655.77,2105.1,9291.79,0.8565,0,0.9766,0,1
MFI_KE_004038,31,M,Nairobi,24,47,54,90082.59,91851.26,3302.36,10,2097.58,2307.74,21681.95,0.6424,0,0.8427,0,1
MFI_KE_004039,26,M,Mombasa,2,31,52,7851.38,7879.89,1908.67,9,2263.5,4438.51,21228.22,0.6524,3,0.9349,0,1
MFI_KE_004040,44,F,Bomet,2,25,19,87499.97,90330.43,3210.53,2,129631.28,195599.99,226008.25,0.8653,1,0.7721,0,2
MFI_KE_004041,42,F,Kisumu,1,4,2,5998.41,5368.29,2209.76,1,1665.72,2501.04,1895.64,0.0729,26,0.6125,0,5
MFI_KE_004042,22,F,Nakuru,14,46,71,9932.58,10235.91,5230.79,12,1977.02,3447.57,20373.97,0.3821,4,0.9156,0,1
MFI_KE_004043,35,F,Mombasa,2,24,17,82906.31,61584.25,23484.01,0,0.0,0.0,0.0,0.9806,5,0.6432,0,2
MFI_KE_004044,31,F,Kisumu,13,21,21,150275.35,136299.39,62606.39,2,54221.03,69865.68,90131.53,0.9866,15,0.4834,0,2
MFI_KE_004045,25,F,Nairobi,2,42,53,9036.41,9458.24,1191.53,7,1398.68,2333.68,8313.22,0.7677,0,0.8969,0,1
MFI_KE_004046,22,F,Nakuru,2,30,40,10122.52,7502.25,610.12,7,2069.26,2757.18,15459.27,0.4883,0,0.982,1,1
MFI_KE_004047,38,F,Kitui,1,1,2,833.46,744.55,154.09,0,0.0,0.0,0.0,1.0,86,0.5887,0,5
MFI_KE_004048,59,F,Nakuru,5,1,3,3295.03,2645.65,1332.05,0,0.0,0.0,0.0,1.0,92,0.8252,0,5
MFI_KE_004049,26,F,Migori,28,5,5,123420.68,108890.36,2775.15,2,86020.35,141800.72,161255.32,0.8314,4,0.4959,1,3
MFI_KE_004050,38,M,Turkana,1,4,4,3348.7,3211.24,224.01,1,1350.95,2160.29,1124.36,0.3474,65,0.6123,0,5
MFI_KE_004051,38,F,Machakos,64,24,21,53842.41,45442.35,21889.11,7,27337.8,48802.9,192882.66,0.9337,2,0.4443,0,2
MFI_KE_004052,44,F,Laikipia,1,1,0,1499.76,1507.4,843.94,0,0.0,0.0,0.0,1.0,48,0.882,0,5
MFI_KE_004053,24,F,Migori,9,44,44,19777.51,16000.48,948.6,13,1710.35,2980.66,19683.88,0.7024,4,0.9126,0,1
MFI_KE_004054,54,F,Kilifi,66,73,65,230961.22,181371.04,16846.6,1,196404.63,292862.53,190866.73,0.8204,1,0.3989,0,4
MFI_KE_004055,55,M,Trans Nzoia,18,5,8,32201.7,26412.15,1056.15,0,0.0,0.0,0.0,0.8369,29,0.4752,1,3
MFI_KE_004056,59,F,Meru,2,8,2,21965.3,18269.39,13870.97,3,87085.8,140210.81,242244.9,0.4353,10,0.4996,0,3
MFI_KE_004057,18,F,Turkana,9,1,2,4429.82,4503.29,549.27,0,0.0,0.0,0.0,1.0,23,0.8916,0,5
MFI_KE_004058,29,F,Homa Bay,15,4,5,28365.5,23344.46,199.16,0,0.0,0.0,0.0,1.0,54,0.4338,0,5
MFI_KE_004059,24,M,Bungoma,4,29,61,9833.83,9326.92,3586.2,10,1534.38,2975.18,16623.83,0.6832,1,0.93,0,1
MFI_KE_004060,22,M,Uasin Gishu,6,25,55,30217.39,24451.07,577.92,4,1307.04,1958.15,4933.18,0.8454,3,0.887,1,1
MFI_KE_004061,30,F,Migori,2,29,21,74737.02,78241.39,14365.27,1,76236.63,112992.22,64645.69,0.9942,24,0.764,0,2
MFI_KE_004062,32,M,Uasin Gishu,1,1,0,1303.02,1106.17,1374.94,2,1260.76,1508.9,2582.77,0.7273,198,0.6922,0,5
MFI_KE_004063,37,F,Migori,6,26,13,40375.46,30802.63,8705.86,1,29997.55,31029.48,29086.73,0.8944,3,0.5983,1,2
MFI_KE_004064,32,M,Kakamega,13,25,15,29922.91,26260.88,11825.51,2,22795.12,34636.5,48537.02,0.9782,2,0.8967,1,2
MFI_KE_004065,60,F,Kericho,10,9,6,31212.34,24951.68,5106.3,1,59800.67,96640.07,58133.43,0.6225,3,0.4718,1,3
MFI_KE_004066,37,F,Kericho,9,14,6,79386.04,81689.05,49202.7,3,71219.58,84726.74,251274.89,0.8141,1,0.4217,1,3
MFI_KE_004067,53,M,Migori,37,14,6,189596.86,195971.99,66829.85,1,67680.74,127137.54,57057.42,0.9195,12,0.7118,0,3
MFI_KE_004068,18,M,Mombasa,22,38,53,5907.81,5331.94,762.72,12,1406.09,2403.12,14239.14,0.4785,8,0.9404,0,1
MFI_KE_004069,24,F,Nakuru,20,47,41,14633.09,13103.84,2927.15,9,1686.92,3319.53,12350.65,0.5752,2,0.797,0,1
MFI_KE_004070,44,F,Garissa,4,10,8,313747.9,237027.57,348.36,3,50879.68,90564.42,157982.87,0.8062,3,0.6633,0,3
MFI_KE_004071,31,M,Meru,2,83,66,172956.76,128276.85,30081.26,4,47936.64,65017.23,203980.23,0.6413,1,0.6694,0,4
MFI_KE_004072,23,F,Kisumu,29,41,43,14628.15,13854.59,414.97,6,4325.95,6594.91,29707.33,0.7647,12,0.7876,0,1
MFI_KE_004073,28,F,Embu,9,98,66,648498.95,596848.7,15772.87,5,123079.16,125029.09,511672.41,0.9342,1,0.8861,0,4
MFI_KE_004074,37,M,Kilifi,9,33,22,121847.61,91573.45,4696.9,2,75256.69,126527.51,123155.87,0.9243,7,0.7681,0,2
MFI_KE_004075,29,M,Uasin Gishu,21,43,42,3577.42,3685.18,3524.04,6,2123.17,3007.14,15053.81,0.8122,1,0.6299,0,1
MFI_KE_004076,34,F,Nakuru,6,50,44,7736.82,7898.25,3279.8,4,716.78,1114.73,2369.15,0.4598,3,0.9669,0,1
MFI_KE_004077,24,M,Nakuru,11,48,53,11148.42,8948.42,1566.84,6,1766.18,2941.0,9857.21,0.463,1,0.7674,0,1
MFI_KE_004078,42,F,Bungoma,47,69,68,451849.74,419251.17,148795.53,4,226440.35,383901.56,831379.55,0.8105,0,0.4684,0,4
MFI_KE_004079,22,F,Kisii,1,2,4,4282.68,3948.87,1434.48,1,2133.43,3146.32,2165.51,0.2931,18,0.4809,0,5
MFI_KE_004080,35,M,Mombasa,14,30,14,66315.36,61145.86,4095.23,3,105400.09,159353.2,265485.32,0.9946,1,0.6648,0,2
MFI_KE_004081,23,M,Uasin Gishu,7,30,46,6796.25,5312.36,2157.59,5,1626.66,1857.75,8249.04,0.7427,3,0.8903,0,1
MFI_KE_004082,32,M,Bungoma,4,59,67,217191.71,187435.36,36786.09,7,49127.43,86266.86,372412.8,0.8491,1,0.511,0,4
MFI_KE_004083,47,M,Nyeri,19,11,8,23650.59,19968.76,2242.87,2,64970.66,66126.92,114330.45,0.5672,9,0.6277,0,3
MFI_KE_004084,29,M,Nyeri,27,83,78,91641.32,65888.28,45189.99,7,203432.09,248286.46,1604185.77,0.9404,5,0.5355,1,4
MFI_KE_004085,36,M,Nairobi,42,35,54,16108.28,12096.67,1532.58,14,2412.4,4011.29,31588.49,0.9031,3,0.853,0,1
MFI_KE_004086,40,M,Garissa,57,29,14,266090.71,250337.08,16793.2,1,67040.45,91896.09,60037.39,0.9835,5,0.606,0,2
MFI_KE_004087,28,F,Kakamega,26,15,24,73900.35,77302.69,33463.17,5,81433.39,124531.08,387268.64,0.9914,3,0.4352,0,2
MFI_KE_004088,41,M,Bomet,2,22,22,64923.65,47944.47,11462.18,2,26116.29,31937.58,58042.29,0.9991,2,0.7659,0,2
MFI_KE_004089,26,F,Meru,34,69,61,85328.57,71470.35,54198.52,6,240457.71,316654.95,1166097.62,0.9481,1,0.5974,0,4
MFI_KE_004090,45,M,Kiambu,12,77,73,68671.52,63907.84,16955.47,7,225884.86,276623.61,1762289.77,0.7815,2,0.2993,0,4
MFI_KE_004091,34,F,Migori,4,16,14,58757.69,55853.18,54168.3,3,26285.52,40852.74,67354.18,0.9893,1,0.439,1,2
MFI_KE_004092,25,M,Uasin Gishu,8,45,50,3485.23,3300.45,6338.47,5,1835.35,2370.29,10143.24,0.7993,5,0.9072,0,1
MFI_KE_004093,29,F,Kiambu,1,3,4,12783.97,12006.01,194.28,0,0.0,0.0,0.0,1.0,42,0.781,0,5
MFI_KE_004094,25,M,Kisumu,26,31,51,48928.35,34934.15,2887.76,7,4219.69,8058.58,25167.9,0.7449,0,0.9946,0,1
MFI_KE_004095,31,F,Mombasa,21,29,63,3027.96,3024.43,481.07,9,1293.75,2570.45,12435.77,0.7319,1,0.8659,0,1
MFI_KE_004096,24,F,Kitui,29,43,61,7970.78,8351.43,8306.53,8,1827.23,2197.48,15914.69,0.7259,1,0.7528,0,1
MFI_KE_004097,26,F,Kisumu,3,33,60,7591.6,7802.39,2609.62,9,1186.95,1564.7,9972.31,0.7114,0,0.5659,1,1
MFI_KE_004098,22,F,Mombasa,6,43,51,15120.07,11442.4,850.67,9,1396.75,2025.59,11003.94,0.7444,1,0.8771,0,1
MFI_KE_004099,30,M,Bungoma,87,10,6,12186.53,11095.77,545.22,2,41071.17,58891.57,71011.79,0.7264,3,0.2882,1,3
MFI_KE_004100,38,F,Laikipia,13,26,15,154940.47,141994.35,44243.72,1,51533.5,102480.62,41941.5,0.86,30,0.8869,0,2
MFI_KE_004101,39,M,Trans Nzoia,11,11,4,26554.56,22978.39,14939.54,3,46931.67,77885.98,122747.98,0.5158,4,0.3031,1,3
MFI_KE_004102,22,F,Nakuru,11,92,63,704562.56,577435.08,10106.69,2,127996.8,168872.08,225566.7,0.8598,3,0.4448,0,4
MFI_KE_004103,46,F,Uasin Gishu,88,26,14,55196.71,49325.24,5451.13,2,18791.13,36015.35,44354.45,0.9325,17,0.5135,1,2
MFI_KE_004104,18,M,Kericho,3,0,5,1123.27,1043.83,918.48,0,0.0,0.0,0.0,1.0,37,0.773,0,5
MFI_KE_004105,31,F,Nairobi,7,18,29,119877.65,106576.09,14289.49,0,0.0,0.0,0.0,0.9785,1,0.3926,0,2
MFI_KE_004106,21,F,Migori,3,0,4,496.89,378.02,487.39,0,0.0,0.0,0.0,1.0,344,0.7968,0,5
MFI_KE_004107,26,F,Nakuru,4,36,45,13841.75,13678.85,4613.51,8,3144.12,4859.48,26022.53,0.6534,0,0.9227,0,1
MFI_KE_004108,34,F,Kisii,30,71,67,86297.32,86407.53,40618.73,4,175486.32,233730.66,794949.44,0.8418,2,0.5605,0,4
MFI_KE_004109,45,F,Garissa,5,7,4,34513.37,35883.56,21399.41,0,0.0,0.0,0.0,0.7827,11,0.5885,1,3
MFI_KE_004110,25,M,Nakuru,9,46,65,27134.66,26539.37,1305.86,11,1654.94,2887.46,20183.33,0.7603,1,0.9719,0,1
MFI_KE_004111,55,F,Bungoma,71,7,5,160463.79,165775.6,24652.84,2,50742.54,62885.15,99311.15,0.7859,15,0.4814,1,3
MFI_KE_004112,39,M,Uasin Gishu,33,19,25,147121.15,134821.1,13804.07,6,67166.38,121681.3,439352.22,0.9984,4,0.6815,0,2
MFI_KE_004113,37,M,Bungoma,54,72,62,291834.08,218414.1,33689.07,6,131295.5,246706.47,852006.14,0.6619,3,0.348,1,4
MFI_KE_004114,27,F,Nairobi,29,49,42,4601.71,4783.43,5770.15,6,3296.48,5161.03,21616.33,0.503,1,0.9228,0,1
MFI_KE_004115,32,F,Migori,34,26,20,202853.12,170783.06,9530.63,0,0.0,0.0,0.0,0.898,6,0.7442,0,2
MFI_KE_004116,45,F,Nakuru,10,19,28,110745.29,87624.49,66030.57,8,23482.71,30302.92,179958.66,0.9616,32,0.5679,0,2
MFI_KE_004117,23,M,Kitui,1,4,3,4745.4,4492.12,63.37,1,1069.24,1219.85,883.31,0.5179,103,0.4984,0,5
MFI_KE_004118,47,M,Migori,17,73,60,180385.82,182751.01,38435.56,3,216226.98,367606.41,760504.57,0.5845,1,0.5373,1,4
MFI_KE_004119,27,F,Uasin Gishu,7,42,40,49064.78,44003.56,669.33,2,2111.33,2230.0,3435.09,0.7891,4,0.7887,1,1
MFI_KE_004120,23,F,Uasin Gishu,14,56,50,16395.88,14788.15,1256.52,10,2453.5,3107.44,27115.36,0.7112,4,0.7318,0,1
MFI_KE_004121,32,F,Uasin Gishu,47,45,60,14407.78,13813.12,2990.15,10,1070.04,1994.46,11951.92,0.4889,0,0.7934,0,1
MFI_KE_004122,32,M,Laikipia,19,27,24,75897.08,69509.77,24349.07,2,36849.67,47392.19,76943.92,0.8932,1,0.2727,0,2
MFI_KE_004123,23,F,Uasin Gishu,11,39,31,7118.3,6902.83,2163.96,7,3052.59,5375.37,23885.92,0.3921,3,0.9321,1,1
MFI_KE_004124,49,M,Turkana,54,32,15,81011.42,64344.9,11252.97,4,28416.48,50028.58,117446.46,0.9355,12,0.6452,0,2
MFI_KE_004125,47,M,Trans Nzoia,7,13,20,101529.06,106264.1,9863.99,3,45833.0,54090.23,161656.33,0.9815,1,0.6834,0,2
MFI_KE_004126,53,F,Nyeri,9,12,2,36236.05,35891.06,42813.4,0,0.0,0.0,0.0,0.6601,6,0.3179,1,3
MFI_KE_004127,25,M,Embu,33,28,15,62905.81,58672.57,9429.48,2,34435.59,47090.67,67537.52,0.9529,2,0.8134,0,2
MFI_KE_004128,26,F,Nairobi,8,29,25,65397.27,65224.49,2185.71,3,21646.01,42943.63,52861.31,0.8557,5,0.4652,1,2
MFI_KE_004129,37,M,Murang'a,18,8,10,10352.97,10201.3,5321.9,1,72562.2,87647.83,58485.38,0.8408,10,0.5095,1,3
MFI_KE_004130,42,F,Kakamega,5,25,17,48722.4,47089.18,3702.29,4,22061.96,28093.22,90559.74,0.9891,14,0.72,0,2
MFI_KE_004131,44,M,Nyeri,33,26,21,51893.57,46033.86,11577.33,2,31716.93,61317.11,55441.28,0.8417,9,0.8128,0,2
MFI_KE_004132,26,M,Kiambu,33,39,48,15127.07,12392.79,3245.26,12,2359.14,2668.62,26996.48,0.7416,0,0.8912,0,1
MFI_KE_004133,53,M,Kakamega,27,74,63,351946.71,353123.32,34596.57,11,80130.22,132091.12,805577.06,0.7526,0,0.4872,0,4
MFI_KE_004134,28,M,Meru,15,91,64,235031.79,213518.64,29476.49,3,80467.72,99060.66,215488.54,0.9276,2,0.6192,1,4
MFI_KE_004135,39,F,Kitui,21,71,75,122029.58,127566.12,29690.31,4,299170.37,546801.92,1136943.34,0.8357,1,0.4013,0,4
MFI_KE_004136,56,F,Migori,29,19,19,107261.12,110354.06,20944.26,2,49238.49,87993.93,107848.95,0.9952,18,0.8248,1,2
MFI_KE_004137,39,M,Meru,2,25,18,51960.22,37830.36,10872.8,4,24971.15,27097.17,106338.7,0.9732,22,0.6506,1,2
MFI_KE_004138,39,F,Kilifi,55,18,25,215549.78,214211.61,12028.78,3,62612.23,75283.52,165323.0,0.9876,5,0.6494,0,2
MFI_KE_004139,28,F,Kilifi,3,6,8,157121.02,126537.73,14814.07,2,67201.08,96977.27,122786.27,0.9017,12,0.4266,1,3
MFI_KE_004140,23,F,Homa Bay,2,43,34,40501.24,39494.17,616.76,11,2192.85,3113.0,21723.65,0.7851,2,0.7776,0,1
MFI_KE_004141,27,F,Trans Nzoia,9,24,16,44205.81,44215.44,11711.46,2,36046.42,58690.34,70913.18,0.9977,7,0.6608,1,2
MFI_KE_004142,22,F,Nakuru,25,38,47,27034.9,27221.2,2519.57,13,782.65,1238.18,12107.2,0.8289,0,0.7306,1,1
MFI_KE_004143,37,M,Meru,4,23,24,20308.34,19509.27,10752.84,1,47374.1,60294.34,48346.63,0.9535,2,0.5934,0,2
MFI_KE_004144,37,F,Murang'a,3,11,6,157698.75,160778.49,4595.21,5,129929.77,132783.25,575032.91,0.864,14,0.4502,0,3
MFI_KE_004145,32,F,Kisumu,7,23,19,159273.85,112333.85,31024.01,6,13286.71,17275.73,73711.62,0.9608,3,0.7772,0,2
MFI_KE_004146,56,F,Garissa,43,70,68,291664.82,302560.56,69988.48,4,202319.28,388471.57,727649.97,0.991,1,0.5826,0,4
MFI_KE_004147,56,M,Nyeri,5,26,19,107394.89,77703.0,12728.48,0,0.0,0.0,0.0,0.9633,1,0.456,0,2
MFI_KE_004148,49,M,Migori,7,9,6,16958.85,14223.35,4144.17,3,42983.35,44570.85,127349.64,0.9067,1,0.6299,1,3
MFI_KE_004149,26,F,Kiambu,38,41,43,18547.23,18462.31,2205.15,2,1070.99,1979.78,2082.95,0.653,1,0.7219,0,1
MFI_KE_004150,37,F,Bungoma,4,21,19,85914.31,71835.8,4983.41,3,57295.6,72133.34,191526.4,0.9917,4,0.5254,1,2
MFI_KE_004151,28,F,Laikipia,32,5,8,20830.0,18517.93,7559.52,2,49338.2,70511.76,96651.17,0.9339,5,0.5387,1,3
MFI_KE_004152,22,M,Nakuru,27,39,46,6041.6,5899.96,5831.14,9,525.2,969.95,4295.56,0.7949,1,0.955,0,1
MFI_KE_004153,30,M,Kakamega,5,39,53,17461.26,13498.77,1177.51,14,3309.54,5551.44,42079.73,0.8222,0,0.8218,0,1
MFI_KE_004154,44,F,Kericho,4,20,20,48061.09,34232.43,10578.53,2,49013.78,81775.95,111846.37,0.9014,10,0.7783,0,2
MFI_KE_004155,18,F,Kiambu,11,28,47,27249.56,20248.51,1148.12,4,738.51,1013.67,3154.04,0.3227,4,0.8194,0,1
MFI_KE_004156,18,F,Nakuru,6,53,49,7326.01,5303.93,4790.5,7,7593.35,11334.71,61329.71,0.8863,7,0.7645,0,1
MFI_KE_004157,22,M,Garissa,11,4,3,4109.24,4234.23,573.18,0,0.0,0.0,0.0,1.0,35,0.6633,0,5
MFI_KE_004158,20,M,Uasin Gishu,11,37,47,23623.23,18473.61,1302.34,11,1043.83,1781.01,11657.16,0.761,0,0.5828,0,1
MFI_KE_004159,37,M,Kericho,20,6,6,20245.43,15893.83,11463.7,3,100564.4,110439.18,319398.72,0.8648,5,0.5024,0,3
MFI_KE_004160,27,F,Nakuru,16,22,15,60206.8,61842.99,17334.99,2,35155.34,39772.71,78699.59,0.7759,2,0.6185,0,2
MFI_KE_004161,40,F,Meru,8,13,9,4342.95,3233.12,6341.85,4,120552.99,134841.17,560721.92,0.8697,18,0.7195,1,3
MFI_KE_004162,43,F,Kitui,1,1,3,764.21,623.93,1091.12,1,2403.07,4076.15,2125.73,0.1938,154,0.5296,0,5
MFI_KE_004163,18,M,Kisii,5,0,2,3128.98,2288.2,780.66,0,0.0,0.0,0.0,1.0,21,0.3837,0,5
MFI_KE_004164,37,M,Kiambu,18,88,67,636909.33,634326.7,21366.72,2,80360.56,124311.91,150979.68,0.8938,3,0.8079,0,4
MFI_KE_004165,27,F,Kilifi,37,21,16,55652.33,45839.87,11092.3,2,31521.14,45437.63,66519.42,0.9362,4,0.5984,0,2
MFI_KE_004166,20,M,Mombasa,7,35,53,26267.99,20880.32,1121.28,2,1303.13,2137.84,2311.78,0.7785,2,0.9509,0,1
MFI_KE_004167,43,M,Kisii,29,24,14,144860.8,109899.73,11116.94,2,21382.48,32884.99,34504.04,0.9931,15,0.6506,0,2
MFI_KE_004168,46,M,Kitui,2,2,2,1053.58,801.15,121.55,0,0.0,0.0,0.0,1.0,14,0.5539,0,5
MFI_KE_004169,38,M,Kericho,16,5,7,62028.3,49182.29,33902.95,2,77296.02,133231.18,147691.95,0.6124,1,0.0258,0,3
MFI_KE_004170,22,M,Uasin Gishu,6,37,50,17163.16,15902.29,2304.04,4,1743.79,2740.73,7222.32,0.7732,0,0.7031,0,1
MFI_KE_004171,36,F,Garissa,19,23,15,110376.3,86975.33,37907.41,2,36409.21,50517.21,73255.54,0.8668,3,0.4017,0,2
MFI_KE_004172,31,F,Kisumu,22,42,58,6825.44,6101.34,792.19,5,876.81,1015.15,3990.44,0.3709,1,0.9792,0,1
MFI_KE_004173,23,M,Bungoma,15,71,68,861057.48,609515.55,88034.61,2,112901.64,219011.03,236007.98,0.8721,0,0.5105,0,4
MFI_KE_004174,32,M,Nairobi,35,32,39,7881.27,7369.81,3853.59,12,2649.32,4905.85,30557.9,0.5704,0,0.7335,0,1
MFI_KE_004175,39,F,Bungoma,1,2,2,1145.99,887.32,183.04,1,934.31,1794.58,804.07,0.4516,23,0.4973,1,5
MFI_KE_004176,32,F,Murang'a,3,1,1,2822.5,2418.0,279.64,0,0.0,0.0,0.0,1.0,19,0.5087,0,5
MFI_KE_004177,28,M,Kitui,38,32,27,79322.14,64701.69,6278.14,4,56365.71,111529.13,184217.11,0.9241,26,0.8796,1,2
MFI_KE_004178,54,M,Kitui,16,74,72,622931.6,580219.03,117350.15,5,33833.2,50510.2,196933.35,0.6459,0,0.6105,0,4
MFI_KE_004179,18,M,Kisumu,10,2,3,6349.74,5030.61,476.52,0,0.0,0.0,0.0,1.0,38,0.7356,0,5
MFI_KE_004180,42,M,Laikipia,2,79,77,215776.76,153769.34,49843.72,6,71575.44,123191.3,366173.72,0.8953,2,0.3777,0,4
MFI_KE_004181,42,M,Trans Nzoia,8,22,19,60054.98,51146.41,16893.28,7,35250.48,66239.54,213215.16,0.8938,5,0.5599,0,2
MFI_KE_004182,42,M,Machakos,23,69,55,271440.87,249566.21,82183.99,7,128422.81,192618.51,972100.65,0.9829,7,0.4317,0,4
MFI_KE_004183,18,M,Kiambu,15,33,57,8928.24,8744.38,1782.82,7,1269.77,1403.98,9693.61,0.5161,2,0.8757,0,1
MFI_KE_004184,28,F,Kitui,3,18,14,88568.84,62799.15,12460.72,4,42436.65,55976.6,179202.83,0.9919,4,0.7263,0,2
MFI_KE_004185,29,M,Kericho,2,3,2,2401.0,2187.88,782.52,0,0.0,0.0,0.0,1.0,220,0.3584,0,5
MFI_KE_004186,38,M,Homa Bay,7,26,10,98754.9,98119.8,16660.61,5,24568.07,44670.78,116816.89,0.852,1,0.823,0,2
MFI_KE_004187,19,M,Nakuru,22,49,43,9163.24,8167.07,2200.33,9,2676.49,4655.07,25973.83,0.8248,1,0.9271,0,1
MFI_KE_004188,51,F,Migori,45,10,5,85764.16,86974.38,7895.19,1,99183.27,168698.19,116921.44,0.7382,1,0.4265,1,3
MFI_KE_004189,24,F,Uasin Gishu,11,38,56,28088.38,24809.76,382.52,6,3236.48,4752.88,18073.46,0.5773,3,0.8909,0,1
MFI_KE_004190,25,F,Nairobi,19,42,43,6165.6,5571.41,661.4,5,1546.96,1940.81,7945.35,0.9698,5,0.9531,0,1
MFI_KE_004191,40,M,Garissa,3,31,24,95318.91,92093.47,9548.81,2,26729.55,42400.17,56904.0,0.8934,3,0.6612,0,2
MFI_KE_004192,28,F,Garissa,16,28,23,55622.59,41482.2,34423.19,1,31738.5,46299.03,30216.07,0.9207,1,0.492,0,2
MFI_KE_004193,27,F,Kiambu,26,51,41,7223.34,6616.15,519.06,7,2724.72,4651.33,18598.21,0.6566,0,0.7482,1,1
MFI_KE_004194,50,F,Kitui,9,25,21,107108.14,82846.15,7214.85,4,27498.63,41544.67,130942.95,0.8736,4,0.8389,0,2
MFI_KE_004195,31,F,Uasin Gishu,8,36,44,48139.77,48478.78,4620.53,10,938.11,1787.65,9082.32,0.523,3,0.8647,0,1
MFI_KE_004196,52,F,Laikipia,20,32,26,62520.96,63736.54,11545.57,3,46040.93,61031.8,134498.21,0.9571,17,0.7282,0,2
MFI_KE_004197,22,F,Nyeri,21,26,23,50700.29,41436.16,11513.47,4,64563.78,123884.43,294473.65,0.9575,18,0.3222,1,2
MFI_KE_004198,21,M,Nakuru,23,39,50,11299.9,11590.47,1093.36,9,3542.33,4791.69,35179.77,0.6183,0,0.8542,0,1
MFI_KE_004199,27,F,Kisumu,17,40,63,2686.82,2045.94,4432.66,7,2500.57,2563.19,18139.91,0.2331,6,0.8105,0,1
MFI_KE_004200,44,M,Garissa,52,5,8,51314.32,39615.42,9068.46,2,72336.55,99948.73,161916.19,0.419,6,0.6223,1,3
MFI_KE_004201,25,F,Garissa,10,30,55,14548.82,15272.65,86.08,5,3020.86,5505.58,15181.54,0.6852,0,0.8857,0,1
MFI_KE_004202,28,F,Nakuru,10,38,49,3635.26,2558.76,2664.44,5,1959.24,2596.86,10395.47,0.6218,2,0.8206,0,1
MFI_KE_004203,47,M,Embu,7,7,4,159920.58,131399.63,36426.81,7,58057.44,82013.75,344872.86,0.781,23,0.3934,1,3
MFI_KE_004204,22,F,Nairobi,16,53,49,17420.25,15246.97,1874.16,15,1987.55,3807.89,29660.85,0.7349,2,0.7204,0,1
MFI_KE_004205,36,F,Machakos,38,7,7,31378.2,24822.37,1329.62,2,47314.3,47693.3,87791.1,0.5746,6,0.4124,1,3
MFI_KE_004206,21,M,Nakuru,2,35,47,6165.29,4917.95,1051.46,7,2543.66,4630.1,18795.88,0.6738,0,0.9347,0,1
MFI_KE_004207,48,F,Kericho,37,23,12,34134.06,30058.19,9519.81,4,58378.64,102312.31,222831.73,0.9657,2,0.7793,1,2
MFI_KE_004208,39,M,Garissa,5,25,17,43285.46,30326.62,9419.23,3,30244.05,41530.52,80441.15,0.9115,8,0.7297,0,2
MFI_KE_004209,38,M,Bungoma,4,93,86,218012.34,220636.71,25064.52,3,208736.1,328918.5,603071.67,0.8654,0,0.6616,1,4
MFI_KE_004210,27,M,Kiambu,2,46,52,13515.46,9529.45,4743.71,10,5521.17,7421.86,65692.21,0.8293,4,0.891,0,1
MFI_KE_004211,31,M,Meru,8,5,2,1717.64,1548.69,5676.28,1,1689.09,2598.41,1995.86,0.6006,72,0.7807,0,5
MFI_KE_004212,31,F,Uasin Gishu,9,1,6,2369.2,1992.07,420.22,1,4935.32,7622.55,4614.48,0.4429,45,0.5818,0,5
MFI_KE_004213,28,M,Nakuru,4,39,53,43474.07,33118.76,4453.36,15,1750.74,2227.29,22157.22,0.6938,6,0.65,1,1
MFI_KE_004214,41,M,Nairobi,18,17,24,21730.92,18645.3,15263.72,0,0.0,0.0,0.0,0.9208,9,0.4128,0,2
MFI_KE_004215,45,M,Embu,1,2,4,2602.12,1942.01,795.69,1,605.99,994.82,661.06,0.3672,74,0.7906,0,5
MFI_KE_004216,63,M,Garissa,3,4,7,179620.49,150382.4,8945.62,1,34988.19,57565.49,35575.62,0.7909,9,0.2287,1,3
MFI_KE_004217,43,F,Nakuru,18,66,73,320284.4,232763.34,76233.48,6,196484.94,363949.86,1000250.83,0.8221,1,0.7691,1,4
MFI_KE_004218,35,F,Trans Nzoia,90,27,19,54368.53,39966.78,10442.35,6,53810.58,84313.71,295875.24,0.8852,14,0.5112,0,2
MFI_KE_004219,29,F,Homa Bay,30,24,10,37577.19,33371.14,6598.46,3,50024.76,63790.36,170322.17,0.7494,23,0.5169,0,2
MFI_KE_004220,52,F,Bungoma,27,24,21,62026.71,64936.79,4977.28,2,22664.31,40693.46,51248.29,0.9872,19,0.562,0,2
MFI_KE_004221,37,F,Kericho,13,6,4,53504.19,49997.41,2469.41,3,75734.69,78580.98,200554.91,0.8919,1,0.5668,1,3
MFI_KE_004222,37,M,Embu,5,21,20,55201.37,56713.17,9036.04,1,29493.45,45909.55,27775.09,0.9707,15,0.5876,0,2
MFI_KE_004223,45,F,Meru,21,75,76,878310.19,730672.71,27934.73,5,134816.07,143484.62,645074.12,0.5671,1,0.4987,1,4
MFI_KE_004224,55,M,Laikipia,13,4,7,62749.52,46210.36,2602.29,2,62474.5,108058.58,108989.88,0.7205,38,0.3847,0,3
MFI_KE_004225,60,M,Kericho,26,72,65,85650.9,65646.01,34139.32,8,110841.16,184178.07,1026401.33,0.6348,0,0.7222,0,4
MFI_KE_004226,42,M,Uasin Gishu,29,29,18,84757.95,60811.75,46346.7,3,42042.56,60697.33,136574.37,0.9906,13,0.4483,1,2
MFI_KE_004227,39,F,Nakuru,12,50,55,122140.8,121234.56,4375.6,11,1383.66,1976.68,16658.85,0.7154,2,0.9175,0,1
MFI_KE_004228,31,F,Nyeri,5,12,3,37856.27,27742.22,3454.2,6,66164.31,75792.32,398671.9,0.7474,19,0.4854,0,3
MFI_KE_004229,28,M,Homa Bay,22,85,79,230721.47,216617.1,29486.22,8,149709.47,287460.36,1266927.11,0.7628,1,0.32,0,4
MFI_KE_004230,45,F,Kilifi,44,10,7,128840.85,90750.61,3224.68,4,97047.73,180062.92,398785.5,0.7851,6,0.2129,0,3
MFI_KE_004231,59,M,Nyeri,3,8,7,90535.8,63509.67,12959.75,1,91249.53,104221.13,94605.69,0.8236,1,0.3153,1,3
MFI_KE_004232,26,F,Bomet,5,23,26,114816.21,86792.59,14304.47,4,17175.86,27101.22,74186.26,0.9946,4,0.651,0,2
MFI_KE_004233,45,F,Kitui,3,1,5,798.56,621.36,1081.02,2,1801.04,2393.83,3001.96,0.4973,128,0.7208,0,5
MFI_KE_004234,72,F,Embu,4,10,8,239944.47,213880.1,7187.39,3,80746.01,113743.74,272469.56,0.7958,14,0.5939,1,3
MFI_KE_004235,34,M,Kisumu,3,47,65,16428.96,11575.47,1646.3,10,1812.24,2720.86,16454.58,0.5831,4,0.8575,0,1
MFI_KE_004236,25,F,Nairobi,16,36,38,24141.54,23653.93,4863.62,6,2381.94,3872.68,12312.24,0.7702,6,0.862,0,1
MFI_KE_004237,23,M,Kisumu,21,39,53,41039.02,29003.22,3933.79,5,2592.27,5163.35,11458.31,0.575,2,0.8605,0,1
MFI_KE_004238,44,F,Kakamega,25,35,15,190419.22,168619.4,5028.82,4,28480.31,52076.16,130910.25,0.982,12,0.7593,1,2
MFI_KE_004239,25,M,Kiambu,4,30,49,16380.25,16001.27,1265.55,13,4375.94,7626.05,66944.19,0.5595,1,0.8843,0,1
MFI_KE_004240,21,M,Nairobi,4,37,63,19137.47,16273.53,1427.18,9,4271.02,7283.42,36793.14,0.4718,8,0.9893,0,1
MFI_KE_004241,18,M,Nakuru,8,46,55,9781.66,9579.63,1589.8,6,4057.68,4214.96,19528.97,0.6387,1,0.9525,0,1
MFI_KE_004242,61,F,Bomet,20,3,5,41410.36,35961.07,6178.89,6,76479.18,99784.43,518178.85,0.9239,4,0.3873,1,3
MFI_KE_004243,25,M,Migori,5,14,20,45957.09,38359.45,3506.5,2,32339.57,39544.09,58621.4,0.9108,3,0.6635,0,2
MFI_KE_004244,48,M,Kilifi,16,24,30,40242.15,35524.07,11420.38,4,32528.92,46282.9,129412.15,0.988,24,0.7022,0,2
MFI_KE_004245,18,M,Kakamega,24,2,4,5364.93,5395.83,224.42,0,0.0,0.0,0.0,1.0,61,0.7392,0,5
MFI_KE_004246,29,F,Kakamega,15,19,20,107648.95,77170.56,12590.51,1,25227.53,46121.73,28149.53,0.9783,2,0.5394,0,2
MFI_KE_004247,21,F,Kiambu,12,36,52,22921.39,20696.39,218.58,6,1662.79,2872.58,9362.14,0.3507,2,0.7629,0,1
MFI_KE_004248,18,F,Nakuru,13,36,44,7668.76,6385.23,2028.88,8,1193.13,2202.67,8647.02,0.7523,3,0.9726,0,1
MFI_KE_004249,31,F,Kilifi,27,86,63,460864.52,401065.17,243366.07,12,186421.74,236773.14,2361454.39,0.7431,1,0.4354,1,4
MFI_KE_004250,22,M,Nakuru,36,32,48,6643.05,6145.9,3142.19,8,1915.23,2767.14,14561.27,0.6759,2,0.9585,1,1
MFI_KE_004251,63,F,Kilifi,43,8,4,161238.69,155739.5,8036.99,3,65752.43,68303.32,222375.45,0.8822,3,0.5949,1,3
MFI_KE_004252,22,F,Garissa,33,34,40,5285.75,5154.53,544.34,10,1462.66,1623.69,11781.04,0.4501,2,0.7402,0,1
MFI_KE_004253,18,M,Garissa,8,0,5,5132.25,4543.09,4900.52,0,0.0,0.0,0.0,1.0,39,0.7373,0,5
MFI_KE_004254,38,F,Kericho,14,27,31,249059.28,178018.54,7406.38,3,40101.0,62023.27,107037.39,0.9608,22,0.654,0,2
MFI_KE_004255,35,F,Nakuru,46,16,21,62522.2,52756.0,16108.93,3,24135.04,43983.02,69152.78,0.8462,4,0.4257,0,2
MFI_KE_004256,18,M,Uasin Gishu,26,36,62,20249.44,15583.63,2298.55,6,1043.77,1311.59,5328.18,0.7879,0,0.9205,0,1
MFI_KE_004257,57,F,Laikipia,5,4,4,1434.42,1188.74,1523.88,1,1041.52,2030.82,959.14,0.9043,178,0.6066,0,5
MFI_KE_004258,23,M,Kisumu,3,36,19,121303.65,90408.58,32918.37,0,0.0,0.0,0.0,0.9763,2,0.5496,0,2
MFI_KE_004259,47,M,Kakamega,26,9,2,44498.51,37489.59,8999.83,0,0.0,0.0,0.0,0.6837,2,0.5234,1,3
MFI_KE_004260,29,M,Nairobi,4,34,38,42687.61,38437.32,5568.96,10,5868.69,10046.04,53937.42,0.6268,1,0.7708,0,1
MFI_KE_004261,35,M,Mombasa,2,1,2,2402.54,1740.47,578.76,1,5156.53,7049.51,4429.07,0.3367,15,0.7466,0,5
MFI_KE_004262,20,M,Kiambu,7,40,56,15853.86,11356.97,1122.2,3,2260.74,3118.57,7330.52,0.6978,1,0.8879,0,1
MFI_KE_004263,47,F,Kilifi,19,3,9,67684.7,65782.52,2389.0,1,30888.28,54034.04,34893.69,0.662,11,0.3464,1,3
MFI_KE_004264,36,F,Kericho,71,82,77,620371.49,559737.01,111684.23,5,177460.78,308818.48,913164.3,0.6794,2,0.6065,0,4
MFI_KE_004265,32,F,Homa Bay,98,34,22,17813.67,13883.43,9019.44,1,49242.56,55031.43,49933.06,0.9775,9,0.6798,1,2
MFI_KE_004266,49,M,Embu,51,80,63,715282.27,738680.05,10243.99,6,43497.56,47452.51,226519.52,0.6669,0,0.4295,0,4
MFI_KE_004267,64,F,Bomet,1,2,1,702.48,539.01,304.94,1,3360.94,3380.07,3180.89,0.5837,89,0.3651,0,5
MFI_KE_004268,56,F,Bungoma,2,7,3,143547.45,122410.7,4126.86,3,120619.87,194440.17,389748.28,0.9504,1,0.1854,1,3
MFI_KE_004269,39,M,Mombasa,36,17,26,48862.9,43111.27,66590.4,1,74780.94,77805.74,76835.31,0.9912,10,0.3231,0,2
MFI_KE_004270,58,M,Murang'a,33,6,6,33641.99,27500.23,3918.74,3,33279.2,51962.41,85493.82,0.8645,16,0.7958,1,3
MFI_KE_004271,21,M,Nakuru,15,35,49,21471.9,20584.6,7103.4,12,4710.28,5934.61,54543.87,0.4649,0,0.7948,0,1
MFI_KE_004272,28,F,Kericho,2,73,67,237397.43,198227.28,101156.22,5,135111.01,186277.61,616283.85,0.8767,0,0.4747,1,4
MFI_KE_004273,31,F,Embu,3,13,22,58531.75,44116.42,7759.13,1,45212.06,61948.82,44199.96,0.9688,13,0.6875,0,2
MFI_KE_004274,35,F,Nakuru,19,30,24,33840.37,23975.36,17658.14,1,12434.61,22922.25,12491.03,0.899,20,0.9173,0,2
MFI_KE_004275,32,M,Laikipia,2,26,26,81660.77,58685.31,16531.98,2,71056.22,95579.56,157264.02,0.9207,5,0.4225,0,2
MFI_KE_004276,42,M,Embu,1,1,2,1149.32,1075.31,653.54,2,6539.28,11817.42,11944.03,0.5404,11,0.9462,0,5
MFI_KE_004277,19,F,Nakuru,37,44,48,14522.52,12714.78,9053.38,6,1588.76,2149.32,9358.41,0.5426,1,0.8353,0,1
MFI_KE_004278,46,F,Machakos,17,11,3,77944.92,66460.16,15537.62,0,0.0,0.0,0.0,0.865,18,0.4831,1,3
MFI_KE_004279,29,M,Nakuru,44,40,61,53744.38,51153.19,7237.91,13,1960.66,3122.98,27428.44,0.7148,0,0.7778,0,1
MFI_KE_004280,45,F,Kericho,3,13,17,61578.89,46110.52,15031.43,3,17579.28,34551.08,47371.37,0.9597,7,0.4922,0,2
MFI_KE_004281,61,M,Meru,2,4,2,13838.94,11137.23,456.86,3,2742.24,4910.12,7003.32,0.7119,66,0.5397,0,5
MFI_KE_004282,21,M,Kiambu,3,52,54,9991.31,8748.32,637.73,8,1504.26,2673.27,13380.25,0.5017,1,0.9551,0,1
MFI_KE_004283,25,M,Uasin Gishu,5,29,56,17334.95,14368.85,8548.36,1,3875.65,5561.97,3655.44,0.8345,0,0.9301,0,1
MFI_KE_004284,37,M,Bomet,11,7,6,48436.57,34825.31,21672.38,1,57668.9,74925.99,56205.58,0.7465,9,0.5162,0,3
MFI_KE_004285,31,F,Kakamega,10,37,35,131942.86,137777.27,32380.05,2,77035.91,83143.93,175952.07,0.9063,6,0.6644,1,2
MFI_KE_004286,28,F,Nakuru,36,36,47,21892.0,17953.27,4804.97,8,3821.23,7241.98,28119.84,0.4948,2,0.6286,0,1
MFI_KE_004287,37,M,Migori,57,7,6,216197.85,167631.63,2923.03,0,0.0,0.0,0.0,0.59,6,0.4253,1,3
MFI_KE_004288,40,F,Nakuru,8,33,62,10170.3,9978.34,1247.27,6,2073.16,3784.09,13490.08,0.8012,1,0.9606,0,1
MFI_KE_004289,29,M,Kiambu,3,31,62,18377.15,16911.82,8543.88,11,2608.19,3243.38,31500.65,0.8602,0,0.9606,0,1
MFI_KE_004290,29,F,Bomet,5,56,54,10875.81,11246.91,1837.05,16,2602.0,4623.0,35082.53,0.866,0,0.7796,0,1
MFI_KE_004291,33,F,Nakuru,22,26,29,78075.45,76775.32,14634.18,2,64047.07,104087.92,108468.16,0.8498,3,0.6346,1,2
MFI_KE_004292,40,F,Laikipia,3,22,21,41550.31,30839.91,16026.35,2,33282.75,64017.23,55009.34,0.9459,31,0.4953,0,2
MFI_KE_004293,43,M,Nyeri,16,8,6,346991.86,254853.64,8359.82,1,88443.33,151218.33,94281.2,0.8512,17,0.6871,1,3
MFI_KE_004294,38,M,Uasin Gishu,3,76,60,471392.0,447285.09,37287.69,1,302449.24,343994.46,299693.47,0.7499,0,0.8042,1,4
MFI_KE_004295,26,M,Mombasa,4,32,41,7192.0,6610.96,3437.51,9,1418.94,2663.26,14940.35,0.6548,2,0.9568,0,1
MFI_KE_004296,38,F,Laikipia,31,15,12,104340.89,106435.21,10688.26,4,30428.46,59856.93,130844.77,0.8959,3,0.2436,0,2
MFI_KE_004297,25,F,Kitui,13,25,14,86216.73,90007.48,21086.36,4,62724.67,76351.88,267069.44,0.8473,4,0.6053,0,2
MFI_KE_004298,29,F,Kiambu,12,40,51,30879.81,26632.4,524.69,7,1865.45,3411.88,11020.88,0.8534,1,0.8716,0,1
MFI_KE_004299,32,M,Bomet,13,38,37,12386.25,12758.03,1613.0,11,1102.46,1282.95,13598.21,0.4464,3,0.879,0,1
MFI_KE_004300,31,M,Uasin Gishu,5,28,50,7912.74,6941.15,6558.11,5,1960.87,2979.8,9146.28,0.9086,5,0.8621,0,1
MFI_KE_004301,31,F,Mombasa,3,33,40,5193.19,4933.27,1178.06,7,1479.93,2444.87,9578.76,0.4087,0,0.9658,0,1
MFI_KE_004302,37,F,Nakuru,5,51,41,16600.72,14214.49,995.29,9,1268.21,2463.95,12792.82,0.6338,5,0.8787,0,1
MFI_KE_004303,33,F,Kericho,1,0,1,7061.85,6035.23,1755.16,0,0.0,0.0,0.0,1.0,256,0.5654,0,5
MFI_KE_004304,31,F,Nairobi,15,43,51,21734.87,17195.39,6445.95,8,1326.41,1873.9,9567.96,0.9004,0,0.7356,0,1
MFI_KE_004305,41,M,Embu,5,1,2,1795.25,1865.93,814.8,0,0.0,0.0,0.0,1.0,49,0.8399,1,5
MFI_KE_004306,28,F,Garissa,1,1,7,7365.56,6306.18,224.57,0,0.0,0.0,0.0,1.0,42,0.5522,1,5
MFI_KE_004307,44,M,Turkana,32,20,28,47727.05,44084.64,44315.58,8,49503.87,74642.82,405113.6,0.9746,2,0.8034,0,2
MFI_KE_004308,24,F,Migori,17,24,13,77401.56,76885.51,16623.15,3,51151.42,86243.91,126958.77,0.8536,4,0.8197,1,2
MFI_KE_004309,40,M,Embu,4,2,0,6112.58,6107.26,361.0,1,1387.87,1829.72,1460.25,0.5569,139,0.6188,0,5
MFI_KE_004310,33,F,Kisii,88,20,24,54646.01,42175.79,8784.01,0,0.0,0.0,0.0,0.7251,8,0.6076,0,2
MFI_KE_004311,33,F,Laikipia,5,42,45,9219.17,6463.85,1283.68,8,3707.91,5960.94,30971.8,0.7924,3,0.9283,0,1
MFI_KE_004312,22,M,Mombasa,2,53,42,10240.46,7593.51,2011.12,5,1823.98,1976.59,8079.5,0.9648,9,0.9621,0,1
MFI_KE_004313,41,F,Kisumu,17,22,22,112752.57,82634.11,2586.7,2,27681.16,38577.93,62605.04,0.9556,6,0.3086,0,2
MFI_KE_004314,45,M,Embu,2,2,3,1264.1,1209.58,158.99,1,829.05,1170.12,782.63,0.2479,12,0.4193,0,5
MFI_KE_004315,18,M,Machakos,2,4,2,1293.33,1125.4,3956.67,0,0.0,0.0,0.0,1.0,72,0.8054,0,5
MFI_KE_004316,47,F,Mombasa,8,68,58,407518.32,315152.31,51009.75,3,141904.04,149275.86,360935.12,0.8881,0,0.5678,0,4
MFI_KE_004317,23,M,Kilifi,5,20,13,16144.44,11890.79,3842.03,2,33877.45,57824.6,55272.46,0.9875,8,0.7826,0,2
MFI_KE_004318,36,M,Trans Nzoia,22,92,68,411436.59,379815.36,48987.81,9,265120.19,399123.64,2220663.09,0.9432,0,0.3492,0,4
MFI_KE_004319,30,M,Nairobi,10,48,45,19673.87,17899.98,910.34,5,653.62,1068.69,2960.49,0.6972,5,0.6488,0,1
MFI_KE_004320,20,M,Mombasa,2,43,66,2674.0,1982.69,3362.81,5,2352.62,2387.0,13615.28,0.9864,4,0.81,0,1
MFI_KE_004321,23,M,Kisumu,31,46,49,33851.38,27563.82,9480.35,11,2812.87,3447.63,27650.19,0.8469,3,0.8783,0,1
MFI_KE_004322,52,F,Trans Nzoia,1,1,4,12445.23,11105.28,75.44,1,500.0,745.64,567.21,0.437,20,0.6358,1,5
MFI_KE_004323,44,M,Trans Nzoia,23,27,25,71824.71,66305.37,64451.0,1,35626.98,47399.44,30225.79,0.956,11,0.6726,0,2
MFI_KE_004324,41,F,Embu,2,0,2,5882.82,5949.46,384.48,0,0.0,0.0,0.0,1.0,88,0.5326,1,5
MFI_KE_004325,52,F,Embu,24,86,57,157785.72,123528.75,31293.24,8,187951.33,336991.34,1612639.26,0.7351,0,0.6663,0,4
MFI_KE_004326,36,F,Kericho,41,81,82,177194.61,127806.31,26706.17,3,172845.22,179043.6,579485.22,0.8429,0,0.513,0,4
MFI_KE_004327,51,F,Kakamega,4,63,73,1228245.46,1267849.53,14428.28,5,91453.29,172669.88,472538.35,0.9542,4,0.3949,0,4
MFI_KE_004328,19,F,Mombasa,13,35,49,23981.48,19610.06,1497.1,8,2723.02,5108.86,17551.61,0.5744,0,0.8906,0,1
MFI_KE_004329,27,M,Bungoma,6,41,56,15513.04,13727.0,1395.62,11,1512.78,2224.76,15249.62,0.6237,0,0.7736,1,1
MFI_KE_004330,31,F,Nakuru,17,76,81,73974.59,57930.58,25778.63,6,128375.02,161902.3,656252.97,0.7923,2,0.5888,1,4
MFI_KE_004331,18,F,Mombasa,9,43,51,20104.39,15138.32,4157.15,7,2028.15,3025.96,11567.32,0.621,1,0.9365,0,1
MFI_KE_004332,25,M,Nakuru,14,37,50,2188.46,1676.08,1933.75,3,1665.86,2339.52,4236.93,0.7663,0,0.893,0,1
MFI_KE_004333,22,F,Laikipia,11,22,19,79075.98,66715.09,28331.16,3,31191.65,35562.96,92190.97,0.9345,1,0.5241,1,2
MFI_KE_004334,45,F,Kericho,7,27,23,170953.87,122401.64,6917.51,3,79689.04,121178.0,230425.21,0.97,2,0.4814,0,2
MFI_KE_004335,22,F,Mombasa,6,43,45,8828.32,8023.35,5540.64,11,2148.14,3666.65,20508.84,0.802,1,0.869,1,1
MFI_KE_004336,51,F,Embu,10,9,5,162974.58,142325.48,3847.86,1,127245.0,193447.09,135448.09,0.6778,7,0.2994,0,3
MFI_KE_004337,23,M,Nakuru,27,36,47,13427.35,10394.99,1411.87,7,2766.78,4794.01,18016.03,0.728,0,0.9378,0,1
MFI_KE_004338,26,F,Machakos,12,62,62,3989.17,3093.26,494.86,9,2805.14,3507.7,28446.18,0.562,6,0.9216,0,1
MFI_KE_004339,22,F,Uasin Gishu,20,25,12,110463.8,95998.04,8868.05,2,14262.0,26817.54,25276.12,0.9885,11,0.6681,0,2
MFI_KE_004340,38,M,Nyeri,32,19,29,57112.67,40861.01,38775.39,3,31791.24,32197.2,94496.76,0.9323,7,0.8458,0,2
MFI_KE_004341,35,M,Machakos,6,18,23,86382.61,69735.03,1396.85,1,25214.4,27550.96,22528.13,0.8992,10,0.6668,0,2
MFI_KE_004342,54,F,Kericho,5,8,6,30785.12,32153.73,1063.0,1,47439.16,91904.67,43049.18,0.8395,17,0.4825,1,3
MFI_KE_004343,22,M,Nairobi,12,40,56,41468.89,42156.69,379.68,4,1232.77,1774.55,5399.64,0.6213,5,0.7878,0,1
MFI_KE_004344,30,M,Nakuru,8,15,24,66611.91,57752.58,8041.2,12,30113.29,47374.93,341750.02,0.988,1,0.5272,0,2
MFI_KE_004345,24,F,Embu,16,32,44,28117.54,19710.87,3825.91,8,2354.13,3711.58,22058.81,0.7698,0,0.9657,0,1
MFI_KE_004346,25,M,Kiambu,15,49,41,4718.64,4279.52,1705.8,6,2029.08,4057.05,13749.62,0.6414,15,0.9017,0,1
MFI_KE_004347,28,M,Kericho,23,31,58,15428.04,11822.58,297.2,7,2828.39,5360.94,17717.29,0.7134,3,0.6222,0,1
MFI_KE_004348,44,F,Kakamega,8,83,81,256581.06,206311.47,29083.38,6,100372.35,109095.33,538909.4,0.8231,0,0.4976,1,4
MFI_KE_004349,40,M,Kitui,8,1,3,376.4,377.47,2384.85,1,1212.88,2398.33,1273.04,0.6075,27,0.5722,0,5
MFI_KE_004350,32,F,Uasin Gishu,120,34,48,5635.5,4266.04,1795.4,7,3555.24,4746.71,27140.58,0.6106,1,0.7994,0,1
MFI_KE_004351,31,F,Kisumu,5,16,18,50684.14,51345.47,10854.71,2,101101.4,185317.75,169777.0,0.9714,6,0.9079,0,2
MFI_KE_004352,42,M,Bungoma,1,2,4,1178.48,978.91,779.56,1,641.52,722.19,571.73,0.5665,46,0.7226,0,5
MFI_KE_004353,19,M,Kakamega,13,32,55,11221.79,8821.07,1376.9,6,2182.84,4137.3,15386.59,0.8282,1,0.3943,0,1
MFI_KE_004354,40,F,Machakos,36,9,7,50221.91,49315.88,1987.24,0,0.0,0.0,0.0,0.7199,11,0.748,0,3
MFI_KE_004355,25,M,Uasin Gishu,8,36,39,33447.85,34558.58,735.68,9,1944.22,2871.18,20427.33,0.7312,3,0.9687,0,1
MFI_KE_004356,42,M,Nakuru,56,28,26,50703.35,46211.11,14644.76,1,50953.7,66781.14,56089.14,0.9818,21,0.7326,0,2
MFI_KE_004357,38,M,Nyeri,8,3,2,40552.43,35309.75,4072.22,2,101448.89,198088.76,189086.04,0.8591,7,0.6439,0,3
MFI_KE_004358,33,M,Kitui,3,39,45,5668.39,4135.12,9112.76,6,1228.45,1462.89,6365.04,0.656,6,0.8238,0,1
MFI_KE_004359,22,F,Homa Bay,75,23,16,108061.56,108052.38,22233.17,5,28747.88,38633.63,151464.29,0.951,3,0.5924,1,2
MFI_KE_004360,26,F,Garissa,4,25,21,53230.44,42749.98,6713.21,1,11654.26,13994.16,13061.27,0.9985,13,0.3068,0,2
MFI_KE_004361,38,M,Trans Nzoia,6,63,69,366651.71,378698.17,14278.18,7,188031.19,263298.9,1130147.78,0.7984,2,0.5331,0,4
MFI_KE_004362,31,F,Meru,38,24,22,38564.4,37099.77,11226.92,3,66297.45,86522.84,171772.27,0.9145,3,0.8915,0,2
MFI_KE_004363,42,M,Embu,47,17,9,89353.54,77255.17,21651.92,1,26921.39,42886.24,24825.65,0.9662,9,0.6803,1,2
MFI_KE_004364,36,F,Machakos,2,28,20,72838.07,59264.97,7919.7,2,33316.5,49791.06,77092.17,0.9828,2,0.5546,0,2
MFI_KE_004365,26,M,Kiambu,47,37,36,17342.43,15349.66,1866.89,6,4547.47,8394.37,25662.72,0.6592,2,0.863,0,1
MFI_KE_004366,55,F,Meru,53,25,23,49113.27,42413.1,29381.49,1,24606.41,36001.7,24524.96,0.8547,4,0.6497,0,2
MFI_KE_004367,41,M,Embu,37,2,9,82694.94,82999.08,8876.15,1,69272.2,93996.61,76236.57,0.9623,12,0.4643,0,3
MFI_KE_004368,40,F,Nyeri,27,26,13,53658.07,47409.9,10522.65,1,46805.16,55414.68,53654.6,0.9237,5,0.6801,1,2
MFI_KE_004369,21,M,Trans Nzoia,11,1,0,2316.96,2318.81,253.81,0,0.0,0.0,0.0,1.0,41,0.6921,0,5
MFI_KE_004370,45,F,Embu,23,7,6,8141.61,8277.5,7455.08,4,76731.48,111195.28,261580.96,0.7737,6,0.3674,1,3
MFI_KE_004371,29,F,Bomet,65,23,20,79663.29,66956.3,5141.71,4,28590.93,31351.34,93836.35,0.8932,3,0.4268,0,2
MFI_KE_004372,28,F,Kilifi,13,36,43,14669.07,14794.64,2501.34,5,1188.23,1554.9,6008.5,0.695,2,0.7157,0,1
MFI_KE_004373,39,F,Laikipia,3,87,82,789920.78,712607.56,58326.77,8,113444.92,213369.89,1033746.66,0.9031,4,0.738,0,4
MFI_KE_004374,46,F,Homa Bay,5,82,59,262812.46,222967.73,45279.56,5,263903.42,461242.79,1179653.76,0.7175,0,0.5085,0,4
MFI_KE_004375,44,F,Homa Bay,1,2,5,1241.54,1208.02,575.43,0,0.0,0.0,0.0,1.0,28,0.6746,1,5
MFI_KE_004376,26,M,Nairobi,5,43,56,18945.15,17453.85,2808.64,10,1654.6,2182.36,19264.32,0.6246,0,0.932,0,1
MFI_KE_004377,25,M,Mombasa,24,41,50,12475.64,9384.03,3806.42,8,896.2,1163.9,8503.2,0.5371,6,0.9137,0,1
MFI_KE_004378,27,M,Kisumu,8,31,35,6065.08,4914.46,1045.79,5,1853.72,2593.49,9966.77,0.7576,1,0.8273,0,1
MFI_KE_004379,21,M,Kilifi,17,33,42,25797.75,19324.43,2542.48,5,1391.74,2722.12,7854.33,0.7632,4,0.8123,0,1
MFI_KE_004380,37,M,Nyeri,97,13,5,221104.79,204486.03,3028.04,1,84550.77,167901.0,99398.46,0.6637,19,0.5649,1,3
MFI_KE_004381,41,F,Uasin Gishu,2,21,19,60704.92,51330.15,27996.38,2,14244.49,28399.82,31404.91,0.8886,1,0.8324,0,2
MFI_KE_004382,56,M,Migori,13,6,11,71512.96,61539.09,2117.42,1,61710.45,69322.55,50583.6,0.6401,19,0.5829,1,3
MFI_KE_004383,20,F,Nakuru,5,44,60,38287.34,38299.68,1374.81,6,1640.95,2014.01,9174.98,0.8524,0,0.8765,0,1
MFI_KE_004384,31,M,Uasin Gishu,45,33,43,7584.14,7720.27,8798.41,9,2150.79,2492.38,17313.99,0.3982,2,0.885,0,1
MFI_KE_004385,30,M,Embu,1,1,3,1429.83,1085.07,67.8,1,2679.15,4127.52,2302.86,0.7249,13,0.7757,0,5
MFI_KE_004386,18,F,Mombasa,15,35,35,75354.72,70935.62,621.58,12,1061.31,2005.33,12638.75,0.8063,0,0.9681,0,1
MFI_KE_004387,46,M,Trans Nzoia,2,1,5,1292.22,1187.47,2364.41,1,978.11,1820.66,1157.08,0.911,19,0.4802,0,5
MFI_KE_004388,23,M,Uasin Gishu,40,39,55,3831.91,3732.18,6558.54,14,1771.55,3121.07,20709.74,0.6121,1,0.778,0,1
MFI_KE_004389,42,F,Machakos,70,7,5,223233.14,208503.7,1101.9,0,0.0,0.0,0.0,0.8055,3,0.2566,0,3
MFI_KE_004390,23,F,Kericho,2,88,70,250399.34,175477.5,30835.09,6,103077.6,143766.43,537969.14,0.8789,2,0.7467,1,4
MFI_KE_004391,46,M,Nakuru,3,24,15,66645.63,67371.98,17593.24,5,61232.0,69100.08,347926.94,0.9948,5,0.5077,1,2
MFI_KE_004392,60,F,Kericho,9,12,8,48264.84,34169.97,5295.7,1,75179.03,123895.91,72327.92,0.6629,1,0.5622,1,3
MFI_KE_004393,51,M,Kisii,6,4,5,432.45,329.83,252.51,0,0.0,0.0,0.0,1.0,27,0.5779,1,5
MFI_KE_004394,37,M,Murang'a,69,20,24,57465.24,48325.73,10315.41,5,13798.5,24993.08,68984.97,0.8597,11,0.5259,0,2
MFI_KE_004395,38,F,Nakuru,10,1,4,7618.19,7180.06,518.24,0,0.0,0.0,0.0,1.0,98,0.5229,0,5
MFI_KE_004396,51,F,Nyeri,1,3,1,2729.55,2797.62,385.88,0,0.0,0.0,0.0,1.0,111,0.5257,0,5
MFI_KE_004397,35,F,Uasin Gishu,33,49,48,14020.29,13212.23,2296.82,9,1825.97,2767.72,18703.59,0.8642,1,0.8434,0,1
MFI_KE_004398,23,M,Machakos,112,25,19,75461.84,63314.13,12461.0,6,13562.82,23851.11,87112.14,0.8056,37,0.9236,0,2
MFI_KE_004399,23,F,Nakuru,18,38,37,3075.42,2802.88,1653.06,4,2790.01,4673.92,13220.19,0.5802,0,0.9221,0,1
MFI_KE_004400,25,M,Migori,1,4,2,11416.18,8863.4,1709.65,0,0.0,0.0,0.0,1.0,61,0.6084,0,5
MFI_KE_004401,33,F,Kisii,12,9,7,77253.05,61922.85,2290.41,2,77954.08,95247.18,157015.89,0.8739,6,0.2004,1,3
MFI_KE_004402,32,F,Nairobi,8,44,46,1217.96,1200.07,336.04,9,2116.49,2964.64,22313.89,0.6328,4,0.8766,0,1
MFI_KE_004403,18,M,Mombasa,2,51,36,9972.25,7940.04,4658.55,9,1591.42,2452.58,12189.05,0.7266,0,0.9895,1,1
MFI_KE_004404,28,M,Kisumu,17,41,50,2437.81,2093.26,2423.77,14,797.35,873.25,10808.21,0.7028,1,0.9202,0,1
MFI_KE_004405,60,F,Garissa,21,7,8,62165.88,60716.52,293.99,1,44988.94,79742.88,52986.25,0.754,20,0.5302,1,3
MFI_KE_004406,56,M,Kisii,24,6,5,56905.56,53178.77,3231.78,1,122730.64,195389.31,140101.13,0.7724,5,0.4041,1,3
MFI_KE_004407,31,F,Mombasa,27,42,57,1927.41,1447.15,1964.35,5,1392.9,1783.17,7931.75,0.5771,3,0.8544,0,1
MFI_KE_004408,22,M,Kiambu,26,31,42,9885.69,7719.53,1526.06,10,2590.1,3605.2,24399.84,0.8206,0,0.9354,0,1
MFI_KE_004409,37,M,Migori,9,25,16,187451.84,196809.64,19192.62,3,27727.8,39549.42,69027.14,0.9979,5,0.3966,0,2
MFI_KE_004410,29,F,Kakamega,1,0,2,4819.73,4111.69,531.54,0,0.0,0.0,0.0,1.0,13,0.5747,0,5
MFI_KE_004411,35,F,Bomet,3,29,19,17410.79,16713.4,10241.78,4,29098.79,47255.96,111247.06,0.9856,13,0.7315,0,2
MFI_KE_004412,42,F,Garissa,20,7,3,199111.75,172559.7,3183.62,5,104902.01,207652.95,509732.03,0.8955,18,0.4286,0,3
MFI_KE_004413,30,M,Turkana,27,22,18,184403.17,189578.52,12585.78,4,49840.08,95799.65,232052.0,0.885,15,0.5039,0,2
MFI_KE_004414,33,M,Migori,49,7,7,87860.4,81568.1,8227.37,1,34206.68,34674.4,36466.5,0.5789,4,0.3873,0,3
MFI_KE_004415,39,F,Turkana,3,25,27,75940.09,64651.51,12010.25,3,19497.35,32427.8,48891.92,0.9443,11,0.5876,1,2
MFI_KE_004416,31,M,Kisumu,4,41,50,11778.07,9187.24,6232.18,9,904.48,1488.68,8211.99,0.6501,9,0.6493,0,1
MFI_KE_004417,30,F,Nairobi,4,33,56,7673.04,5599.75,1310.62,4,1867.63,3140.95,6399.35,0.6728,0,0.9454,0,1
MFI_KE_004418,38,M,Embu,33,25,22,84400.68,86866.39,19303.52,5,28938.62,47302.38,165078.54,0.97,5,0.5149,1,2
MFI_KE_004419,21,M,Nakuru,31,44,45,35333.39,36310.47,3084.36,8,1678.81,2386.75,14309.37,0.4259,0,0.6325,0,1
MFI_KE_004420,31,F,Trans Nzoia,84,10,9,54080.89,55067.52,11260.57,2,14082.53,18610.86,26348.52,0.4499,11,0.5181,1,3
MFI_KE_004421,39,M,Laikipia,15,4,3,107340.73,80619.25,2920.13,4,97709.6,122328.49,403974.66,0.7213,14,0.6063,1,3
MFI_KE_004422,31,M,Garissa,62,12,1,34709.79,34532.6,3116.49,5,133934.14,249183.78,700893.49,0.6452,8,0.3954,1,3
MFI_KE_004423,67,M,Bungoma,17,9,8,131669.58,127897.94,27943.72,2,49678.12,93601.49,108071.14,0.751,7,0.3588,0,3
MFI_KE_004424,39,M,Mombasa,1,4,1,2335.8,2442.55,5419.52,1,848.37,1464.14,929.66,0.8354,170,0.3058,0,5
MFI_KE_004425,37,F,Kilifi,50,38,47,3625.73,2839.16,3020.72,12,2067.92,2081.35,24235.8,0.6254,2,0.9787,1,1
MFI_KE_004426,33,F,Kilifi,20,25,22,64261.84,60347.55,10844.22,5,13541.15,14705.97,73346.98,0.9983,12,0.6399,1,2
MFI_KE_004427,22,F,Garissa,16,38,60,8038.91,7220.94,1983.07,9,1147.79,1396.98,9330.25,0.7564,0,0.8628,0,1
MFI_KE_004428,41,M,Nyeri,29,10,7,91511.02,68990.2,2230.03,2,156766.4,206747.0,313957.84,0.8681,2,0.4992,0,3
MFI_KE_004429,25,M,Uasin Gishu,52,34,49,17909.77,13915.43,2620.83,8,3024.57,4384.24,25440.19,0.5734,2,0.8324,0,1
MFI_KE_004430,40,M,Kiambu,8,3,4,2475.2,2116.05,598.83,0,0.0,0.0,0.0,1.0,56,0.386,0,5
MFI_KE_004431,34,F,Kiambu,13,40,47,10712.64,10187.92,624.92,6,2142.07,4065.18,12161.38,0.4184,4,0.9175,0,1
MFI_KE_004432,55,M,Mombasa,4,5,1,3190.47,3238.96,3617.08,1,2060.97,3413.67,2432.66,0.6925,12,0.7693,0,5
MFI_KE_004433,56,F,Mombasa,3,2,1,622.02,643.96,263.53,1,3160.5,5760.21,2541.98,0.9574,111,0.6701,0,5
MFI_KE_004434,42,F,Bungoma,23,80,72,577723.36,490261.7,37089.03,3,176530.69,208308.66,493810.62,0.9044,10,0.5635,0,4
MFI_KE_004435,29,F,Nairobi,92,44,41,3565.1,3452.74,357.34,8,4201.03,7731.59,26993.95,0.6275,3,0.9816,0,1
MFI_KE_004436,33,F,Migori,4,21,16,42815.6,30708.38,13672.08,2,139752.21,254405.74,262289.1,0.547,15,0.5351,1,2
MFI_KE_004437,33,F,Uasin Gishu,7,21,22,83754.31,84355.39,14159.38,4,28031.35,47169.75,131975.49,0.9863,1,0.896,1,2
MFI_KE_004438,34,F,Kakamega,43,31,21,54840.29,48484.74,24410.04,5,61494.51,116064.54,349998.69,0.8649,20,0.5371,0,2
MFI_KE_004439,28,F,Bomet,7,1,3,1715.19,1669.86,501.84,1,500.0,884.07,578.6,0.2364,66,0.8375,0,5
MFI_KE_004440,25,M,Nairobi,14,52,57,16405.32,14579.97,4484.33,5,3210.85,6041.28,18483.14,0.6996,0,0.8255,0,1
MFI_KE_004441,29,M,Kisumu,73,42,53,7230.39,5328.1,3869.98,7,2476.03,3983.12,14600.39,0.5132,0,0.9,0,1
MFI_KE_004442,43,M,Nakuru,7,3,6,1651.32,1515.61,227.75,2,748.4,894.77,1330.6,0.6041,186,0.695,0,5
MFI_KE_004443,29,F,Kisumu,25,17,14,267634.66,193129.92,18490.28,3,45220.03,68729.57,118615.58,0.9295,7,0.7102,0,2
MFI_KE_004444,18,F,Garissa,21,39,48,5747.31,4164.3,3291.64,7,2868.46,3775.38,22522.6,0.9739,1,0.8791,0,1
MFI_KE_004445,21,F,Mombasa,12,38,41,7758.11,7166.2,3124.71,5,1766.99,2244.79,7471.29,0.4354,0,0.7235,0,1
MFI_KE_004446,27,F,Nakuru,45,39,49,21322.86,21025.17,587.54,12,5580.32,6357.02,79066.04,0.7176,6,0.839,0,1
MFI_KE_004447,55,F,Turkana,1,4,6,2675.39,2171.41,131.12,0,0.0,0.0,0.0,1.0,54,0.7297,0,5
MFI_KE_004448,18,F,Mombasa,31,38,66,6034.63,6326.77,1737.89,7,1901.56,3340.94,15757.74,0.6827,3,0.989,0,1
MFI_KE_004449,29,M,Kisii,2,66,55,183143.53,141243.94,18184.08,3,93195.98,128968.36,272346.24,0.7577,0,0.5413,0,4
MFI_KE_004450,25,F,Nakuru,6,42,54,34181.79,26781.41,1212.45,10,2096.18,3949.48,22583.24,0.6722,1,0.7878,0,1
MFI_KE_004451,30,F,Uasin Gishu,43,42,42,22281.59,16661.19,700.28,13,2602.98,3536.72,39115.36,0.8573,3,0.8556,0,1
MFI_KE_004452,47,F,Homa Bay,3,6,11,342843.92,282798.03,9550.77,2,135321.6,173857.65,311845.24,0.3243,7,0.4614,0,3
MFI_KE_004453,48,F,Kisumu,3,30,23,112554.05,99052.89,18591.4,2,45331.85,85468.06,75992.14,0.9533,5,0.5238,1,2
MFI_KE_004454,22,F,Kiambu,18,40,43,38931.23,29918.08,8690.83,16,2119.11,3439.3,30155.59,0.6545,9,0.913,1,1
MFI_KE_004455,25,M,Mombasa,45,21,16,66978.58,68623.58,10964.82,2,72246.05,101695.31,131635.32,0.9139,2,0.7552,1,2
MFI_KE_004456,40,M,Kitui,35,76,67,685722.18,541273.17,42515.35,3,263800.1,397410.18,854570.02,0.8519,0,0.8866,1,4
MFI_KE_004457,18,F,Laikipia,14,45,59,1481.4,1438.34,3013.16,4,1344.16,1618.0,5343.1,0.6059,3,0.4656,0,1
MFI_KE_004458,32,M,Mombasa,10,27,16,22414.42,21971.25,19858.33,0,0.0,0.0,0.0,0.9978,6,0.2907,0,2
MFI_KE_004459,71,M,Kisii,15,8,11,61509.93,47170.36,8544.84,3,29127.41,31029.69,76352.6,0.8838,13,0.5958,1,3
MFI_KE_004460,34,M,Homa Bay,20,25,22,13634.22,10455.34,16354.35,1,24501.96,26541.72,21320.07,0.9191,10,0.4428,0,2
MFI_KE_004461,37,F,Kilifi,3,1,4,12169.38,9198.58,441.72,1,2300.66,3194.24,1842.55,0.2559,118,0.4575,0,5
MFI_KE_004462,28,F,Kiambu,24,44,52,6631.96,6941.85,1955.17,7,1287.61,1962.32,10481.37,0.6749,0,0.8644,0,1
MFI_KE_004463,40,F,Murang'a,4,21,19,33309.93,29287.28,10233.01,2,37985.97,56352.77,79584.52,0.9499,8,0.476,0,2
MFI_KE_004464,41,F,Kilifi,6,86,71,584507.91,476471.87,120208.51,7,147248.02,274111.37,1037926.9,0.8988,2,0.2384,0,4
MFI_KE_004465,39,M,Kericho,2,7,6,56133.28,51621.3,1753.5,3,316623.69,568398.34,954397.5,0.8254,10,0.3234,1,3
MFI_KE_004466,38,M,Machakos,8,12,5,19333.79,17183.32,9579.37,1,44632.99,47530.23,44723.38,0.7465,2,0.5982,0,3
MFI_KE_004467,26,M,Kiambu,31,37,43,25251.23,25120.16,674.98,6,2599.65,2961.9,13492.48,0.3173,1,0.9534,0,1
MFI_KE_004468,40,M,Trans Nzoia,16,24,22,67209.63,65358.11,2891.13,5,40275.23,64909.31,227882.09,0.8676,4,0.6323,0,2
MFI_KE_004469,37,F,Uasin Gishu,7,82,67,176656.37,165181.52,54800.0,7,214048.43,314496.15,1647853.3,0.7475,0,0.4312,0,4
MFI_KE_004470,27,M,Kisumu,26,41,41,26191.59,25309.1,305.64,9,1051.1,1517.34,10921.12,0.9332,3,0.6442,0,1
MFI_KE_004471,18,M,Nairobi,45,39,53,16529.56,14865.8,3261.38,15,1851.76,2986.18,30668.59,0.7731,1,0.717,0,1
MFI_KE_004472,19,M,Nairobi,24,34,32,12875.05,10511.61,9887.02,2,1723.1,2333.66,4055.58,0.484,2,0.9221,0,1
MFI_KE_004473,22,F,Nakuru,24,33,44,11880.38,11927.78,6308.91,5,1187.73,1829.21,6921.43,0.71,5,0.8126,0,1
MFI_KE_004474,27,M,Uasin Gishu,2,3,2,2683.84,1907.91,738.69,0,0.0,0.0,0.0,1.0,96,0.79,0,5
MFI_KE_004475,18,F,Nyeri,1,2,5,1746.84,1424.14,1917.67,1,704.0,1370.12,613.22,0.7605,44,0.8325,0,5
MFI_KE_004476,24,F,Kisumu,16,37,46,11453.88,11993.3,779.92,8,1404.84,2714.49,11973.41,0.3548,2,0.8858,0,1
MFI_KE_004477,50,F,Uasin Gishu,8,24,17,66950.71,50939.84,17931.19,4,51703.45,73437.16,233026.51,0.9945,9,0.7927,0,2
MFI_KE_004478,30,M,Homa Bay,13,8,7,38805.93,33961.13,3935.28,4,93317.08,144802.32,326443.77,0.7783,22,0.5147,1,3
MFI_KE_004479,30,F,Kitui,7,2,3,2147.26,1676.48,1213.95,0,0.0,0.0,0.0,1.0,33,0.492,1,5
MFI_KE_004480,36,F,Bungoma,12,23,18,57231.05,47485.1,7449.58,4,112936.05,190182.85,441146.24,0.7893,14,0.6904,0,2
MFI_KE_004481,20,M,Nairobi,11,33,39,5550.22,4961.71,1771.83,13,3028.24,3893.14,36678.07,0.7817,3,0.9861,0,1
MFI_KE_004482,22,M,Bungoma,14,80,62,258413.86,236491.77,12635.2,5,79604.8,107423.21,333915.19,0.8507,1,0.355,0,4
MFI_KE_004483,29,F,Uasin Gishu,23,50,50,51323.59,50049.87,1204.28,6,2245.18,3749.15,14890.18,0.9416,3,0.9364,0,1
MFI_KE_004484,24,M,Nairobi,3,48,52,6273.85,6224.13,5985.17,5,2312.5,2512.62,12872.85,0.3494,9,0.9341,0,1
MFI_KE_004485,28,F,Kilifi,4,13,4,221058.3,214266.41,3598.41,3,23795.08,23815.42,66749.27,0.6826,24,0.7346,1,3
MFI_KE_004486,44,F,Bungoma,15,77,77,165134.36,144774.62,14586.67,6,131779.3,166087.62,686619.72,0.5966,0,0.4418,0,4
MFI_KE_004487,31,F,Bomet,13,31,18,41136.57,34535.22,11860.92,4,33543.4,47164.87,136460.49,0.9641,39,0.7553,1,2
MFI_KE_004488,23,F,Uasin Gishu,53,38,63,15059.97,12849.12,2424.44,9,1570.66,1626.44,15880.07,0.7239,6,0.8085,1,1
MFI_KE_004489,26,M,Nakuru,3,37,46,2308.08,2118.42,6748.35,6,1849.0,3248.2,10069.19,0.54,2,0.7338,0,1
MFI_KE_004490,44,M,Bungoma,4,8,6,30592.05,26835.66,13957.77,2,58692.39,108388.08,108294.48,0.9761,13,0.341,1,3
MFI_KE_004491,35,F,Migori,3,3,4,6495.94,6584.25,554.09,0,0.0,0.0,0.0,1.0,47,0.3676,0,5
MFI_KE_004492,46,F,Bungoma,15,26,21,216604.56,220619.14,30203.39,1,11561.46,11802.77,9251.4,0.9765,7,0.6303,0,2
MFI_KE_004493,50,F,Bungoma,17,5,4,39649.72,39333.23,3670.44,3,57652.24,110945.81,185510.87,0.3792,12,0.3175,1,3
MFI_KE_004494,36,M,Bungoma,7,22,13,79085.56,68427.09,20456.21,3,80711.05,118260.43,193800.63,0.8656,2,0.5761,1,2
MFI_KE_004495,19,F,Kiambu,10,40,47,15119.08,15786.2,1573.57,8,2362.05,2934.14,19675.82,0.7465,3,0.8906,0,1
MFI_KE_004496,53,F,Kericho,11,88,72,95815.46,85095.83,104437.73,8,179115.87,263372.36,1264787.74,0.5881,1,0.4693,0,4
MFI_KE_004497,30,M,Mombasa,5,27,22,21961.86,18541.93,6223.53,6,41927.53,78203.92,282411.55,0.95,8,0.7096,0,2
MFI_KE_004498,30,M,Bomet,1,1,5,2338.85,1646.85,2189.68,0,0.0,0.0,0.0,1.0,158,0.8209,0,5
MFI_KE_004499,35,F,Embu,34,19,23,86921.57,86568.8,15803.94,1,26875.32,40407.25,27632.9,0.95,2,0.5403,1,2
MFI_KE_004500,33,F,Garissa,3,2,1,1212.23,992.98,175.75,0,0.0,0.0,0.0,1.0,43,0.7284,0,5
MFI_KE_004501,41,M,Machakos,5,0,2,12702.13,10953.54,646.87,0,0.0,0.0,0.0,1.0,172,0.5909,0,5
MFI_KE_004502,45,F,Uasin Gishu,8,28,22,64930.24,57892.6,12425.64,4,25532.99,41864.87,85265.54,0.9985,2,0.5769,1,2
MFI_KE_004503,44,F,Kilifi,38,21,17,50627.15,50789.24,8236.38,5,37336.24,55822.72,195294.2,0.9407,6,0.5085,0,2
MFI_KE_004504,38,F,Garissa,20,88,59,510935.17,374246.23,5595.89,3,146246.98,162458.75,434822.62,0.7708,3,0.5082,0,4
MFI_KE_004505,33,F,Bomet,6,2,1,14836.82,15232.99,512.04,1,1722.89,2016.99,1954.05,0.2817,58,0.5822,0,5
MFI_KE_004506,41,M,Embu,18,27,14,33755.59,33432.07,13878.83,1,98683.81,127049.36,115833.98,0.8284,54,0.6136,0,2
MFI_KE_004507,20,F,Kisumu,51,32,45,14453.3,12942.28,565.06,6,811.26,1461.62,5492.48,0.6111,3,0.7179,0,1
MFI_KE_004508,37,F,Homa Bay,9,87,74,181975.24,153097.79,405605.69,3,184993.78,319093.21,625637.49,0.7579,2,0.7511,1,4
MFI_KE_004509,24,F,Nairobi,6,53,48,47129.31,45603.71,460.35,11,3839.56,5656.91,35856.4,0.8769,3,0.9407,0,1
MFI_KE_004510,24,M,Laikipia,51,49,44,7803.52,6412.59,8288.77,8,2366.18,2387.24,16789.1,0.4523,0,0.8917,0,1
MFI_KE_004511,25,F,Meru,2,1,2,4515.45,4480.91,1902.67,1,2339.5,3863.51,2226.22,0.7491,57,0.2793,0,5
MFI_KE_004512,22,M,Meru,61,19,15,21659.34,18015.65,15359.97,2,93223.73,175017.89,159662.78,0.9959,2,0.6915,0,2
MFI_KE_004513,26,M,Kisumu,16,51,46,16344.63,16294.53,1275.76,7,1375.56,1780.08,10870.06,0.6351,2,0.8979,0,1
MFI_KE_004514,21,F,Nairobi,3,45,57,12944.7,11212.93,127.09,7,2825.96,4189.47,17141.76,0.805,2,0.8389,1,1
MFI_KE_004515,34,F,Trans Nzoia,27,78,66,701916.68,631724.57,25334.17,9,249221.23,431937.64,1809442.99,0.7437,2,0.5791,1,4
MFI_KE_004516,41,F,Nyeri,6,101,73,119850.14,105240.76,87974.82,2,227261.98,365236.99,394764.01,0.8089,0,0.787,1,4
MFI_KE_004517,33,F,Kisumu,30,47,41,11071.78,9793.4,4377.41,9,2638.75,2667.04,19853.29,0.7487,0,0.9728,0,1
MFI_KE_004518,27,F,Uasin Gishu,13,46,55,9855.94,8050.04,2212.82,6,1064.5,1363.21,7335.74,0.4943,2,0.8547,0,1
MFI_KE_004519,27,M,Murang'a,38,52,51,11500.33,11007.63,7283.05,7,1968.96,3375.19,12529.51,0.657,5,0.9333,0,1
MFI_KE_004520,33,F,Embu,22,7,5,237132.75,229403.36,17525.72,1,137748.57,175659.61,120440.62,0.8074,17,0.4684,1,3
MFI_KE_004521,47,M,Machakos,9,78,75,177415.45,151128.88,37617.03,2,137017.89,148276.34,304377.61,0.9719,3,0.4612,1,4
MFI_KE_004522,56,M,Kericho,28,12,7,140751.44,107629.1,4990.52,5,38888.18,73140.59,231686.8,0.7954,8,0.6141,1,3
MFI_KE_004523,24,F,Kisumu,25,40,41,63130.46,58324.18,1006.55,6,1091.05,1992.46,5721.65,0.5969,1,0.9136,0,1
MFI_KE_004524,53,M,Kilifi,11,8,8,8152.49,6266.76,8002.57,2,73131.94,79698.55,143561.04,0.8398,8,0.412,0,3
MFI_KE_004525,39,M,Turkana,6,25,17,149861.13,137544.66,11350.89,2,15158.85,23800.28,33526.41,0.9611,13,0.308,0,2
MFI_KE_004526,25,F,Nairobi,75,50,41,5758.89,4568.53,810.02,5,3783.7,7467.61,16430.08,0.3845,1,0.9441,0,1
MFI_KE_004527,38,M,Kilifi,52,18,19,70365.24,67886.75,5456.56,3,15795.52,26154.5,38745.18,0.7746,2,0.8147,1,2
MFI_KE_004528,44,M,Kisii,3,9,3,112655.92,85748.61,2258.97,4,51430.08,102066.91,214006.67,0.8303,7,0.5172,1,3
MFI_KE_004529,35,F,Trans Nzoia,6,8,3,137711.25,129992.62,6690.61,2,210510.06,256598.66,424065.43,0.8236,6,0.2201,1,3
MFI_KE_004530,24,M,Nakuru,3,37,49,9341.51,9580.43,1491.04,6,1301.2,1608.8,6737.7,0.8066,0,0.8516,0,1
MFI_KE_004531,37,F,Trans Nzoia,14,9,8,67519.95,56197.33,25839.4,3,67076.05,92011.75,198840.48,0.7293,1,0.5746,1,3
MFI_KE_004532,43,M,Kiambu,5,31,18,223156.18,179903.66,7762.74,4,73723.48,119684.45,332500.06,0.9897,2,0.4636,1,2
MFI_KE_004533,18,M,Kisii,1,2,2,6631.76,6374.78,613.22,1,1930.17,2319.71,2189.24,0.5019,247,0.8806,0,5
MFI_KE_004534,23,F,Nakuru,31,33,41,13966.47,9833.38,283.47,7,1579.07,2265.4,12490.53,0.5771,0,0.952,0,1
MFI_KE_004535,43,F,Nyeri,3,7,8,28383.78,25518.28,112599.39,3,65201.32,124733.88,199592.74,0.8765,17,0.2205,1,3
MFI_KE_004536,22,F,Trans Nzoia,16,31,19,160096.68,145090.61,20581.39,5,69557.18,121196.36,355948.01,0.9743,5,0.6614,0,2
MFI_KE_004537,43,F,Kericho,1,2,4,6431.59,6309.42,1042.79,0,0.0,0.0,0.0,1.0,16,0.4254,0,5
MFI_KE_004538,33,F,Kakamega,25,97,66,434762.06,354339.08,3276.9,4,218174.83,251771.13,911113.58,0.7465,2,0.3877,0,4
MFI_KE_004539,33,M,Laikipia,3,20,10,18810.21,16972.25,9897.95,5,52069.65,71122.18,277606.45,0.9435,7,0.8988,0,2
MFI_KE_004540,57,M,Kisii,23,37,19,83944.11,76683.4,12005.55,4,31829.27,43036.39,106489.95,0.9716,7,0.5025,1,2
MFI_KE_004541,41,M,Meru,16,26,17,136191.94,125344.88,5162.24,1,42259.17,67525.98,39248.4,0.9389,6,0.3335,0,2
MFI_KE_004542,29,M,Nakuru,2,70,64,266709.58,194696.38,24500.06,1,92964.4,150767.04,96468.61,0.7698,0,0.7865,0,4
MFI_KE_004543,29,M,Kericho,34,11,4,7346.31,6970.25,3388.06,2,96111.2,191822.18,175222.75,0.7383,1,0.3367,1,3
MFI_KE_004544,48,F,Meru,11,28,25,111622.91,84183.23,9080.01,3,19792.36,26184.06,51054.31,0.8722,6,0.7226,0,2
MFI_KE_004545,18,F,Garissa,3,1,4,1609.95,1546.03,1135.16,0,0.0,0.0,0.0,1.0,60,0.5997,0,5
MFI_KE_004546,48,M,Homa Bay,3,8,6,47130.0,33342.1,1488.21,2,64889.42,91523.75,143133.86,0.7205,6,0.4261,1,3
MFI_KE_004547,27,F,Kitui,6,20,13,70340.28,68798.15,9770.03,5,19666.72,30879.1,103685.03,0.9518,35,0.5001,1,2
MFI_KE_004548,52,F,Kitui,52,25,21,174193.43,178851.09,19062.61,2,47842.21,90735.61,86910.39,0.9966,3,0.8253,0,2
MFI_KE_004549,44,M,Murang'a,3,0,6,992.42,842.02,686.24,0,0.0,0.0,0.0,1.0,39,0.6933,0,5
MFI_KE_004550,49,M,Nairobi,21,67,86,404581.09,340137.65,54164.92,6,81433.6,144121.08,540958.2,0.7576,0,0.5737,0,4
MFI_KE_004551,26,M,Nakuru,11,41,44,4684.35,4241.56,1872.0,4,2218.75,3317.38,9022.03,0.8613,0,0.8913,0,1
MFI_KE_004552,48,M,Trans Nzoia,4,31,21,90577.67,90713.9,21022.17,3,14392.17,14799.69,42265.99,0.943,3,0.6091,0,2
MFI_KE_004553,26,M,Nakuru,16,45,50,12135.14,12659.2,113.67,6,2466.28,4705.26,15365.5,0.7725,3,0.7608,0,1
MFI_KE_004554,45,M,Turkana,24,90,56,349242.1,343990.53,60286.86,7,95975.84,153578.84,641735.56,0.8545,0,0.2033,0,4
MFI_KE_004555,42,F,Bungoma,69,22,26,97243.92,93344.53,36119.54,3,98943.52,104781.24,275791.22,0.9999,4,0.5782,1,2
MFI_KE_004556,31,M,Trans Nzoia,4,42,48,6891.55,5855.12,1640.36,4,2594.48,3133.5,11577.59,0.5345,1,0.8934,0,1
MFI_KE_004557,43,F,Nairobi,11,19,28,31842.37,23934.03,12504.46,2,53475.47,58132.4,120933.04,0.9751,1,0.8582,1,2
MFI_KE_004558,48,M,Machakos,27,23,13,172804.07,138971.03,16102.17,3,30540.58,31248.49,102259.39,0.7631,8,0.4793,0,2
MFI_KE_004559,69,M,Garissa,50,9,4,162700.02,135657.57,4255.55,2,140231.3,226237.71,320731.09,0.6934,18,0.149,1,3
MFI_KE_004560,39,F,Kitui,10,1,4,3617.98,3730.95,738.49,1,1526.94,2910.54,1492.29,0.4165,133,0.312,0,5
MFI_KE_004561,22,F,Nakuru,27,53,44,19958.99,19565.86,1812.06,7,2291.28,3763.91,19111.52,0.5077,1,0.9584,0,1
MFI_KE_004562,51,M,Garissa,63,79,75,264701.53,194430.76,5623.83,7,119850.27,136048.75,983361.57,0.7358,0,0.3737,0,4
MFI_KE_004563,59,M,Meru,8,10,3,28906.03,23243.15,31523.68,1,121269.93,163886.81,141892.42,0.7467,8,0.4858,0,3
MFI_KE_004564,23,F,Kiambu,11,53,41,12086.43,12311.29,2154.81,15,2181.1,2735.41,36433.43,0.4925,0,0.8932,0,1
MFI_KE_004565,35,M,Nairobi,3,44,50,21886.2,19669.37,1813.68,8,1539.63,2252.42,12839.3,0.7958,3,0.8564,1,1
MFI_KE_004566,44,M,Garissa,19,75,85,239466.98,222990.12,104290.33,2,310893.26,311792.67,574720.86,0.928,0,0.4706,1,4
MFI_KE_004567,31,M,Nakuru,8,38,37,10794.74,10849.22,20369.87,8,9326.51,12898.15,60847.13,0.8059,0,0.6234,0,1
MFI_KE_004568,37,F,Kitui,3,2,5,1155.22,831.63,198.1,1,1297.88,1344.28,1460.08,0.2179,104,0.8616,0,5
MFI_KE_004569,18,M,Nakuru,2,2,2,5855.74,4994.87,6771.15,0,0.0,0.0,0.0,1.0,40,0.523,0,5
MFI_KE_004570,33,M,Laikipia,3,0,2,1325.01,1072.42,172.05,1,2986.52,3444.97,2894.83,0.968,16,0.7666,0,5
MFI_KE_004571,27,M,Nakuru,7,41,57,22011.93,18664.45,1040.63,1,3844.93,7045.4,3260.31,0.6647,2,0.9531,0,1
MFI_KE_004572,22,F,Bomet,58,12,20,107074.35,76641.04,9466.39,1,21314.7,26911.02,24866.85,0.835,1,0.7378,1,2
MFI_KE_004573,54,M,Kitui,20,5,4,225186.39,183708.96,3312.41,0,0.0,0.0,0.0,0.8876,3,0.3432,1,3
MFI_KE_004574,52,F,Kisii,11,10,4,10603.52,8501.33,2872.36,1,82216.42,134420.78,85500.32,0.8829,4,0.4317,1,3
MFI_KE_004575,37,M,Meru,5,21,22,212701.72,202412.97,7910.27,4,40761.99,74516.31,148210.49,0.9475,3,0.8071,0,2
MFI_KE_004576,39,F,Embu,4,8,4,75159.05,72968.41,329.33,1,31220.78,61382.79,30200.71,0.686,36,0.3626,1,3
MFI_KE_004577,38,F,Murang'a,1,1,2,3974.54,3105.47,191.31,1,2304.94,3198.34,2154.94,0.1988,69,0.8141,0,5
MFI_KE_004578,23,F,Kiambu,40,35,47,9504.2,8679.27,1450.33,7,2672.86,5200.51,21268.12,0.6172,0,0.6787,0,1
MFI_KE_004579,32,F,Garissa,6,49,48,8303.4,7472.8,6263.06,5,1497.29,2671.17,7050.79,0.7648,4,0.9691,0,1
MFI_KE_004580,48,F,Turkana,3,2,2,1062.35,821.53,665.07,0,0.0,0.0,0.0,1.0,17,0.7977,0,5
MFI_KE_004581,24,F,Nakuru,26,31,47,18569.23,18406.46,531.59,8,2923.13,4797.35,27022.9,0.7465,0,0.7415,0,1
MFI_KE_004582,43,M,Kericho,1,3,5,5203.4,4494.32,770.8,0,0.0,0.0,0.0,1.0,10,0.7214,0,5
MFI_KE_004583,34,M,Kisumu,16,39,55,22976.1,21204.56,11893.86,6,1698.13,2633.18,8709.72,0.502,0,0.5984,0,1
MFI_KE_004584,42,F,Nakuru,5,24,25,60096.77,56588.1,5613.37,3,23372.55,33076.44,77935.78,0.9552,7,0.7657,0,2
MFI_KE_004585,35,F,Turkana,3,3,2,9373.4,8233.53,1068.6,0,0.0,0.0,0.0,1.0,108,0.3095,0,5
MFI_KE_004586,36,M,Kakamega,6,3,2,14559.39,10917.55,772.53,0,0.0,0.0,0.0,1.0,162,0.7036,0,5
MFI_KE_004587,21,F,Kisumu,2,38,54,17373.43,15291.35,2605.85,10,1890.32,3606.15,19925.51,0.6048,0,0.9492,0,1
MFI_KE_004588,20,F,Kisumu,8,45,51,35662.69,34165.38,883.4,15,1650.21,2663.19,28106.27,0.8067,1,0.8025,1,1
MFI_KE_004589,39,F,Laikipia,7,8,8,23900.51,18964.63,845.43,3,31670.33,58929.23,104028.35,0.5199,1,0.2734,1,3
MFI_KE_004590,31,F,Kiambu,14,39,51,18162.0,15627.39,1834.9,3,3745.52,5125.83,9364.53,0.7509,0,0.7015,0,1
MFI_KE_004591,26,M,Kisumu,4,35,45,15154.27,13573.7,1515.7,5,3878.42,6426.96,17112.03,0.6722,1,0.8753,0,1
MFI_KE_004592,28,F,Kitui,63,49,42,20319.16,14614.41,504.67,6,1244.33,2300.8,8909.62,0.6915,1,0.9361,0,1
MFI_KE_004593,25,F,Nairobi,12,49,46,10972.04,9079.69,989.59,10,3037.58,5030.12,28310.28,0.7184,5,0.9128,0,1
MFI_KE_004594,29,F,Turkana,1,1,2,1392.56,1189.64,677.76,0,0.0,0.0,0.0,1.0,108,0.7191,0,5
MFI_KE_004595,54,F,Machakos,25,8,4,168279.35,118274.63,1299.56,5,20564.7,22880.03,94688.52,0.6779,1,0.574,1,3
MFI_KE_004596,18,M,Embu,12,3,5,8984.28,6601.34,236.07,0,0.0,0.0,0.0,1.0,29,0.553,1,5
MFI_KE_004597,44,F,Bungoma,29,20,27,92074.22,94840.29,8918.95,2,39731.25,72555.38,81031.4,0.9717,2,0.7242,0,2
MFI_KE_004598,22,F,Kiambu,10,36,53,39437.99,40591.35,570.58,10,2144.73,3227.78,24048.03,0.4812,1,0.8529,0,1
MFI_KE_004599,41,M,Meru,11,11,7,16919.34,16572.68,649.87,0,0.0,0.0,0.0,0.8465,2,0.5906,1,3
MFI_KE_004600,22,F,Uasin Gishu,39,40,55,14296.67,13436.08,229.88,6,2398.6,3646.07,12103.22,0.7774,2,0.9083,0,1
MFI_KE_004601,45,F,Mombasa,3,92,72,110686.5,97007.15,163588.56,5,65815.36,119254.62,345286.47,0.8361,1,0.1612,1,4
MFI_KE_004602,23,M,Murang'a,1,2,6,1128.55,1174.57,1349.46,0,0.0,0.0,0.0,1.0,22,0.3271,0,5
MFI_KE_004603,30,F,Kilifi,31,38,51,49376.03,46754.66,2606.13,7,1458.88,2453.05,8876.2,0.4405,4,0.7949,0,1
MFI_KE_004604,22,M,Uasin Gishu,7,33,57,30349.17,28584.27,1947.29,10,1234.8,1713.9,10533.76,0.9572,7,0.8899,0,1
MFI_KE_004605,44,F,Bomet,10,35,22,127226.62,94842.44,29233.37,6,71101.65,111517.8,457518.21,0.9759,4,0.578,0,2
MFI_KE_004606,48,M,Trans Nzoia,7,74,67,112752.77,100312.92,46161.79,2,163248.39,250398.83,371482.18,0.77,1,0.8935,0,4
MFI_KE_004607,33,F,Uasin Gishu,84,19,25,45331.54,42023.86,20700.73,0,0.0,0.0,0.0,0.9298,1,0.8481,1,2
MFI_KE_004608,40,M,Bungoma,30,20,18,70954.4,50583.36,40165.29,5,52243.2,92781.71,236142.07,0.9678,9,0.5157,0,2
MFI_KE_004609,32,M,Uasin Gishu,28,33,59,2657.96,2305.65,2498.3,5,2669.01,4836.16,12299.67,0.7664,4,0.9185,0,1
MFI_KE_004610,32,M,Homa Bay,15,26,22,76226.88,75303.6,8129.5,3,27052.22,38376.84,80041.35,0.9608,6,0.8566,0,2
MFI_KE_004611,18,M,Uasin Gishu,39,45,42,22703.85,23672.17,2394.21,6,1661.19,1931.24,9721.11,0.7686,1,0.9595,0,1
MFI_KE_004612,59,M,Embu,18,26,21,44792.53,34894.46,13442.66,5,22639.94,23104.63,110964.55,0.9049,9,0.709,1,2
MFI_KE_004613,46,F,Migori,2,4,4,3367.21,2998.9,3121.09,1,3254.27,6171.89,3461.15,0.1763,84,0.5581,0,5
MFI_KE_004614,49,M,Machakos,6,30,22,61278.42,49907.42,2712.86,2,28931.04,31196.39,65195.86,0.93,3,0.7399,1,2
MFI_KE_004615,50,F,Kilifi,10,83,66,422473.63,408282.81,44256.9,6,157623.69,250380.9,875261.24,0.8634,10,0.6182,0,4
MFI_KE_004616,26,M,Kakamega,4,77,83,101970.65,76886.63,41223.28,8,134097.86,159050.34,1181784.08,0.9643,6,0.663,1,4
MFI_KE_004617,18,M,Uasin Gishu,53,33,42,46527.66,47116.77,3213.02,10,1923.45,1975.53,23043.99,0.8003,0,0.8234,0,1
MFI_KE_004618,19,F,Kisumu,3,34,38,11362.86,8038.0,415.97,8,3471.2,4112.33,31015.21,0.5496,1,0.8078,0,1
MFI_KE_004619,40,F,Homa Bay,5,22,23,35804.58,33094.46,9849.03,1,30462.22,33117.27,26424.26,0.8447,6,0.5508,1,2
MFI_KE_004620,36,M,Kisumu,4,40,45,39876.58,37998.79,4077.21,10,1866.72,3303.51,21491.56,0.8302,2,0.8378,0,1
MFI_KE_004621,24,M,Machakos,14,33,40,6170.52,5063.93,869.02,9,1458.97,2559.53,14502.63,0.4829,0,0.8048,0,1
MFI_KE_004622,48,F,Uasin Gishu,16,83,64,376818.15,393590.79,84871.75,2,66649.55,116400.8,111081.05,0.7828,8,0.361,1,4
MFI_KE_004623,30,F,Nakuru,13,29,20,36349.62,34253.07,9506.45,6,41163.53,41639.15,238999.48,0.9073,26,0.4725,0,2
MFI_KE_004624,43,F,Laikipia,2,78,70,638083.99,561693.81,13411.42,6,68348.77,132056.24,462680.14,0.9783,0,0.8355,1,4
MFI_KE_004625,25,M,Laikipia,40,43,60,52458.91,41166.74,1634.19,6,2571.66,4349.64,18047.25,0.4617,2,0.9202,0,1
MFI_KE_004626,38,M,Uasin Gishu,9,53,64,8348.82,8363.25,16403.5,8,2943.82,4073.28,23308.27,0.6101,0,0.8491,0,1
MFI_KE_004627,34,F,Nakuru,5,35,42,264542.3,191357.73,2193.38,10,1455.51,2856.7,12225.44,0.6003,1,0.9533,0,1
MFI_KE_004628,52,F,Murang'a,25,19,22,152075.47,136671.71,7802.62,4,22347.05,27609.72,102173.77,0.9546,13,0.5099,1,2
MFI_KE_004629,58,M,Garissa,3,2,6,2228.25,2327.18,1041.86,0,0.0,0.0,0.0,1.0,55,0.7304,0,5
MFI_KE_004630,39,F,Meru,13,30,20,44479.57,43501.49,22258.55,2,35607.69,70680.51,73196.76,0.9027,2,0.3964,0,2
MFI_KE_004631,32,F,Kericho,25,25,21,91325.3,63940.02,21336.37,7,13167.67,24291.16,75005.09,0.9991,2,0.7522,1,2
MFI_KE_004632,48,M,Garissa,19,15,4,135437.46,126335.07,8769.4,2,113942.25,216890.16,216406.46,0.7406,28,0.5728,1,3
MFI_KE_004633,25,F,Bomet,12,8,7,131210.95,99172.44,4510.3,4,34055.79,54649.88,123193.75,0.7539,8,0.467,1,3
MFI_KE_004634,36,F,Murang'a,3,2,4,3063.25,2459.73,138.36,0,0.0,0.0,0.0,1.0,74,0.7806,0,5
MFI_KE_004635,22,F,Mombasa,11,30,58,4998.45,4341.81,4401.26,11,2271.41,4521.96,25358.82,0.588,1,0.921,0,1
MFI_KE_004636,35,M,Homa Bay,4,1,4,626.35,564.06,2113.95,1,957.12,1779.51,913.64,0.1929,15,0.5614,1,5
MFI_KE_004637,39,M,Kisii,3,61,71,113359.82,91937.89,28287.29,9,160386.3,234739.91,1332856.24,0.5753,0,0.6801,1,4
MFI_KE_004638,63,F,Garissa,1,3,5,2273.82,2348.61,861.89,0,0.0,0.0,0.0,1.0,54,0.4845,0,5
MFI_KE_004639,26,F,Nakuru,19,36,50,14131.49,13532.49,741.89,8,4217.25,6970.92,30849.88,0.825,0,0.8332,0,1
MFI_KE_004640,28,M,Kiambu,21,48,36,10376.0,7301.02,252.62,5,1427.47,2671.27,6075.95,0.6534,3,0.8729,0,1
MFI_KE_004641,45,F,Machakos,52,25,25,92362.46,84902.57,9197.56,2,44302.19,54242.28,76626.3,0.9788,3,0.8611,1,2
MFI_KE_004642,21,F,Laikipia,1,2,4,9262.58,8727.37,2035.12,0,0.0,0.0,0.0,1.0,103,0.5048,0,5
MFI_KE_004643,27,F,Kilifi,7,38,37,40740.32,41432.03,2741.46,3,720.59,742.47,1997.18,0.5669,4,0.888,0,1
MFI_KE_004644,28,F,Uasin Gishu,4,43,44,4004.69,4053.01,4418.68,9,5644.09,6476.89,44384.64,0.845,0,0.9331,0,1
MFI_KE_004645,30,F,Kiambu,13,29,52,50386.84,36793.63,1567.24,8,1720.28,2377.76,13450.94,0.7486,0,0.9233,0,1
MFI_KE_004646,29,M,Machakos,4,1,2,11118.45,9168.54,815.83,2,1253.03,2039.88,2030.0,0.2908,28,0.6802,0,5
MFI_KE_004647,23,F,Garissa,10,23,17,51738.09,41540.08,30440.82,2,16317.88,18721.49,37999.84,0.9998,15,0.8209,0,2
MFI_KE_004648,24,M,Bungoma,13,28,19,31891.24,31582.37,19569.43,4,17490.89,25812.0,68975.08,0.8971,10,0.8184,1,2
MFI_KE_004649,30,M,Embu,5,0,4,13312.32,11928.73,257.58,0,0.0,0.0,0.0,1.0,29,0.7332,1,5
MFI_KE_004650,46,M,Kisii,4,80,78,257623.11,253637.15,41057.03,4,90223.36,130595.96,347397.37,0.9528,0,0.6777,0,4
MFI_KE_004651,41,M,Kakamega,27,11,4,17270.35,14386.85,10430.52,2,68199.59,92320.24,118460.85,0.7139,1,0.5969,1,3
MFI_KE_004652,28,F,Nairobi,55,45,41,21459.92,21124.57,373.69,9,2279.27,3340.98,24197.43,0.8775,1,0.9901,0,1
MFI_KE_004653,25,F,Uasin Gishu,2,39,50,15594.53,15759.33,1510.99,11,1222.88,1602.43,13038.43,0.8575,1,0.7767,0,1
MFI_KE_004654,34,M,Kiambu,10,23,20,243407.02,216896.87,26067.9,2,31552.53,46513.75,62768.63,0.9241,19,0.5456,1,2
MFI_KE_004655,49,F,Kilifi,17,70,77,610026.84,509148.98,17573.67,2,89375.89,156433.07,196192.01,0.7851,0,0.5962,0,4
MFI_KE_004656,18,F,Nairobi,2,45,52,12196.57,11219.7,1506.6,10,1311.23,2619.44,10866.2,0.8516,0,0.9829,0,1
MFI_KE_004657,30,F,Turkana,14,22,20,107473.22,83600.68,15826.94,3,23711.22,34530.76,77068.49,0.944,4,0.7803,1,2
MFI_KE_004658,42,F,Bungoma,10,10,9,59575.67,53886.17,2212.18,1,49521.79,77158.38,53107.75,0.6778,8,0.558,1,3
MFI_KE_004659,29,F,Kiambu,8,20,24,250789.36,214402.44,29035.51,3,29198.15,56719.17,82183.28,0.7601,16,0.6952,1,2
MFI_KE_004660,50,M,Garissa,27,6,11,101844.19,104719.2,14783.95,2,75930.82,143925.26,141595.49,0.7703,7,0.5539,1,3
MFI_KE_004661,18,F,Kisumu,17,37,53,25033.43,24032.68,1920.45,9,2097.14,3640.19,20448.55,0.6256,1,0.9432,0,1
MFI_KE_004662,35,F,Migori,3,11,8,44737.13,44457.37,2901.09,2,27023.82,34431.26,51283.19,0.7586,4,0.3539,1,3
MFI_KE_004663,44,M,Bomet,7,5,8,41229.31,33422.51,1222.16,1,154598.96,291055.44,133082.9,0.912,19,0.5878,1,3
MFI_KE_004664,43,M,Meru,5,0,1,1062.58,933.75,901.54,1,1306.54,2214.8,1422.2,0.3159,33,0.4329,0,5
MFI_KE_004665,19,F,Uasin Gishu,4,36,50,28917.8,29201.44,3787.79,5,2929.7,4300.38,13399.34,0.8374,4,0.8233,1,1
MFI_KE_004666,19,F,Nairobi,11,44,48,45911.33,37930.36,1982.15,10,2725.6,3222.6,32574.35,0.8381,0,0.9303,0,1
MFI_KE_004667,56,F,Kisii,13,8,2,85872.12,85581.34,4561.53,0,0.0,0.0,0.0,0.8224,7,0.4032,1,3
MFI_KE_004668,52,M,Nyeri,21,7,4,59553.69,49660.82,3174.28,1,65920.4,92866.72,78238.7,0.5612,6,0.3932,0,3
MFI_KE_004669,28,M,Uasin Gishu,8,39,60,8971.86,8045.55,10031.37,5,1951.22,3849.46,10303.49,0.6904,0,0.8637,0,1
MFI_KE_004670,42,F,Trans Nzoia,19,6,7,170999.88,158238.27,11242.2,3,103226.04,154520.58,257712.63,0.6909,4,0.4967,1,3
MFI_KE_004671,54,F,Uasin Gishu,53,27,21,35603.52,36352.33,2190.85,3,40272.28,70764.12,115116.63,0.9893,7,0.7521,0,2
MFI_KE_004672,23,F,Nakuru,3,37,45,25857.67,18759.37,1506.58,5,2112.91,3089.43,12269.82,0.5221,8,0.9173,0,1
MFI_KE_004673,21,M,Mombasa,11,54,44,14054.0,11253.23,3866.69,6,3390.49,4938.68,23221.37,0.6507,4,0.9456,1,1
MFI_KE_004674,53,F,Kiambu,2,79,71,326807.39,238461.57,42380.22,6,85070.04,102957.39,496257.29,0.5231,2,0.588,1,4
MFI_KE_004675,62,M,Homa Bay,8,6,8,19014.76,15277.13,4701.13,0,0.0,0.0,0.0,0.9306,1,0.5242,1,3
MFI_KE_004676,67,M,Machakos,3,10,6,378347.38,356629.31,1609.32,4,161152.3,192692.12,673415.08,0.857,5,0.2878,0,3
MFI_KE_004677,26,F,Mombasa,28,43,52,8152.42,7346.69,3903.85,17,1506.9,2972.99,24110.85,0.6046,1,0.9478,0,1
MFI_KE_004678,33,F,Mombasa,19,34,64,27998.82,21766.78,927.36,4,2748.04,3404.49,10351.2,0.6778,0,0.9155,0,1
MFI_KE_004679,30,F,Bomet,28,12,1,226167.79,221693.09,6414.6,1,54262.92,102113.15,62533.95,0.8056,22,0.5043,0,3
MFI_KE_004680,37,M,Kiambu,27,82,53,168329.7,143842.12,10187.35,1,145131.45,173811.73,149176.84,0.9665,2,0.3693,1,4
MFI_KE_004681,29,F,Nairobi,21,42,44,10833.27,9664.84,1645.92,7,2185.72,3105.29,13494.39,0.8128,1,0.6418,0,1
MFI_KE_004682,40,F,Turkana,13,73,72,534159.6,477079.64,95303.83,3,71405.86,87765.98,249865.09,0.7786,4,0.265,1,4
MFI_KE_004683,59,M,Meru,4,8,9,92584.51,89992.62,1679.18,1,77213.44,110090.48,83491.49,0.7988,4,0.5507,1,3
MFI_KE_004684,30,F,Murang'a,19,31,20,29305.08,20766.03,21490.34,1,54648.27,63629.51,56748.01,0.8044,5,0.1376,0,2
MFI_KE_004685,25,F,Embu,22,40,57,4273.17,3811.41,1230.91,8,2839.14,4392.01,18302.81,0.7799,3,0.9762,0,1
MFI_KE_004686,47,M,Bungoma,8,3,3,5560.42,4198.95,459.04,1,1477.29,1559.31,1243.86,0.377,114,0.5063,0,5
MFI_KE_004687,28,F,Bomet,3,91,82,146706.29,140139.23,94008.32,3,93005.44,116200.45,231685.07,0.7561,1,0.6959,0,4
MFI_KE_004688,22,F,Nyeri,42,22,29,142117.61,125560.76,41385.85,2,33612.6,66509.27,62023.07,0.8886,3,0.3404,0,2
MFI_KE_004689,18,F,Nairobi,18,43,50,17437.44,13362.32,3582.8,11,844.19,1475.86,9331.59,0.6127,0,0.9015,0,1
MFI_KE_004690,42,M,Nakuru,13,77,73,560019.83,510505.53,40996.87,8,129288.38,221132.8,1141067.1,0.7127,5,0.5098,0,4
MFI_KE_004691,21,M,Kisumu,73,45,34,29345.81,26436.14,949.66,8,1629.82,1872.6,13624.74,0.4069,2,0.8216,0,1
MFI_KE_004692,32,M,Machakos,14,37,54,12468.05,11402.22,7857.72,8,887.2,992.67,6388.74,0.7136,0,0.7683,0,1
MFI_KE_004693,18,M,Kiambu,40,35,57,13156.02,12991.01,3374.67,3,1074.86,2008.99,3726.04,0.5711,2,0.8138,0,1
MFI_KE_004694,23,F,Nairobi,2,38,58,73808.46,64627.06,3894.61,6,1818.77,3517.76,12050.98,0.5925,1,0.9756,0,1
MFI_KE_004695,20,M,Kisumu,29,33,51,23023.65,23293.06,1655.96,10,1757.34,3081.74,15339.03,0.6734,2,0.8871,0,1
MFI_KE_004696,31,M,Kitui,10,7,9,74695.08,56014.0,5103.46,3,115036.96,207640.72,387022.2,0.6494,9,0.4707,1,3
MFI_KE_004697,56,F,Garissa,7,7,10,227386.87,188511.32,5265.67,0,0.0,0.0,0.0,0.8711,4,0.4637,1,3
MFI_KE_004698,41,M,Kitui,28,14,19,97710.73,100086.38,3910.49,3,42979.52,48522.7,134388.36,0.8526,17,0.5654,0,2
MFI_KE_004699,18,M,Kiambu,11,35,54,46748.44,46399.11,783.46,11,3136.66,6043.79,29400.84,0.7997,2,0.9723,1,1
MFI_KE_004700,25,F,Nakuru,3,1,2,1707.69,1211.86,3886.71,0,0.0,0.0,0.0,1.0,23,0.6162,0,5
MFI_KE_004701,54,M,Kiambu,45,18,23,72526.87,67195.53,8981.6,9,31315.55,56478.35,317860.96,0.8119,6,0.7308,0,2
MFI_KE_004702,57,F,Migori,15,10,8,174354.92,126773.82,1011.09,2,72254.06,124207.33,137595.56,0.936,3,0.3612,1,3
MFI_KE_004703,47,F,Meru,16,75,77,89390.39,68676.48,21165.51,6,125979.01,242523.91,763861.97,0.9768,0,0.19,0,4
MFI_KE_004704,50,M,Kisii,9,22,18,49140.65,42528.61,20602.08,1,73740.18,122577.52,67143.71,0.9748,1,0.5523,0,2
MFI_KE_004705,41,M,Bomet,14,5,5,185919.64,137895.82,2920.74,0,0.0,0.0,0.0,0.4445,8,0.3561,1,3
MFI_KE_004706,72,M,Trans Nzoia,9,7,6,4143.52,4116.83,7428.94,1,45823.92,84636.11,43414.11,0.7345,8,0.2055,1,3
MFI_KE_004707,47,F,Kisii,14,27,23,47391.63,46285.53,13476.18,2,19519.99,34754.18,45623.16,0.9454,15,0.7314,0,2
MFI_KE_004708,45,F,Kiambu,16,21,23,64075.07,61716.89,34879.33,8,28543.74,53414.4,184287.54,0.921,25,0.59,0,2
MFI_KE_004709,48,M,Trans Nzoia,2,3,4,1744.83,1659.01,963.82,0,0.0,0.0,0.0,1.0,22,0.534,1,5
MFI_KE_004710,55,F,Kilifi,9,12,5,123380.82,99273.2,2626.09,2,57279.88,98743.24,102508.9,0.5338,8,0.3594,1,3
MFI_KE_004711,20,F,Mombasa,11,35,44,20747.05,18287.38,721.96,8,1658.25,2867.86,12212.56,0.6457,5,0.8395,1,1
MFI_KE_004712,39,F,Nakuru,2,76,50,162574.54,160004.5,13186.77,2,78995.51,145895.77,167590.13,0.9482,2,0.4748,1,4
MFI_KE_004713,39,M,Nairobi,16,28,17,110135.9,84509.49,30621.33,1,22029.8,37111.22,25461.57,0.9586,50,0.6172,0,2
MFI_KE_004714,29,F,Uasin Gishu,4,24,22,72039.84,75450.14,8762.21,1,51667.87,100358.4,58073.57,0.9385,16,0.7078,0,2
MFI_KE_004715,27,M,Kisii,1,1,8,5856.52,4129.02,69.43,0,0.0,0.0,0.0,1.0,33,0.5469,0,5
MFI_KE_004716,29,F,Uasin Gishu,12,49,66,12904.0,9248.17,9291.06,7,2481.88,4689.62,16259.24,0.8354,1,0.7897,0,1
MFI_KE_004717,59,M,Homa Bay,3,10,2,86141.32,82531.58,15203.5,1,200228.42,336674.07,214864.14,0.5646,3,0.4301,1,3
MFI_KE_004718,32,F,Kilifi,2,24,26,183662.53,149532.94,12641.71,5,31144.97,31626.12,127118.49,0.9987,10,0.7071,0,2
MFI_KE_004719,49,M,Kitui,32,5,4,40198.78,29654.16,1661.85,1,78059.92,111646.05,92675.91,0.567,10,0.6569,1,3
MFI_KE_004720,42,M,Kiambu,6,22,26,41421.75,40644.55,11657.53,2,28094.44,29595.48,48488.82,0.9172,1,0.8911,1,2
MFI_KE_004721,62,F,Nyeri,13,9,3,58588.58,55747.15,1344.29,3,91346.76,138583.97,324274.71,0.9373,12,0.5102,1,3
MFI_KE_004722,29,F,Trans Nzoia,4,53,41,18175.34,18925.27,1655.03,7,971.91,1384.2,5500.44,0.8511,3,0.9462,0,1
MFI_KE_004723,22,F,Bungoma,9,10,8,100305.76,83184.32,7677.04,1,72498.59,127942.05,63611.89,0.6689,3,0.2713,0,3
MFI_KE_004724,32,M,Kisumu,17,48,49,3006.69,2904.31,3532.14,6,1286.8,2001.72,7242.16,0.6389,3,0.8426,0,1
MFI_KE_004725,30,M,Homa Bay,12,83,75,406771.77,284975.75,21904.44,10,155499.42,165029.2,1400668.94,0.9356,2,0.6862,1,4
MFI_KE_004726,34,M,Bungoma,1,0,1,4982.94,4665.92,1180.49,0,0.0,0.0,0.0,1.0,62,0.8413,0,5
MFI_KE_004727,33,M,Kitui,1,3,4,3655.4,2703.67,176.21,0,0.0,0.0,0.0,1.0,42,0.916,0,5
MFI_KE_004728,47,F,Laikipia,56,7,5,91775.25,79364.62,3090.99,3,90671.55,146421.92,265516.64,0.8223,4,0.3075,1,3
MFI_KE_004729,28,F,Nairobi,32,30,50,4014.25,3192.96,2490.7,6,2744.32,3701.52,17694.8,0.6228,8,0.8538,0,1
MFI_KE_004730,42,F,Laikipia,1,1,5,2584.45,1895.55,98.72,3,1619.15,2710.67,5469.26,0.6408,10,0.6616,0,5
MFI_KE_004731,35,F,Bomet,7,31,45,17670.9,16780.19,2294.44,9,1388.74,2698.43,10243.4,0.6992,2,0.8336,0,1
MFI_KE_004732,27,M,Nairobi,2,25,17,103150.82,97572.19,10864.09,4,102216.95,167627.8,455993.49,0.9634,7,0.7327,1,2
MFI_KE_004733,28,F,Nakuru,2,89,70,396044.93,329165.62,39878.37,4,151291.11,161684.96,522051.31,0.7317,0,0.4449,1,4
MFI_KE_004734,60,M,Kericho,16,10,8,16087.87,13640.28,16128.79,1,90602.75,110706.01,106739.98,0.8678,8,0.0576,1,3
MFI_KE_004735,53,F,Murang'a,21,6,3,129664.66,102223.64,3386.0,1,73611.94,89582.09,80076.34,0.9107,5,0.5298,1,3
MFI_KE_004736,19,F,Kisumu,59,25,54,3158.21,2848.06,2204.39,9,5748.22,5803.53,58719.79,0.5766,4,0.9616,0,1
MFI_KE_004737,27,M,Kitui,14,45,40,3228.57,2571.89,585.05,10,3500.4,4060.26,31891.7,0.8831,2,0.835,0,1
MFI_KE_004738,31,F,Mombasa,8,37,48,22755.52,16478.31,631.48,6,3247.51,6243.39,20225.43,0.7126,7,0.8835,0,1
MFI_KE_004739,35,F,Kisii,21,84,71,72012.29,70437.6,66975.92,2,151995.23,161764.11,295407.93,0.7485,1,0.4178,1,4
MFI_KE_004740,28,F,Kiambu,9,44,66,3651.3,3694.04,534.54,4,1919.67,2289.44,6629.26,0.7543,0,0.9167,0,1
MFI_KE_004741,46,M,Kisumu,27,24,14,100512.38,72816.75,122002.71,3,33025.56,46983.58,111921.41,0.9701,1,0.2439,0,2
MFI_KE_004742,18,M,Nairobi,22,46,36,76523.55,68839.71,1757.31,5,1174.86,1491.77,4876.79,0.8619,0,0.9728,0,1
MFI_KE_004743,47,M,Mombasa,4,28,32,68152.26,60570.22,8033.64,2,32286.6,41578.91,74996.87,0.989,17,0.5337,0,2
MFI_KE_004744,45,F,Kisii,13,11,4,265629.93,278895.96,12567.11,1,25200.7,27661.22,26254.54,0.7746,8,0.6188,0,3
MFI_KE_004745,51,M,Kitui,35,73,66,1302962.9,933675.07,19005.88,8,146872.05,159373.67,1302413.87,0.799,2,0.6243,0,4
MFI_KE_004746,51,F,Bomet,3,1,7,16419.68,15081.11,160.76,0,0.0,0.0,0.0,1.0,204,0.6698,0,5
MFI_KE_004747,30,F,Kitui,12,35,42,5626.25,4054.37,944.72,5,566.05,1022.91,2930.13,0.4841,2,0.918,0,1
MFI_KE_004748,49,M,Kiambu,8,17,24,47694.58,46779.31,40561.31,2,55947.77,81859.6,94192.84,0.9509,10,0.7131,0,2
MFI_KE_004749,34,F,Trans Nzoia,23,24,19,158255.91,151355.01,37140.19,0,0.0,0.0,0.0,0.9439,23,0.7375,0,2
MFI_KE_004750,33,F,Bomet,1,0,3,28369.38,23628.38,182.28,0,0.0,0.0,0.0,1.0,114,0.7343,0,5
MFI_KE_004751,26,F,Kiambu,25,33,42,14984.62,14733.22,1994.34,7,1560.61,3027.09,11699.32,0.5127,4,0.8594,1,1
MFI_KE_004752,27,M,Kilifi,40,90,67,198316.87,147971.4,72461.06,8,153865.64,242636.78,1085804.59,0.7763,2,0.4963,0,4
MFI_KE_004753,30,F,Garissa,38,9,1,20911.34,20396.35,2625.12,3,60690.73,77139.34,156660.55,0.7738,1,0.2478,0,3
MFI_KE_004754,50,M,Bungoma,2,11,4,206625.45,195950.94,7353.61,3,38883.26,63006.24,125156.83,0.8095,1,0.4113,1,3
MFI_KE_004755,24,F,Bomet,31,61,76,255203.2,265468.08,46976.49,4,246372.23,349400.85,827652.8,0.8478,0,0.6382,0,4
MFI_KE_004756,32,M,Uasin Gishu,38,19,23,69414.88,64527.17,14024.5,3,22283.58,36238.98,53953.2,0.9219,13,0.6046,0,2
MFI_KE_004757,26,M,Kakamega,7,33,21,79078.97,55598.74,11635.14,0,0.0,0.0,0.0,0.8991,9,0.5787,1,2
MFI_KE_004758,35,M,Meru,8,31,25,48891.99,48634.25,11455.03,1,13685.58,17977.89,14447.47,0.7524,2,0.7156,0,2
MFI_KE_004759,25,F,Nairobi,13,32,49,54023.9,43590.49,3370.54,6,5428.29,9362.72,33194.37,0.8754,1,0.9105,1,1
MFI_KE_004760,31,F,Kiambu,23,46,48,17019.65,13820.33,1090.0,7,1660.36,2063.24,11380.91,0.7289,1,0.8651,0,1
MFI_KE_004761,31,F,Kiambu,34,40,57,13255.26,10329.07,3349.34,6,4604.25,6587.85,31361.38,0.6823,5,0.8703,0,1
MFI_KE_004762,25,F,Nairobi,9,32,50,22843.68,20380.75,5533.15,12,4235.52,6388.7,60887.49,0.6893,0,0.8996,0,1
MFI_KE_004763,37,F,Homa Bay,33,19,21,77023.11,58587.64,39237.92,3,31154.8,61184.11,95326.4,0.9536,20,0.7507,0,2
MFI_KE_004764,40,M,Nyeri,2,0,3,3200.92,2576.47,1836.42,0,0.0,0.0,0.0,1.0,94,0.5148,0,5
MFI_KE_004765,38,M,Meru,12,26,22,28541.09,21523.94,9104.0,2,38226.42,69210.68,64765.08,0.9831,8,0.5063,0,2
MFI_KE_004766,24,M,Nyeri,47,18,24,22780.01,20361.86,15372.1,1,33766.73,60914.36,37423.52,0.9375,5,0.8034,0,2
MFI_KE_004767,36,F,Laikipia,8,23,30,69843.98,56934.38,9411.85,1,46437.5,76176.16,53190.75,0.9808,3,0.6307,0,2
MFI_KE_004768,32,M,Kisii,5,32,12,25126.48,24212.55,11392.79,5,8323.95,8757.3,44506.6,0.9872,17,0.4203,1,2
MFI_KE_004769,54,F,Kakamega,10,2,0,595.2,462.8,323.38,0,0.0,0.0,0.0,1.0,46,0.583,0,5
MFI_KE_004770,19,F,Meru,5,34,52,29273.88,24780.92,3875.27,7,1016.79,1423.4,6549.77,0.5947,9,0.8871,0,1
MFI_KE_004771,27,M,Turkana,7,2,4,321.41,287.29,3345.68,0,0.0,0.0,0.0,1.0,90,0.3201,0,5
MFI_KE_004772,30,F,Kisumu,11,39,49,32531.51,30079.66,1368.82,3,2448.15,3101.3,6272.86,0.5822,4,0.7527,0,1
MFI_KE_004773,47,F,Garissa,10,22,25,55584.94,48188.85,11313.26,5,23895.91,29434.49,102039.81,0.9917,21,0.4365,0,2
MFI_KE_004774,18,M,Nakuru,2,2,6,17368.02,14308.19,403.19,2,709.54,904.39,1212.41,0.2137,39,0.7036,0,5
MFI_KE_004775,18,F,Mombasa,25,36,48,3936.56,4036.91,447.14,9,1492.31,2568.31,10967.34,0.4999,12,0.854,0,1
MFI_KE_004776,32,M,Garissa,4,11,5,24115.78,20852.86,20863.96,1,35161.25,45319.4,40765.83,0.7464,3,0.5949,1,3
MFI_KE_004777,31,M,Mombasa,31,67,86,261189.61,228884.49,24009.19,7,244719.95,375954.23,1748532.01,0.8707,0,0.4903,0,4
MFI_KE_004778,23,F,Mombasa,6,29,41,9216.7,8871.01,1635.38,9,1001.59,1610.6,10211.17,0.4377,4,0.7806,1,1
MFI_KE_004779,55,F,Garissa,37,5,5,62235.25,52057.48,975.0,3,34756.59,48039.27,92594.36,0.9297,2,0.5238,0,3
MFI_KE_004780,42,F,Turkana,2,10,11,475256.76,414054.91,9119.26,1,87721.39,101152.18,91110.8,0.8658,13,0.383,1,3
MFI_KE_004781,50,M,Kisii,5,8,5,23259.8,17120.78,1855.0,0,0.0,0.0,0.0,0.7157,9,0.4652,1,3
MFI_KE_004782,54,F,Bungoma,27,10,4,342450.41,239985.88,10545.78,2,38438.34,48516.14,91572.52,0.8663,8,0.7546,1,3
MFI_KE_004783,35,M,Garissa,41,5,6,56072.42,55617.37,12108.16,1,93197.32,99126.61,111439.09,0.6899,6,0.1399,1,3
MFI_KE_004784,30,F,Kitui,41,30,17,91367.51,88290.66,21705.19,3,91483.18,128494.52,328000.22,0.9466,9,0.3939,0,2
MFI_KE_004785,53,M,Trans Nzoia,10,10,8,209515.74,167069.51,1473.68,3,46128.52,85063.8,136610.0,0.9532,5,0.4311,1,3
MFI_KE_004786,31,M,Uasin Gishu,14,43,47,3384.85,3548.97,1044.44,14,1634.61,2157.93,24592.48,0.6097,11,0.9574,0,1
MFI_KE_004787,23,F,Nakuru,13,55,61,12730.59,11290.46,1905.26,6,2100.01,3816.65,12255.6,0.4175,0,0.8825,0,1
MFI_KE_004788,22,F,Mombasa,22,40,53,5026.82,3846.59,1051.98,13,1638.27,1951.54,18222.53,0.705,0,0.8869,0,1
MFI_KE_004789,33,F,Mombasa,12,38,51,6204.49,4691.73,2969.04,4,1276.35,2339.07,4094.45,0.5404,4,0.8122,0,1
MFI_KE_004790,23,F,Uasin Gishu,9,24,24,134531.56,112032.11,17051.54,1,29188.31,36188.78,23523.32,0.9677,7,0.7748,0,2
MFI_KE_004791,29,F,Nakuru,26,38,50,14126.66,10332.54,2704.87,10,2364.77,3310.45,25548.0,0.2845,2,0.751,0,1
MFI_KE_004792,33,M,Turkana,24,74,73,97390.6,72824.43,17752.25,8,94524.49,101012.69,639837.45,0.8746,1,0.466,1,4
MFI_KE_004793,38,M,Kilifi,3,4,2,840.47,877.31,534.66,0,0.0,0.0,0.0,1.0,12,0.5974,0,5
MFI_KE_004794,44,F,Kitui,58,8,5,70323.69,52717.92,6098.1,0,0.0,0.0,0.0,0.8182,6,0.4581,1,3
MFI_KE_004795,27,F,Bomet,12,35,24,144866.66,141389.98,3182.93,4,36235.39,66355.42,142696.57,0.9288,16,0.7108,0,2
MFI_KE_004796,45,M,Kisumu,1,2,5,4186.52,3396.84,456.28,1,1668.68,1774.6,1654.19,0.2765,49,0.5632,0,5
MFI_KE_004797,25,F,Nairobi,23,41,59,9759.61,7092.99,2066.87,7,2586.39,3196.0,19076.52,0.4278,2,0.97,0,1
MFI_KE_004798,35,M,Migori,5,23,26,54327.89,43263.27,45758.02,3,25886.01,39053.17,89508.28,0.9366,14,0.7839,0,2
MFI_KE_004799,29,F,Kiambu,1,0,3,11798.3,10089.28,242.31,1,1381.05,2551.51,1589.25,0.7332,312,0.8225,0,5
MFI_KE_004800,43,M,Murang'a,5,25,26,150239.39,114390.7,23631.75,3,25011.75,33181.35,66514.42,0.9579,11,0.6887,0,2
MFI_KE_004801,30,M,Nakuru,17,38,48,12234.36,11360.29,1628.4,5,518.79,576.21,3038.49,0.7528,1,0.9085,0,1
MFI_KE_004802,39,M,Uasin Gishu,18,20,30,80552.44,59261.45,9661.8,2,25579.56,46349.34,42517.07,0.9726,1,0.5012,0,2
MFI_KE_004803,59,M,Kitui,23,11,10,15745.54,13275.85,991.15,2,77069.49,109978.87,161559.96,0.4968,10,0.4418,1,3
MFI_KE_004804,26,M,Kilifi,1,2,2,3865.4,3680.87,42.38,0,0.0,0.0,0.0,1.0,67,0.435,0,5
MFI_KE_004805,20,M,Nairobi,2,48,51,6153.59,6072.98,2485.5,10,1471.67,2728.63,12657.11,0.329,0,0.8779,0,1
MFI_KE_004806,43,F,Kisumu,9,43,63,10508.46,8850.11,1192.71,5,1665.03,1859.79,9047.07,0.4582,0,0.8845,0,1
MFI_KE_004807,50,F,Laikipia,1,1,3,4932.25,5010.5,2012.92,0,0.0,0.0,0.0,1.0,69,0.8075,0,5
MFI_KE_004808,44,F,Kakamega,36,18,23,38085.02,33601.87,6844.61,3,31880.22,59387.6,79859.09,0.9829,14,0.5128,0,2
MFI_KE_004809,27,F,Mombasa,33,37,48,26939.17,20702.89,317.88,11,1265.94,2036.92,13381.26,0.7674,0,0.8247,0,1
MFI_KE_004810,34,F,Kakamega,18,85,75,306794.68,251489.38,24916.3,1,113942.23,166005.66,124793.1,0.9408,1,0.6369,0,4
MFI_KE_004811,49,M,Kilifi,2,21,22,94083.97,90370.76,28840.01,5,26690.32,42067.12,123046.14,0.9477,1,0.7145,0,2
MFI_KE_004812,58,F,Meru,18,1,3,509.57,446.75,691.92,0,0.0,0.0,0.0,1.0,84,0.5642,0,5
MFI_KE_004813,45,F,Machakos,20,78,74,191625.65,198437.48,268176.25,7,99040.33,181600.86,758908.87,0.7254,0,0.6939,0,4
MFI_KE_004814,46,F,Kericho,37,90,63,264669.25,252806.24,48145.39,4,93855.33,112713.59,365096.73,0.6699,4,0.5693,0,4
MFI_KE_004815,27,F,Kiambu,14,36,47,5257.25,4038.04,2143.16,3,1517.44,1636.09,5309.16,0.6398,0,0.916,0,1
MFI_KE_004816,23,F,Uasin Gishu,6,44,44,36959.26,37267.34,5657.42,10,3383.8,5171.37,27918.01,0.5761,10,0.931,0,1
MFI_KE_004817,33,F,Laikipia,3,21,20,54932.25,51917.77,19111.27,3,39758.8,78566.7,140509.87,0.9443,6,0.2776,0,2
MFI_KE_004818,19,M,Bungoma,9,33,31,23626.92,18442.96,2155.74,10,1449.11,2428.12,14521.75,0.8682,4,0.7022,0,1
MFI_KE_004819,62,M,Bomet,11,77,61,181372.15,130078.68,29098.64,2,188919.24,272718.12,409245.95,0.7952,0,0.8048,0,4
MFI_KE_004820,25,F,Kericho,1,5,6,1863.09,1346.08,406.4,0,0.0,0.0,0.0,1.0,45,0.744,0,5
MFI_KE_004821,27,F,Kisumu,9,52,56,4913.68,3539.34,3054.66,8,1038.49,1777.35,7523.85,0.5429,0,0.6606,0,1
MFI_KE_004822,25,M,Nairobi,12,36,53,9449.03,8679.47,2528.92,8,2295.83,3420.94,14883.36,0.84,1,0.9393,0,1
MFI_KE_004823,30,F,Mombasa,2,38,54,17922.98,17891.42,5185.52,7,1594.24,1650.95,10694.26,0.5724,4,0.7856,1,1
MFI_KE_004824,56,F,Bomet,4,8,6,420359.35,296761.8,8568.24,0,0.0,0.0,0.0,0.696,8,0.2203,1,3
MFI_KE_004825,38,F,Kitui,23,77,72,488370.66,401285.1,47818.81,5,123090.67,189764.06,510083.71,0.6221,4,0.7941,0,4
MFI_KE_004826,41,M,Kilifi,40,10,6,15224.08,14496.57,4948.94,1,66603.87,128285.21,59866.33,0.9165,2,0.225,1,3
MFI_KE_004827,23,F,Mombasa,62,32,49,25521.9,19190.54,838.96,8,2456.53,3190.09,17629.15,0.4976,1,0.9632,0,1
MFI_KE_004828,48,F,Garissa,79,9,8,120290.62,98539.58,50799.33,0,0.0,0.0,0.0,0.7822,10,0.5146,1,3
MFI_KE_004829,28,F,Nyeri,8,86,77,523566.82,437283.8,66282.02,6,103749.42,182023.1,691600.99,0.9499,1,0.3053,1,4
MFI_KE_004830,49,M,Garissa,13,8,4,49749.73,41666.98,4716.47,1,40384.0,69513.91,38259.8,0.5617,4,0.1599,1,3
MFI_KE_004831,33,M,Nairobi,34,51,53,9966.21,9577.06,327.3,11,2401.02,2560.47,26928.76,0.4168,0,0.7621,0,1
MFI_KE_004832,37,M,Trans Nzoia,3,3,4,2382.57,1828.57,507.59,1,2102.77,2963.12,1843.16,0.4712,189,0.5302,1,5
MFI_KE_004833,43,M,Laikipia,4,11,7,25406.46,23023.66,5413.57,2,60335.71,60607.86,128235.59,0.8414,4,0.3825,0,3
MFI_KE_004834,46,M,Trans Nzoia,55,19,3,22687.08,22038.9,7839.1,1,73952.56,121078.26,83510.41,0.8075,11,0.4352,1,3
MFI_KE_004835,27,M,Kisumu,5,43,53,27307.38,19797.16,2242.13,8,1808.86,2834.89,13041.4,0.7337,1,0.7735,0,1
MFI_KE_004836,28,F,Uasin Gishu,17,44,37,6984.81,5101.95,2005.29,7,500.0,828.89,4056.18,0.444,2,0.9505,0,1
MFI_KE_004837,35,F,Nakuru,26,92,71,321656.43,226896.94,24479.22,3,340802.91,620817.99,1218274.73,0.9426,1,0.3317,0,4
MFI_KE_004838,36,M,Kilifi,1,2,4,2262.36,2019.88,993.48,1,1280.68,1330.09,1169.4,0.8597,19,0.6547,0,5
MFI_KE_004839,30,F,Nakuru,4,36,45,28446.97,25076.2,2401.61,10,2072.96,3499.31,16694.58,0.4696,0,0.7987,0,1
MFI_KE_004840,20,F,Meru,30,38,52,19945.3,19168.11,3973.21,11,3166.3,5358.43,41098.76,0.53,10,0.9273,0,1
MFI_KE_004841,25,M,Machakos,18,9,9,118737.44,98152.19,15535.91,4,133728.52,172521.24,561271.49,0.7338,1,0.5651,1,3
MFI_KE_004842,18,F,Uasin Gishu,29,37,56,11584.72,11452.99,10737.49,10,2260.22,2914.83,22298.09,0.6106,0,0.7924,0,1
MFI_KE_004843,47,F,Nakuru,24,19,19,67006.85,60813.65,15658.27,5,37954.75,65358.57,175080.93,0.8981,4,0.6416,0,2
MFI_KE_004844,56,M,Migori,3,7,8,119816.43,111635.68,11166.77,2,37113.02,66980.31,82689.35,0.8756,16,0.2392,1,3
MFI_KE_004845,22,F,Migori,7,42,56,13463.47,12556.98,1313.36,8,2081.83,3755.68,14504.48,0.7866,4,0.7343,0,1
MFI_KE_004846,37,M,Nyeri,12,28,21,19282.45,14383.38,6908.72,3,28013.03,44810.92,81415.03,0.9379,30,0.7917,0,2
MFI_KE_004847,18,F,Uasin Gishu,11,2,1,4156.33,3336.7,884.7,0,0.0,0.0,0.0,1.0,106,0.8718,0,5
MFI_KE_004848,36,F,Garissa,3,0,2,3844.75,3021.03,1537.93,0,0.0,0.0,0.0,1.0,142,0.5439,0,5
MFI_KE_004849,56,F,Machakos,25,8,6,235217.9,221230.56,2128.02,2,46290.8,86890.35,94445.08,0.414,36,0.5398,1,3
MFI_KE_004850,40,F,Bomet,10,9,7,414102.73,406480.66,4204.33,1,60928.02,77987.3,54312.86,0.7838,5,0.4187,0,3
MFI_KE_004851,43,F,Trans Nzoia,3,71,67,262620.15,197336.91,26190.0,8,115601.87,125701.34,781308.77,0.8493,1,0.7458,1,4
MFI_KE_004852,18,F,Nairobi,15,30,58,20642.7,18048.8,8155.63,3,2283.41,2994.64,8147.31,0.5036,0,0.5514,0,1
MFI_KE_004853,22,F,Kakamega,14,11,5,228898.32,205648.57,8598.56,2,55669.25,66364.97,118566.62,0.6895,17,0.8081,1,3
MFI_KE_004854,32,F,Murang'a,30,72,84,691300.86,511409.18,20270.6,5,255396.29,471499.55,1272585.51,0.8775,2,0.7722,0,4
MFI_KE_004855,36,M,Kitui,42,26,18,117070.44,105620.48,16693.14,6,20107.5,33088.36,127046.26,0.9888,34,0.8671,0,2
MFI_KE_004856,46,M,Bungoma,7,6,6,36730.89,26166.99,6163.3,2,67470.3,123374.88,138682.47,0.7973,5,0.2599,1,3
MFI_KE_004857,33,F,Embu,73,91,66,178048.35,131825.04,17424.86,6,225023.85,360853.61,1517905.07,0.9042,1,0.6027,1,4
MFI_KE_004858,29,M,Turkana,26,24,48,41203.09,38913.45,6335.17,7,2498.19,3078.26,14778.64,0.7185,2,0.8351,0,1
MFI_KE_004859,25,M,Murang'a,38,16,2,222391.88,160085.5,7693.53,3,32954.61,34194.56,95023.35,0.9061,11,0.3804,1,3
MFI_KE_004860,40,F,Homa Bay,6,75,83,250343.41,218968.72,5597.44,4,162332.72,299679.25,710763.6,0.7559,0,0.4533,1,4
MFI_KE_004861,31,F,Laikipia,30,33,52,4717.92,3414.03,3065.33,4,1807.6,1935.87,7106.19,0.5593,1,0.8923,0,1
MFI_KE_004862,48,M,Kilifi,5,9,8,285101.44,271249.88,2664.68,1,35398.78,49768.74,31700.71,0.9034,3,0.3612,1,3
MFI_KE_004863,43,M,Nyeri,18,9,3,88771.36,70530.0,3883.9,2,87682.09,123470.81,186637.23,0.6218,6,0.3713,1,3
MFI_KE_004864,54,F,Meru,6,1,4,410139.17,348602.09,5824.61,3,47365.78,56751.38,163205.3,0.9069,4,0.3339,0,3
MFI_KE_004865,40,M,Trans Nzoia,7,98,59,241849.4,193451.85,22172.21,12,62144.19,93269.58,761924.9,0.556,2,0.3243,0,4
MFI_KE_004866,31,F,Murang'a,14,3,2,38037.29,31819.28,960.54,3,54621.53,62653.47,190963.68,0.8269,10,0.3914,1,3
MFI_KE_004867,19,M,Kisumu,11,56,46,17333.39,15139.06,2366.92,5,3422.47,6228.01,14877.46,0.5609,2,0.9876,0,1
MFI_KE_004868,30,F,Nairobi,4,46,55,17779.66,17608.5,1531.14,6,1745.44,1983.17,12414.23,0.633,3,0.7254,0,1
MFI_KE_004869,18,M,Turkana,2,45,45,16589.12,13352.59,1757.84,11,1341.8,2266.82,16473.25,0.7149,6,0.9812,0,1
MFI_KE_004870,45,M,Uasin Gishu,14,20,17,73149.11,57740.09,16273.82,1,76376.4,136126.31,88146.82,0.9482,13,0.8003,1,2
MFI_KE_004871,37,F,Kiambu,74,23,26,213685.18,180693.14,46321.33,6,17434.05,26081.45,114211.53,0.9669,2,0.5529,0,2
MFI_KE_004872,23,F,Kiambu,10,39,47,10291.18,7786.44,1600.14,9,1514.94,1791.26,11037.27,0.6226,3,0.9382,0,1
MFI_KE_004873,26,M,Nairobi,6,31,54,2392.51,2077.06,1574.13,7,1109.36,2162.66,7820.16,0.6713,2,0.881,0,1
MFI_KE_004874,23,F,Nakuru,39,36,40,15828.24,12193.08,1100.48,10,4156.23,4732.9,44391.64,0.6969,2,0.9431,0,1
MFI_KE_004875,46,F,Kericho,14,20,21,57203.67,50921.75,5353.03,4,35791.76,55959.36,116124.72,0.8794,3,0.5444,0,2
MFI_KE_004876,43,F,Migori,12,27,23,106277.45,92512.67,26525.09,0,0.0,0.0,0.0,0.7709,10,0.3496,1,2
MFI_KE_004877,27,F,Mombasa,2,48,47,6237.01,5722.62,682.31,4,1394.59,2548.89,4700.89,0.9187,0,0.9385,0,1
MFI_KE_004878,18,F,Kisumu,17,43,53,3677.01,3040.73,399.88,8,1307.34,1907.05,9938.66,0.744,0,0.9466,0,1
MFI_KE_004879,26,M,Kisii,1,1,2,1146.1,973.58,2957.64,1,2332.37,4183.1,2060.99,0.331,10,0.5903,1,5
MFI_KE_004880,22,M,Kitui,2,2,4,3690.21,2731.31,321.9,1,2595.6,4476.93,2621.91,0.6095,27,0.3342,0,5
MFI_KE_004881,30,F,Kakamega,21,74,62,1190166.63,1240732.5,45787.58,3,341897.37,464831.62,982528.52,0.9066,0,0.4925,1,4
MFI_KE_004882,45,M,Machakos,9,4,6,27591.09,24799.64,23776.8,1,33234.11,53520.68,28822.47,0.6247,4,0.5673,1,3
MFI_KE_004883,37,F,Kisii,15,26,17,104265.35,89047.05,5433.4,1,63904.31,92825.44,71206.92,0.986,1,0.743,1,2
MFI_KE_004884,39,F,Nyeri,36,28,14,99748.81,83970.94,16019.07,2,42700.12,69671.44,88794.57,0.8646,10,0.6504,1,2
MFI_KE_004885,32,F,Murang'a,7,23,21,196742.3,205828.33,27998.98,6,57850.34,92994.09,322543.65,0.9987,1,0.7065,0,2
MFI_KE_004886,36,F,Migori,5,37,59,7210.4,6600.95,2993.89,9,3016.37,3817.41,29182.79,0.6283,0,0.8274,0,1
MFI_KE_004887,43,M,Machakos,16,17,23,96418.25,83285.65,12546.97,1,23476.23,45442.47,27181.57,0.8234,5,0.3033,0,2
MFI_KE_004888,39,M,Embu,10,10,5,17485.41,17155.36,3547.13,2,45593.15,49174.29,73853.45,0.6722,3,0.2294,1,3
MFI_KE_004889,25,M,Kisumu,36,36,48,8587.87,8456.24,11001.3,9,500.0,891.85,4895.88,0.4615,0,0.7783,0,1
MFI_KE_004890,45,M,Homa Bay,18,27,15,69520.93,50137.3,6403.24,4,52521.61,58079.33,170097.17,0.9348,26,0.8542,0,2
MFI_KE_004891,40,F,Kisii,63,84,67,64560.98,53289.86,55530.28,4,66923.65,132519.1,286565.16,0.8064,6,0.6564,1,4
MFI_KE_004892,21,F,Meru,1,1,1,2106.67,1843.32,684.84,0,0.0,0.0,0.0,1.0,22,0.6734,0,5
MFI_KE_004893,31,F,Laikipia,16,40,30,43558.18,39870.37,3141.03,7,2507.61,4840.68,20379.38,0.4043,0,0.857,0,1
MFI_KE_004894,47,M,Kitui,7,15,23,53209.21,46306.12,18835.93,3,44872.73,57431.96,142012.6,0.9928,5,0.6515,0,2
MFI_KE_004895,21,M,Homa Bay,34,51,52,2907.24,2294.64,2403.86,13,1159.64,2010.74,14775.44,0.7371,0,0.8916,0,1
MFI_KE_004896,48,M,Machakos,14,12,5,11297.79,11395.41,9263.0,2,64951.94,125225.55,109489.71,0.7916,2,0.6898,1,3
MFI_KE_004897,39,F,Migori,44,78,65,125262.4,127274.2,4243.44,5,186381.97,354519.66,808752.55,0.8269,0,0.4402,0,4
MFI_KE_004898,47,M,Mombasa,23,19,22,110948.36,86138.49,3669.4,2,28269.99,50218.11,53349.12,0.9408,1,0.7542,0,2
MFI_KE_004899,40,F,Nyeri,8,10,5,51620.51,51937.96,5455.36,4,65755.84,123185.63,309560.05,0.7277,9,0.4906,1,3
MFI_KE_004900,47,M,Homa Bay,2,92,62,471093.19,396513.86,113968.96,12,176997.33,336776.19,1779259.79,0.9306,0,0.7632,0,4
MFI_KE_004901,18,M,Mombasa,4,33,59,23210.95,18590.65,1289.42,9,1610.78,2923.91,13525.57,0.4141,5,0.9863,0,1
MFI_KE_004902,41,F,Nakuru,7,26,12,70099.12,50481.92,46157.1,3,39765.46,72354.64,107389.34,0.9079,1,0.3009,0,2
MFI_KE_004903,45,F,Bungoma,1,4,3,4608.78,3279.93,115.78,1,1765.09,2040.54,1553.31,0.2147,80,0.7157,0,5
MFI_KE_004904,35,M,Kiambu,23,32,20,314623.87,319651.92,16812.46,4,34074.21,37254.91,155659.85,0.9757,7,0.4973,0,2
MFI_KE_004905,18,M,Uasin Gishu,39,30,58,24837.76,18661.33,4058.73,6,3380.53,5715.73,21264.35,0.7906,1,0.7762,0,1
MFI_KE_004906,42,F,Migori,6,6,5,794273.74,728764.4,10195.57,2,49443.46,98188.66,117222.34,0.7372,2,0.3494,1,3
MFI_KE_004907,27,F,Uasin Gishu,1,7,6,1769.83,1538.9,421.33,0,0.0,0.0,0.0,1.0,36,0.668,0,5
MFI_KE_004908,33,F,Kisumu,4,42,45,18759.34,19161.49,1465.89,7,3795.63,3990.09,28991.64,0.4924,1,0.9572,0,1
MFI_KE_004909,41,M,Trans Nzoia,14,28,20,124584.06,92635.71,14563.11,4,38452.88,39260.87,181195.7,0.9179,2,0.4525,0,2
MFI_KE_004910,37,M,Kiambu,4,22,25,51881.88,37846.09,33034.76,4,59851.56,91358.69,217612.42,0.9885,2,0.5867,0,2
MFI_KE_004911,23,F,Meru,15,27,25,165935.39,119367.55,4552.9,3,53752.82,57422.55,157823.61,0.9419,2,0.8692,0,2
MFI_KE_004912,28,F,Nakuru,53,39,57,25153.27,24760.1,8718.75,6,756.63,935.03,5176.47,0.7448,5,0.9285,0,1
MFI_KE_004913,27,F,Mombasa,20,48,52,11183.78,8169.21,784.77,11,3445.07,3873.58,37699.53,0.7668,0,0.9377,0,1
MFI_KE_004914,24,M,Uasin Gishu,33,29,48,27351.44,20214.08,1675.37,5,1817.02,3404.44,8411.25,0.6187,0,0.7871,0,1
MFI_KE_004915,66,F,Meru,4,8,4,61644.88,61677.96,2579.11,1,51591.1,77709.95,48375.29,0.9056,1,0.1935,0,3
MFI_KE_004916,46,F,Kilifi,3,1,2,8324.33,7124.32,1502.31,0,0.0,0.0,0.0,1.0,20,0.8407,0,5
MFI_KE_004917,35,M,Machakos,13,47,57,11023.66,9041.21,560.54,9,1363.35,2117.89,10995.76,0.7972,3,0.772,0,1
MFI_KE_004918,48,F,Kisumu,18,10,17,33826.67,32051.86,20085.25,1,32208.92,35199.38,27271.32,0.8295,11,0.8022,1,2
MFI_KE_004919,21,F,Mombasa,19,33,52,13274.1,13911.94,4248.74,7,1350.87,1544.59,9803.96,0.8989,0,0.8557,0,1
MFI_KE_004920,34,F,Turkana,49,88,65,476011.12,354702.83,17597.51,8,117291.52,167641.71,804663.9,0.9653,0,0.4556,1,4
MFI_KE_004921,28,F,Nairobi,6,36,38,23779.86,17214.64,945.29,9,1269.28,1421.75,11408.83,0.5888,1,0.9886,0,1
MFI_KE_004922,19,M,Turkana,6,1,2,1362.27,1179.58,1799.36,0,0.0,0.0,0.0,1.0,52,0.6276,0,5
MFI_KE_004923,26,F,Meru,3,2,3,564.93,538.28,408.45,0,0.0,0.0,0.0,1.0,69,0.4867,0,5
MFI_KE_004924,43,F,Murang'a,11,16,23,49345.65,37048.66,17713.22,4,37197.12,66193.37,139682.5,0.9661,9,0.3818,0,2
MFI_KE_004925,28,F,Nakuru,14,36,48,10595.16,10649.49,3126.15,7,975.33,1787.34,7319.3,0.3728,2,0.7238,0,1
MFI_KE_004926,40,M,Kilifi,1,1,6,6801.76,4791.83,232.16,0,0.0,0.0,0.0,1.0,24,0.4976,0,5
MFI_KE_004927,39,M,Uasin Gishu,35,66,59,138220.74,98359.39,61378.49,5,55850.67,59579.82,275568.01,0.9129,0,0.7823,1,4
MFI_KE_004928,31,F,Migori,14,11,9,23893.73,25005.74,3440.24,3,36517.65,58345.46,129567.86,0.8248,2,0.172,0,3
MFI_KE_004929,57,F,Kisii,2,3,3,4454.46,4434.4,440.48,1,987.42,1680.83,1027.9,0.5851,45,0.233,1,5
MFI_KE_004930,47,M,Nakuru,31,83,66,226659.94,196027.1,15282.33,8,53227.38,94395.07,412027.2,0.7634,2,0.5733,1,4
MFI_KE_004931,41,F,Kitui,2,4,3,3415.01,2430.0,409.68,1,1122.8,1320.93,1041.62,0.647,82,0.7255,0,5
MFI_KE_004932,43,F,Homa Bay,3,77,75,950058.32,904098.09,92364.12,7,400942.76,446123.63,2471352.82,0.9075,1,0.7192,1,4
MFI_KE_004933,23,M,Uasin Gishu,48,39,48,11489.17,10926.91,1175.72,12,947.68,1894.92,13322.83,0.8803,4,0.8234,0,1
MFI_KE_004934,27,F,Mombasa,17,41,48,14588.86,13259.5,1503.73,8,1579.25,3152.55,12480.92,0.6827,4,0.9592,0,1
MFI_KE_004935,24,M,Kisumu,10,39,48,11626.04,12055.05,6572.66,8,2579.77,3096.02,18909.51,0.7758,21,0.9487,0,1
MFI_KE_004936,23,F,Uasin Gishu,27,38,56,9119.75,8815.58,4082.44,10,642.2,1181.33,6819.91,0.4844,9,0.9583,0,1
MFI_KE_004937,52,F,Mombasa,1,3,1,1167.52,1025.47,156.86,1,1114.6,2102.84,1268.88,0.3157,108,0.7271,0,5
MFI_KE_004938,33,M,Nairobi,4,58,54,16008.78,16717.59,989.48,10,3100.04,3414.22,34227.48,0.8709,2,0.6823,0,1
MFI_KE_004939,28,M,Kericho,2,68,80,908780.15,686136.1,25335.27,4,154621.54,217255.47,661498.61,0.6903,2,0.6568,1,4
MFI_KE_004940,22,M,Kisumu,18,48,46,4415.58,3568.68,2894.73,12,3479.76,4642.37,46217.67,0.8633,2,0.8556,0,1
MFI_KE_004941,42,M,Machakos,24,18,21,69410.81,68462.29,9620.55,4,69466.32,72920.58,277922.22,0.8753,12,0.5618,0,2
MFI_KE_004942,48,F,Machakos,16,21,19,75027.23,57898.08,10200.76,2,41546.91,79155.88,80537.33,0.9267,2,0.546,0,2
MFI_KE_004943,46,F,Nairobi,1,1,4,1358.74,1381.06,426.66,1,2910.46,4509.2,3087.34,0.3251,19,0.8373,0,5
MFI_KE_004944,26,F,Kisumu,4,54,52,13755.53,11345.57,4369.32,5,2469.78,4926.63,12125.43,0.6905,8,0.7187,1,1
MFI_KE_004945,54,F,Laikipia,3,8,7,148993.99,154895.32,1726.08,5,38004.45,62566.61,161309.82,0.7551,1,0.4739,1,3
MFI_KE_004946,40,F,Nairobi,5,25,20,64911.67,48223.49,22958.92,3,21035.3,40071.58,61627.04,0.8827,15,0.3541,0,2
MFI_KE_004947,31,M,Kiambu,5,31,50,12601.24,11313.82,1704.79,7,3092.62,5932.74,19502.74,0.642,4,0.9767,0,1
MFI_KE_004948,39,M,Trans Nzoia,21,20,20,188272.29,161653.84,10174.58,3,14359.58,17877.1,49907.93,0.8596,2,0.4846,0,2
MFI_KE_004949,28,M,Murang'a,21,48,48,39272.08,31192.82,2568.21,13,1844.66,2062.08,20333.46,0.7022,2,0.6268,0,1
MFI_KE_004950,51,M,Bomet,11,5,11,42591.39,32564.69,15184.33,0,0.0,0.0,0.0,0.674,4,0.5058,0,3
MFI_KE_004951,39,M,Uasin Gishu,7,25,16,246151.4,225453.3,12550.0,2,35389.42,44217.65,84001.44,0.9919,6,0.3202,1,2
MFI_KE_004952,33,M,Trans Nzoia,5,34,39,16772.13,16290.32,10238.72,3,2778.02,3215.9,7964.96,0.8075,0,0.7931,0,1
MFI_KE_004953,45,F,Bungoma,24,30,21,88084.82,91194.51,19975.72,1,71022.95,125372.31,59139.03,0.9884,14,0.5401,0,2
MFI_KE_004954,32,F,Migori,3,23,14,78820.75,81394.18,18126.3,0,0.0,0.0,0.0,0.9606,2,0.5791,1,2
MFI_KE_004955,30,F,Kisii,51,25,10,153742.53,126601.4,52459.3,3,23829.62,32897.21,66945.38,0.9141,8,0.8108,0,2
MFI_KE_004956,46,F,Bungoma,82,7,3,60074.8,58409.07,1292.94,0,0.0,0.0,0.0,0.7211,6,0.4877,0,3
MFI_KE_004957,24,M,Laikipia,14,24,18,102122.08,78849.48,6243.03,3,5171.83,7191.55,16009.1,0.9524,22,0.4413,0,2
MFI_KE_004958,33,F,Kericho,31,33,50,30446.45,25583.01,5646.35,7,1444.58,2289.46,10903.27,0.6371,3,0.6737,0,1
MFI_KE_004959,38,F,Turkana,16,12,5,67366.39,66287.43,5417.7,2,80058.87,97981.98,167107.92,0.9116,6,0.402,0,3
MFI_KE_004960,41,M,Kakamega,14,26,21,82538.6,70071.98,34929.69,6,28338.34,52812.96,166864.32,0.8636,5,0.7457,0,2
MFI_KE_004961,30,M,Nairobi,2,1,6,2047.11,1453.36,85.1,0,0.0,0.0,0.0,1.0,110,0.363,0,5
MFI_KE_004962,33,F,Turkana,32,4,4,59275.42,44180.1,15550.19,3,47332.55,93666.59,117663.76,0.6637,41,0.2559,1,3
MFI_KE_004963,26,F,Kiambu,11,38,59,9133.48,9002.45,9197.47,8,2123.75,2460.5,19923.64,0.6746,6,0.8138,0,1
MFI_KE_004964,40,M,Kisii,4,2,4,1750.9,1699.82,976.51,1,1391.17,1730.0,1400.83,0.5437,285,0.7958,0,5
MFI_KE_004965,28,F,Garissa,7,46,65,9444.28,7338.53,1463.11,9,2425.04,4149.49,24229.32,0.7403,1,0.6136,0,1
MFI_KE_004966,24,M,Uasin Gishu,10,45,48,3701.64,3770.82,2569.05,12,2029.14,3975.03,27426.26,0.8144,0,0.8323,0,1
MFI_KE_004967,19,M,Kakamega,1,0,6,3817.44,2750.14,860.38,1,1305.89,1639.67,1219.35,0.3654,26,0.8324,0,5
MFI_KE_004968,53,M,Bungoma,2,11,11,225105.95,164378.42,5008.91,0,0.0,0.0,0.0,0.7149,9,0.6539,1,3
MFI_KE_004969,29,M,Kitui,120,46,45,9745.35,8512.81,3171.29,9,1064.88,1885.3,8229.4,0.6168,0,0.9335,0,1
MFI_KE_004970,51,F,Kiambu,10,78,83,736245.43,700056.82,40101.01,8,126466.98,215612.54,994198.22,0.8177,3,0.614,1,4
MFI_KE_004971,37,M,Laikipia,20,12,7,23513.84,23652.16,2081.22,3,128012.53,211803.32,376975.11,0.8617,8,0.4562,1,3
MFI_KE_004972,27,M,Nakuru,35,41,43,33369.26,24880.52,1266.73,3,2433.92,4105.09,7334.31,0.6989,7,0.8133,0,1
MFI_KE_004973,28,F,Kericho,4,27,17,150113.92,156050.27,35702.64,3,45611.35,77619.03,141336.8,0.8567,7,0.5521,1,2
MFI_KE_004974,41,F,Nyeri,35,19,17,88298.83,76040.49,17921.54,2,26283.19,46263.21,49377.06,0.9005,2,0.7549,0,2
MFI_KE_004975,22,F,Kiambu,29,43,55,2735.88,2389.68,1978.25,9,2244.71,3013.07,22861.99,0.7284,4,0.9671,0,1
MFI_KE_004976,26,F,Nairobi,17,41,51,18630.53,17955.78,731.77,14,1999.09,3922.77,33415.89,0.6238,2,0.8891,0,1
MFI_KE_004977,20,F,Nakuru,11,36,47,16309.74,11765.79,6880.33,9,1797.88,3333.43,13551.51,0.7021,1,0.8406,0,1
MFI_KE_004978,35,M,Bungoma,4,22,25,125479.31,92616.67,9175.94,3,46562.03,85387.19,150904.17,0.9443,16,0.9044,1,2
MFI_KE_004979,31,M,Turkana,4,7,4,59529.33,52048.07,3265.05,0,0.0,0.0,0.0,0.6818,5,0.2158,0,3
MFI_KE_004980,26,F,Mombasa,2,24,21,46497.85,35810.93,17066.52,3,16035.51,27392.98,55779.17,0.9288,5,0.2876,0,2
MFI_KE_004981,42,F,Embu,8,4,6,101013.97,80981.21,13620.11,2,154099.33,168408.57,302605.03,0.8865,1,0.3909,0,3
MFI_KE_004982,25,F,Mombasa,11,34,46,40709.03,40105.25,4026.69,6,1470.5,2544.08,7809.33,0.6732,1,0.8565,0,1
MFI_KE_004983,43,F,Migori,7,5,6,33209.3,29873.29,5554.78,1,94866.79,132031.31,91747.07,0.7941,8,0.555,1,3
MFI_KE_004984,26,M,Kisumu,16,46,55,9232.77,9224.31,786.57,10,3033.9,3090.73,28313.6,0.7572,4,0.8137,0,1
MFI_KE_004985,21,M,Kisumu,6,37,68,18830.31,16635.1,2860.46,8,1465.7,1829.12,10006.75,0.6562,3,0.7915,0,1
MFI_KE_004986,39,M,Kisii,56,22,18,105510.61,106891.59,7002.77,6,33644.16,58576.04,212599.38,0.9311,2,0.4775,0,2
MFI_KE_004987,40,M,Murang'a,1,1,4,2235.88,2190.27,139.01,0,0.0,0.0,0.0,1.0,51,0.5793,1,5
MFI_KE_004988,18,M,Nairobi,9,44,44,34039.65,25191.73,3337.76,10,2174.14,3356.38,17529.78,0.6774,0,0.9795,0,1
MFI_KE_004989,40,F,Bomet,21,28,25,69247.93,66491.79,6545.23,3,88682.9,90428.45,244432.12,0.9459,1,0.7879,0,2
MFI_KE_004990,60,M,Bomet,27,39,26,100588.17,99262.72,15149.13,5,27475.14,47905.68,149779.09,0.9893,2,0.6484,0,2
MFI_KE_004991,26,M,Kilifi,21,46,39,24610.42,21058.08,1472.41,7,3009.49,5925.48,22146.69,0.588,1,0.9216,0,1
MFI_KE_004992,45,F,Kisumu,37,20,16,49656.45,51326.21,13149.47,4,59454.15,109099.33,225212.62,0.972,8,0.6201,0,2
MFI_KE_004993,39,M,Bungoma,6,19,18,24423.54,19586.04,8408.4,2,43178.11,47869.9,87327.77,0.8785,2,0.5814,0,2
MFI_KE_004994,53,F,Machakos,13,11,7,15403.95,14500.52,2155.45,4,96571.14,120124.95,349872.98,0.6109,9,0.2916,1,3
MFI_KE_004995,47,F,Kisii,41,7,6,25780.89,18676.62,14889.96,2,53362.96,72562.8,103881.93,0.6694,13,0.7091,1,3
MFI_KE_004996,21,F,Mombasa,17,41,53,6621.36,5115.04,3891.66,10,2554.49,4424.97,22253.56,0.5615,0,0.8419,0,1
MFI_KE_004997,62,F,Kisii,48,8,8,58285.69,53965.17,1660.51,4,57125.5,70718.2,227673.98,0.9062,4,0.4881,0,3
MFI_KE_004998,26,M,Bungoma,5,13,25,78875.11,60303.87,34784.47,2,27668.02,53759.09,50896.86,0.9694,2,0.5912,1,2
MFI_KE_004999,33,M,Embu,19,3,2,716.22,577.29,255.51,0,0.0,0.0,0.0,1.0,100,0.5581,0,5
MFI_KE_005000,46,M,Turkana,5,26,25,101403.12,72037.68,2563.15,2,36979.29,52989.35,76927.1,0.885,7,0.2141,0,2
MFI_KE_005001,18,M,Nakuru,22,41,40,2412.6,1836.19,219.82,12,929.79,1790.79,11354.36,0.5195,1,0.9831,0,1
MFI_KE_005002,39,M,Kisumu,2,21,19,22230.24,20037.42,12985.45,1,74011.23,104632.11,80749.49,0.9574,22,0.5628,0,2
MFI_KE_005003,24,F,Embu,37,23,18,102863.82,78129.33,40780.13,2,47747.2,67774.98,114260.01,0.9195,4,0.8406,1,2
MFI_KE_005004,36,M,Kisumu,3,79,66,164927.39,143307.01,10846.5,5,197610.64,335744.33,895646.47,0.9488,0,0.7024,0,4
MFI_KE_005005,18,M,Trans Nzoia,1,1,3,1734.31,1524.47,422.65,0,0.0,0.0,0.0,1.0,58,0.6059,0,5
MFI_KE_005006,49,M,Turkana,25,90,65,78492.82,66202.7,71652.58,4,240659.63,471132.61,922211.51,0.5944,0,0.7031,0,4
MFI_KE_005007,22,M,Kiambu,37,36,52,5465.81,4091.8,2747.26,6,2097.04,3929.93,10842.89,0.4628,2,0.87,1,1
MFI_KE_005008,25,M,Nakuru,23,35,42,39134.64,32505.55,4395.36,10,2548.11,2582.07,27246.38,0.4905,0,0.7568,0,1
MFI_KE_005009,27,F,Uasin Gishu,3,31,45,8217.86,5956.23,2094.38,6,3557.81,7012.86,22752.21,0.6719,16,0.9446,0,1
MFI_KE_005010,22,M,Mombasa,43,49,41,19509.11,14395.36,725.65,7,9602.54,12953.02,64645.2,0.7788,0,0.7569,1,1
MFI_KE_005011,21,M,Kisumu,18,39,51,11469.31,8682.32,886.15,3,1536.61,2676.05,4676.81,0.6789,0,0.9447,0,1
MFI_KE_005012,75,M,Garissa,5,5,7,25371.47,21448.94,4862.19,1,72368.93,107592.39,65646.58,0.7986,2,0.1029,1,3
MFI_KE_005013,56,M,Machakos,60,5,6,30713.99,23808.64,32692.08,3,68667.54,108481.92,212843.33,0.598,13,0.3895,0,3
MFI_KE_005014,38,M,Laikipia,31,11,5,77540.38,60882.1,2084.58,1,32475.88,59444.09,28675.02,0.5064,2,0.5306,1,3
MFI_KE_005015,24,F,Nairobi,4,38,42,19388.81,15529.85,1131.72,7,1872.0,2100.4,13714.87,0.4487,4,0.8775,0,1
MFI_KE_005016,24,M,Homa Bay,3,0,5,868.06,745.24,227.91,0,0.0,0.0,0.0,1.0,46,0.857,0,5
MFI_KE_005017,25,F,Meru,12,39,45,39546.28,40324.36,2138.31,10,4977.7,8340.89,56681.59,0.4389,2,0.8725,1,1
MFI_KE_005018,21,F,Nairobi,16,56,47,15579.51,12697.44,3921.54,7,2268.42,3892.84,18090.66,0.6741,1,0.9939,0,1
MFI_KE_005019,18,F,Machakos,2,2,2,6842.93,6632.13,1780.61,1,2450.62,4136.01,2078.62,0.7268,21,0.7887,0,5
MFI_KE_005020,35,F,Bomet,15,4,2,47004.33,39536.59,2353.95,1,37717.33,58250.54,39015.89,0.5244,15,0.566,1,3
MFI_KE_005021,31,M,Migori,36,40,55,2739.89,2801.5,1267.68,6,2105.39,2320.65,11564.46,0.5263,5,0.8702,0,1
MFI_KE_005022,45,M,Kilifi,3,77,74,127887.54,106437.67,88107.79,7,252769.57,484706.75,1918316.09,0.9176,2,0.5234,0,4
MFI_KE_005023,27,F,Uasin Gishu,14,42,51,19448.19,14507.18,957.45,7,2068.02,3856.1,15777.32,0.2964,2,0.8251,0,1
MFI_KE_005024,22,M,Murang'a,7,25,15,62457.47,50983.72,3967.96,3,27402.36,35370.24,71187.23,0.9924,19,0.8148,0,2
MFI_KE_005025,20,M,Mombasa,16,43,41,20643.86,19826.77,1431.69,12,1053.26,1863.3,13201.4,0.6573,6,0.9293,0,1
MFI_KE_005026,38,M,Kakamega,2,3,3,2692.5,2348.9,1018.18,0,0.0,0.0,0.0,1.0,43,0.8056,0,5
MFI_KE_005027,49,M,Kisumu,2,2,5,773.87,752.58,425.11,1,500.0,628.14,592.26,0.6199,57,0.6133,0,5
MFI_KE_005028,33,F,Migori,13,24,18,249382.07,207359.46,12575.46,1,15170.12,27091.42,13949.67,0.9717,1,0.7995,1,2
MFI_KE_005029,46,M,Machakos,10,66,63,150090.13,146665.74,6834.15,3,157841.3,187644.77,402178.39,0.9151,0,0.7205,0,4
MFI_KE_005030,43,M,Meru,24,32,21,41321.72,32417.04,15748.31,4,63329.6,68541.13,259014.36,0.9861,5,0.6442,0,2
MFI_KE_005031,51,F,Turkana,13,9,5,199115.79,158802.56,2739.87,1,44292.37,51532.31,37240.27,0.768,3,0.8093,1,3
MFI_KE_005032,53,F,Embu,27,5,5,120567.05,123649.53,3865.32,1,72204.35,127809.11,71894.13,0.6994,1,0.2707,1,3
MFI_KE_005033,37,F,Nyeri,9,4,5,33856.92,25142.77,8683.14,3,67807.26,99849.27,202874.84,0.4441,6,0.512,0,3
MFI_KE_005034,30,M,Uasin Gishu,15,40,46,20032.53,19503.94,2911.92,11,1402.43,2764.55,14725.44,0.4624,1,0.7139,0,1
MFI_KE_005035,33,F,Meru,8,23,25,109267.06,102584.19,21130.84,2,25630.33,31699.95,45491.04,0.8785,3,0.459,0,2
MFI_KE_005036,18,M,Turkana,13,3,1,449.3,331.88,1755.98,0,0.0,0.0,0.0,1.0,49,0.6218,0,5
MFI_KE_005037,49,F,Kitui,1,0,7,10807.79,10060.5,1926.23,0,0.0,0.0,0.0,1.0,106,0.4329,0,5
MFI_KE_005038,43,M,Machakos,61,22,18,37923.88,33306.94,27820.05,2,65473.83,123647.57,115473.94,0.9443,21,0.642,1,2
MFI_KE_005039,43,M,Bomet,10,2,7,13933.99,13212.58,3947.23,3,72398.28,118127.22,180750.13,0.8674,14,0.4048,0,3
MFI_KE_005040,42,M,Nyeri,7,78,75,911682.22,794211.7,9176.35,3,272697.23,513687.18,934322.03,0.9172,0,0.3977,0,4
MFI_KE_005041,34,F,Embu,4,23,13,45765.62,48048.68,8964.02,4,35259.0,69604.7,159896.63,0.9726,10,0.5156,0,2
MFI_KE_005042,31,F,Laikipia,18,27,16,47978.41,46724.49,9108.74,3,39252.71,72134.53,95538.73,0.8838,1,0.785,1,2
MFI_KE_005043,54,M,Kilifi,2,4,8,88758.42,74434.5,604.74,0,0.0,0.0,0.0,0.9569,14,0.4528,1,3
MFI_KE_005044,27,F,Kiambu,12,43,46,5219.42,4302.96,1954.3,11,2418.49,4292.26,22022.18,0.578,1,0.9598,1,1
MFI_KE_005045,42,M,Machakos,2,22,13,91166.88,95373.16,25785.11,4,125946.18,227276.64,453760.76,0.9938,2,0.0644,0,2
MFI_KE_005046,34,F,Nairobi,1,2,3,1197.63,1104.58,900.74,2,1781.51,3222.95,3472.5,0.2882,81,0.443,0,5
MFI_KE_005047,26,M,Kiambu,9,43,61,3263.01,3321.59,1407.12,11,2405.86,3071.95,31731.6,0.5985,1,0.9383,0,1
MFI_KE_005048,20,M,Meru,35,46,65,17272.33,16953.14,1016.9,9,1268.99,2039.93,11390.89,0.867,2,0.9249,0,1
MFI_KE_005049,39,M,Trans Nzoia,28,7,4,85105.08,62142.09,1219.69,2,34446.56,41058.1,62673.31,0.7929,3,0.5493,1,3
MFI_KE_005050,41,F,Migori,21,22,23,88287.15,88980.06,30069.5,4,29872.56,49300.63,120435.24,0.9797,13,0.658,0,2
MFI_KE_005051,36,M,Uasin Gishu,13,33,47,4652.62,3875.01,3834.73,10,3795.93,5924.29,41379.84,0.4036,0,0.7776,0,1
MFI_KE_005052,39,M,Garissa,11,89,68,198602.5,186082.01,53209.63,8,84233.81,150664.74,586452.96,0.9417,3,0.7296,0,4
MFI_KE_005053,57,M,Kisumu,6,96,58,261671.13,270904.26,37810.1,3,142332.91,160398.74,497263.13,0.9925,0,0.5325,0,4
MFI_KE_005054,38,F,Bomet,29,3,1,1849.8,1495.96,1452.37,1,1871.46,2668.15,1737.89,0.4499,129,0.469,0,5
MFI_KE_005055,33,F,Nairobi,22,46,63,10275.55,8858.75,3234.51,10,2003.82,3101.03,21325.72,0.625,10,0.705,1,1
MFI_KE_005056,26,M,Mombasa,26,44,49,12401.39,8869.59,6806.55,2,1413.06,2656.73,3317.41,0.403,4,0.8052,0,1
MFI_KE_005057,42,F,Kilifi,7,29,22,157728.67,154364.91,6130.76,4,23612.22,27241.67,87483.26,0.9847,13,0.3471,1,2
MFI_KE_005058,46,M,Nairobi,13,25,17,139950.21,143878.89,6639.85,1,71922.57,109311.07,84626.26,0.9988,7,0.5902,0,2
MFI_KE_005059,32,M,Bomet,8,15,16,70165.37,54531.05,15061.6,5,14015.48,18403.67,77237.09,0.9766,2,0.44,0,2
MFI_KE_005060,53,F,Machakos,3,6,8,17629.58,15090.15,1580.26,1,122669.29,245134.52,103716.38,0.7477,7,0.2275,0,3
MFI_KE_005061,42,F,Embu,12,23,23,39753.6,28071.2,5506.76,3,30246.72,51286.89,91827.27,0.7089,1,0.2723,1,2
MFI_KE_005062,35,F,Homa Bay,21,29,16,204145.24,199456.24,5921.6,1,44570.43,60512.53,40989.67,0.9772,3,0.8966,0,2
MFI_KE_005063,31,F,Kiambu,22,35,57,37021.06,36669.71,3057.12,6,2983.29,4122.35,19077.83,0.8961,1,0.946,0,1
MFI_KE_005064,49,F,Kericho,26,25,28,57981.82,41308.01,11704.09,2,67365.81,94066.86,141197.78,0.998,11,0.6606,0,2
MFI_KE_005065,40,M,Kakamega,2,10,4,133162.14,124761.17,1600.29,3,55974.38,93607.87,194124.85,0.7615,5,0.4085,1,3
MFI_KE_005066,34,M,Kilifi,7,13,4,44942.56,46243.42,18091.96,4,77648.37,98311.37,299336.56,0.6029,1,0.4283,1,3
MFI_KE_005067,58,M,Turkana,5,6,4,35844.16,29031.4,41457.78,2,276587.17,542680.01,561396.75,0.6536,9,0.2721,1,3
MFI_KE_005068,21,F,Kiambu,10,36,57,8947.45,8972.09,1381.06,15,2650.76,4491.14,43394.62,0.4993,0,0.9062,0,1
MFI_KE_005069,46,M,Kisii,8,14,13,64438.77,64946.0,27884.85,1,20336.25,27280.72,19657.78,0.9973,7,0.6283,0,2
MFI_KE_005070,29,F,Mombasa,38,35,42,8738.79,9130.25,1334.12,6,1728.23,2684.51,9522.57,0.6322,0,0.9663,1,1
MFI_KE_005071,35,M,Embu,17,20,17,132242.7,136235.14,8143.47,2,37084.4,42182.0,74536.86,0.9427,3,0.5717,0,2
MFI_KE_005072,53,M,Mombasa,28,84,75,167906.69,147381.02,32669.34,4,259743.17,519153.7,1115629.22,0.9771,3,0.5809,1,4
MFI_KE_005073,40,F,Kisumu,4,2,3,5607.01,4565.67,591.46,0,0.0,0.0,0.0,1.0,41,0.6809,1,5
MFI_KE_005074,19,F,Kisumu,8,32,51,34075.98,24877.85,514.98,8,2570.38,3187.58,22843.81,0.9146,0,0.852,0,1
MFI_KE_005075,28,M,Nyeri,2,28,21,89932.13,68013.6,3540.12,3,22625.2,30701.45,81021.75,0.9804,12,0.6469,1,2
MFI_KE_005076,28,M,Kiambu,4,35,40,16959.58,14240.25,7048.04,9,2014.32,3261.25,15796.61,0.8691,2,0.7359,0,1
MFI_KE_005077,33,F,Bomet,18,26,22,42109.19,30212.61,18005.77,3,48729.74,77838.47,169384.13,0.9928,20,0.5894,0,2
MFI_KE_005078,35,F,Kisii,23,2,9,40383.01,35519.4,25272.01,2,26489.21,33066.53,62841.3,0.8377,5,0.4148,0,3
MFI_KE_005079,71,M,Nyeri,37,4,9,63467.53,49320.89,9420.04,0,0.0,0.0,0.0,0.8798,14,0.4056,1,3
MFI_KE_005080,18,F,Kiambu,77,47,49,11806.29,9637.76,4039.31,9,8936.33,13595.72,70514.29,0.6671,1,0.6777,1,1
MFI_KE_005081,23,F,Kisii,6,54,52,25618.72,19142.64,1665.52,6,1684.1,2017.26,8933.9,0.6178,1,0.8667,0,1
MFI_KE_005082,43,M,Kilifi,9,85,77,294999.08,219090.15,99741.91,7,112156.14,176617.95,778828.71,0.9276,6,0.626,1,4
MFI_KE_005083,46,M,Embu,8,27,19,48160.88,43729.48,12049.28,3,64646.29,67587.15,211523.64,0.9872,4,0.8034,0,2
MFI_KE_005084,23,F,Kiambu,17,39,47,19460.29,15179.37,1276.17,7,1285.43,2062.68,10613.45,0.5532,0,0.9411,0,1
MFI_KE_005085,41,F,Kilifi,6,5,5,50355.8,47384.06,3997.13,6,110967.75,206777.07,640672.35,0.923,41,0.7914,1,3
MFI_KE_005086,32,M,Mombasa,14,71,72,357308.62,265567.29,25397.58,5,151624.99,223612.67,651631.91,0.9734,4,0.738,0,4
MFI_KE_005087,46,F,Bomet,26,10,9,24184.89,19508.99,2016.52,1,42161.33,55626.11,37528.06,0.9113,9,0.3615,1,3
MFI_KE_005088,27,F,Bungoma,3,17,26,152283.98,139878.56,7572.68,5,68910.37,108851.99,389464.18,0.7866,3,0.8113,1,2
MFI_KE_005089,22,M,Kisumu,5,80,92,58915.14,48408.19,67893.83,8,135351.38,185695.14,1194044.54,0.9545,0,0.5683,0,4
MFI_KE_005090,47,M,Homa Bay,63,7,7,45960.33,41689.07,2341.58,4,35435.63,46013.39,161083.28,0.4459,4,0.6449,1,3
MFI_KE_005091,34,F,Kitui,13,30,19,79430.5,62616.63,25340.75,3,55157.12,81177.62,143366.6,0.8726,1,0.3196,1,2
MFI_KE_005092,38,M,Kitui,92,10,8,69231.2,66188.41,940.78,1,23150.79,35738.19,20190.82,0.7652,19,0.6174,1,3
MFI_KE_005093,39,F,Mombasa,14,78,77,572058.46,478367.14,17697.89,3,91014.79,150291.01,273330.08,0.8066,3,0.6611,0,4
MFI_KE_005094,38,M,Kisii,8,11,5,21746.93,21099.81,4650.38,0,0.0,0.0,0.0,0.5738,15,0.2993,0,3
MFI_KE_005095,24,M,Laikipia,4,19,13,104031.1,103796.43,33308.4,4,36306.9,61357.55,161137.25,0.9978,1,0.6843,1,2
MFI_KE_005096,42,F,Nyeri,3,29,26,97208.54,88711.42,51084.05,4,32182.98,52279.32,143649.13,0.9354,1,0.5277,1,2
MFI_KE_005097,18,F,Nakuru,31,41,50,12919.71,12625.15,5530.44,11,1274.64,2133.86,15109.41,0.7231,4,0.8589,0,1
MFI_KE_005098,18,F,Mombasa,10,45,48,11180.7,8561.3,1407.75,9,833.05,1278.1,8902.29,0.8204,1,0.8836,1,1
MFI_KE_005099,30,M,Garissa,24,3,6,130202.69,119241.7,21869.77,1,129787.02,147415.27,153056.06,0.5551,1,0.6002,1,3
MFI_KE_005100,25,F,Mombasa,23,48,51,7088.64,6346.05,2466.29,14,676.52,902.3,10230.06,0.829,1,0.9125,0,1
MFI_KE_005101,51,M,Migori,20,27,17,71509.63,54082.21,14516.48,2,12135.49,17255.03,27479.83,0.9421,13,0.5479,0,2
MFI_KE_005102,23,F,Murang'a,1,2,3,356.69,293.96,572.92,1,1236.54,1244.21,1070.32,0.3358,39,0.6791,1,5
MFI_KE_005103,36,F,Kakamega,19,6,6,17187.62,17565.85,21832.65,3,103764.44,126612.45,365815.46,0.8593,13,0.3321,1,3
MFI_KE_005104,45,F,Kilifi,7,21,16,85385.73,87338.98,17506.88,2,30942.84,37171.37,66234.43,0.9414,2,0.6889,1,2
MFI_KE_005105,36,M,Kisii,22,20,15,37063.26,34711.79,39705.63,2,43847.54,49944.91,100888.28,0.9103,1,0.9125,0,2
MFI_KE_005106,33,M,Nairobi,2,18,17,43958.96,42330.45,22439.39,5,57384.06,106762.37,276931.86,0.9388,2,0.8028,0,2
MFI_KE_005107,40,F,Kakamega,61,27,24,152690.13,119197.48,19778.74,4,50217.64,57229.02,240630.22,0.9668,1,0.4417,0,2
MFI_KE_005108,48,F,Nyeri,34,7,5,7376.5,6054.83,6028.16,1,58400.13,63747.5,48218.88,0.7695,4,0.7456,1,3
MFI_KE_005109,57,F,Migori,2,10,6,274116.43,266596.18,1429.41,1,40068.15,76919.65,32404.42,0.755,1,0.2825,0,3
MFI_KE_005110,46,M,Bungoma,8,14,3,60357.23,47843.18,14570.16,1,74643.93,118936.77,81396.78,0.6013,7,0.2746,1,3
MFI_KE_005111,35,F,Kisumu,5,29,23,52003.46,54251.47,13714.96,6,38513.76,68186.07,274414.8,0.8299,11,0.8153,1,2
MFI_KE_005112,37,F,Murang'a,3,2,4,2836.34,2525.64,1243.43,1,1522.57,1995.29,1747.86,0.7682,33,0.6379,0,5
MFI_KE_005113,23,F,Uasin Gishu,16,45,47,32690.65,27407.01,3194.39,11,1881.35,2119.47,23385.74,0.5327,3,0.896,0,1
MFI_KE_005114,25,M,Turkana,16,35,51,6027.25,6309.92,385.15,4,3470.77,4337.97,11372.56,0.8506,2,0.8272,0,1
MFI_KE_005115,31,F,Murang'a,12,3,2,965.55,839.71,619.52,0,0.0,0.0,0.0,1.0,14,0.9286,0,5
MFI_KE_005116,21,F,Kiambu,43,47,46,6808.5,5762.38,7653.44,7,1958.29,2190.26,15908.76,0.6263,4,0.931,0,1
MFI_KE_005117,34,F,Migori,6,65,62,119772.73,116633.45,30755.12,5,119020.21,152152.46,557061.6,0.7516,0,0.8025,0,4
MFI_KE_005118,30,F,Uasin Gishu,20,40,57,26216.87,27267.43,1583.79,6,913.26,1287.77,4977.75,0.5059,2,0.9324,0,1
MFI_KE_005119,26,M,Nakuru,10,50,51,44531.47,39191.96,1129.44,11,4429.12,6680.55,57772.78,0.5801,2,0.9193,0,1
MFI_KE_005120,47,F,Murang'a,56,27,12,78811.66,73242.59,17044.68,4,70460.94,109305.37,317972.08,0.933,17,0.6191,0,2
MFI_KE_005121,45,M,Kakamega,15,3,9,160926.03,165681.74,23146.11,2,78699.44,122218.16,183158.96,0.5551,32,0.2416,1,3
MFI_KE_005122,26,M,Mombasa,9,41,49,7470.95,5406.62,8857.23,6,3226.18,5050.72,15674.41,0.6178,2,0.7264,0,1
MFI_KE_005123,38,F,Kericho,1,1,1,13933.87,9995.06,178.41,0,0.0,0.0,0.0,1.0,42,0.4419,1,5
MFI_KE_005124,47,M,Bungoma,14,3,5,190956.01,141495.03,2254.05,2,96648.83,148435.43,216019.23,0.8254,1,0.5518,0,3
MFI_KE_005125,30,M,Nairobi,1,1,5,15319.64,16065.52,79.49,1,2538.55,4257.6,2985.56,0.3271,74,0.6296,0,5
MFI_KE_005126,41,M,Kiambu,12,22,25,70376.36,54407.18,24989.49,5,117472.6,200383.62,700170.87,0.9684,3,0.389,0,2
MFI_KE_005127,32,M,Murang'a,23,30,14,53169.8,39979.88,13467.46,3,23429.95,33692.66,64272.87,0.8874,1,0.7815,0,2
MFI_KE_005128,48,M,Bungoma,20,22,14,88991.45,67822.91,32764.02,3,38144.5,58598.6,121981.26,0.9103,23,0.7981,0,2
MFI_KE_005129,38,F,Nakuru,3,80,54,233684.17,217431.8,35445.59,2,116538.08,150017.39,278381.62,0.9043,0,0.5536,0,4
MFI_KE_005130,47,F,Garissa,38,22,25,35416.85,35616.43,25825.12,2,30641.35,49137.73,58615.28,0.9867,6,0.7647,0,2
MFI_KE_005131,37,F,Laikipia,74,30,20,38892.34,33502.41,14850.25,4,26278.79,50755.47,86191.07,0.854,5,0.5462,0,2
MFI_KE_005132,36,F,Mombasa,9,14,18,121217.92,113785.44,5096.43,2,51054.89,56537.77,111962.42,0.9988,1,0.7472,0,2
MFI_KE_005133,32,F,Bomet,2,28,20,93354.25,96142.35,23513.43,0,0.0,0.0,0.0,0.9837,5,0.4076,0,2
MFI_KE_005134,32,F,Garissa,20,46,44,7349.6,5484.21,283.57,3,1025.07,1688.66,2700.78,0.5308,0,0.8862,0,1
MFI_KE_005135,32,F,Embu,22,9,4,13773.57,11202.04,2852.69,5,21043.36,22323.64,108894.13,0.7674,7,0.4173,1,3
MFI_KE_005136,26,M,Kisumu,15,34,58,2151.49,1816.37,1566.83,10,5480.12,6811.97,63749.23,0.741,1,0.89,0,1
MFI_KE_005137,24,M,Kisumu,4,45,38,3552.72,3512.05,997.0,5,1513.24,1543.26,6260.17,0.6567,3,0.9787,0,1
MFI_KE_005138,44,M,Nyeri,40,13,6,62327.07,51979.23,26493.83,0,0.0,0.0,0.0,0.7185,7,0.4093,1,3
MFI_KE_005139,45,M,Kericho,4,0,2,6971.86,5934.59,813.97,0,0.0,0.0,0.0,1.0,63,0.7422,0,5
MFI_KE_005140,36,F,Trans Nzoia,13,76,69,192127.39,173591.19,28640.92,4,66606.29,98491.95,276042.3,0.8823,1,0.5173,1,4
MFI_KE_005141,50,F,Murang'a,36,21,22,83907.59,76996.65,5807.72,7,26458.82,30938.96,177015.75,0.9409,1,0.6531,0,2
MFI_KE_005142,26,F,Bomet,6,44,47,44666.84,34143.16,9065.2,9,2292.89,3765.4,22086.08,0.7878,2,0.8884,0,1
MFI_KE_005143,33,F,Nakuru,2,2,3,966.54,891.33,405.55,0,0.0,0.0,0.0,1.0,57,0.4109,0,5
MFI_KE_005144,34,F,Kisumu,5,41,46,24003.81,19974.69,1726.44,6,2924.04,3089.07,15577.01,0.7676,4,0.7359,0,1
MFI_KE_005145,30,F,Nairobi,37,28,46,45524.65,34548.46,2057.76,9,7695.96,11101.4,68991.93,0.7037,6,0.9504,0,1
MFI_KE_005146,43,M,Kisii,7,85,80,129554.05,123566.01,36427.67,3,115265.25,145230.86,306576.63,0.6339,1,0.6541,1,4
MFI_KE_005147,31,M,Nairobi,33,41,55,5966.46,4530.35,277.72,8,1685.7,2306.27,14518.57,0.7778,1,0.983,0,1
MFI_KE_005148,42,M,Murang'a,52,29,12,56642.68,44514.87,14515.61,4,33074.24,35764.44,133504.01,0.985,20,0.6187,0,2
MFI_KE_005149,22,M,Kericho,27,34,25,40681.96,39377.83,33101.36,4,52135.31,54742.07,202755.13,0.9429,1,0.5624,0,2
MFI_KE_005150,22,F,Uasin Gishu,4,23,18,43593.24,34401.11,49188.24,0,0.0,0.0,0.0,0.954,13,0.8049,0,2
MFI_KE_005151,36,M,Embu,3,21,32,60898.31,63342.07,1650.75,0,0.0,0.0,0.0,0.878,19,0.3623,0,2
MFI_KE_005152,30,M,Kakamega,12,83,60,146458.55,126546.99,40253.36,3,245290.84,317073.75,636091.03,0.6374,0,0.7742,1,4
MFI_KE_005153,36,F,Nairobi,9,29,11,56625.86,43789.49,16248.43,2,48250.43,66307.74,104600.03,0.8711,6,0.7243,1,2
MFI_KE_005154,36,M,Garissa,23,25,26,79291.85,62328.29,7394.26,4,35561.54,40718.12,137310.04,0.9851,8,0.7555,1,2
MFI_KE_005155,21,F,Uasin Gishu,26,40,53,7978.36,8119.23,1106.8,10,1233.78,1995.1,10269.15,0.571,2,0.9535,0,1
MFI_KE_005156,32,F,Nyeri,2,77,76,103573.01,74519.92,23640.26,5,127664.73,197482.35,542768.32,0.9268,1,0.4003,0,4
MFI_KE_005157,32,M,Uasin Gishu,7,38,52,9448.24,9138.15,928.06,10,4469.1,8081.5,48502.06,0.8406,11,0.8193,1,1
MFI_KE_005158,44,F,Laikipia,7,1,2,5025.6,3556.92,2562.6,0,0.0,0.0,0.0,1.0,62,0.8586,0,5
MFI_KE_005159,23,F,Kiambu,13,40,39,7680.96,6852.71,3764.74,5,1036.57,1350.07,4298.7,0.5361,1,0.9424,0,1
MFI_KE_005160,48,M,Machakos,1,3,2,15722.44,11930.36,261.19,2,1041.81,1640.34,2217.57,0.0376,12,0.5418,0,5
MFI_KE_005161,29,M,Nairobi,3,37,56,31605.51,29070.93,4691.6,7,1465.16,2435.78,9723.07,0.7202,2,0.5885,0,1
MFI_KE_005162,60,M,Murang'a,20,82,67,377188.4,341310.57,32521.53,4,216070.81,335507.61,900029.24,0.9849,2,0.4023,0,4
MFI_KE_005163,40,M,Bungoma,18,19,20,104189.08,97686.88,19010.37,2,73957.31,114527.23,138149.53,0.9025,3,0.5956,0,2
MFI_KE_005164,36,F,Nyeri,21,6,10,74853.38,70864.84,2355.18,2,35570.79,63190.78,60135.94,0.8755,9,0.6789,1,3
MFI_KE_005165,50,M,Kitui,18,6,4,23995.92,24032.05,23243.1,0,0.0,0.0,0.0,0.6499,3,0.4099,0,3
MFI_KE_005166,30,F,Mombasa,68,76,77,196026.21,147122.77,79518.53,5,239058.24,409188.8,1011479.38,0.882,2,0.5613,1,4
MFI_KE_005167,24,F,Nakuru,6,28,31,82238.49,58625.14,17346.87,0,0.0,0.0,0.0,0.8855,12,0.6324,1,2
MFI_KE_005168,29,M,Kiambu,2,50,43,17161.08,17566.63,2100.36,9,1008.77,1622.59,10581.56,0.7777,2,0.9659,0,1
MFI_KE_005169,39,M,Kericho,3,26,13,131811.92,119149.58,21524.67,4,30076.11,31421.45,140874.53,0.9909,18,0.683,0,2
MFI_KE_005170,47,F,Embu,21,7,5,6829.81,6966.59,2613.99,2,95071.4,185286.59,161600.21,0.8978,8,0.5309,1,3
MFI_KE_005171,34,M,Migori,29,9,8,27803.54,22040.24,1393.38,1,66805.94,104055.48,76672.51,0.9062,7,0.5413,1,3
MFI_KE_005172,66,F,Bomet,38,82,59,525716.98,370613.8,17469.64,3,164441.41,263312.34,477302.6,0.9511,3,0.507,0,4
MFI_KE_005173,57,F,Murang'a,65,5,6,60778.69,48686.07,1571.48,6,24889.97,47564.78,119490.13,0.9014,9,0.5926,1,3
MFI_KE_005174,23,F,Uasin Gishu,9,29,56,21947.78,17623.91,2415.24,4,1695.71,2466.77,5589.44,0.717,3,0.8327,0,1
MFI_KE_005175,48,F,Machakos,8,20,21,99038.05,75980.07,7555.19,3,26129.3,33720.04,67002.5,0.9709,13,0.4529,0,2
MFI_KE_005176,31,F,Kakamega,24,12,10,68123.0,56505.23,1951.77,4,37176.81,45921.33,143608.96,0.7682,1,0.7857,0,3
MFI_KE_005177,39,F,Migori,6,24,26,61604.51,49780.43,35466.54,2,102537.53,157707.56,216550.29,0.9781,23,0.9458,0,2
MFI_KE_005178,18,M,Meru,26,36,45,6568.94,6061.57,1840.34,6,3912.22,6439.45,23045.48,0.8388,0,0.9021,0,1
MFI_KE_005179,29,F,Kisii,9,19,22,21988.66,17849.46,18581.58,1,63630.58,83131.69,58637.22,0.9885,20,0.356,0,2
MFI_KE_005180,33,F,Kisii,2,2,3,503.36,369.7,634.65,1,1103.47,1197.9,1173.88,0.8116,24,0.3376,0,5
MFI_KE_005181,33,F,Nakuru,39,36,28,44637.39,32156.99,9115.78,3,19340.67,37502.65,58325.72,0.9865,12,0.434,0,2
MFI_KE_005182,24,M,Meru,45,18,21,95753.2,88687.46,17940.68,4,47884.55,80090.81,159692.35,0.7411,8,0.6601,1,2
MFI_KE_005183,22,M,Bungoma,2,81,72,1192065.53,1053884.52,42614.07,5,127262.18,244183.3,646129.77,0.9667,0,0.6575,0,4
MFI_KE_005184,25,M,Trans Nzoia,1,3,1,7922.2,6994.09,1511.17,1,882.5,1006.19,931.72,0.6245,145,0.6104,0,5
MFI_KE_005185,39,F,Murang'a,5,11,7,90142.41,90188.26,12607.66,3,16982.55,32904.02,53751.56,0.8448,15,0.2778,1,3
MFI_KE_005186,24,M,Kiambu,5,32,52,2393.83,1787.95,775.37,9,512.38,796.28,5250.11,0.7023,0,0.9002,0,1
MFI_KE_005187,44,F,Mombasa,5,16,29,79270.79,65395.71,53240.64,1,30907.71,32457.89,34125.57,0.9645,5,0.6728,0,2
MFI_KE_005188,38,F,Turkana,4,1,2,1982.11,1902.87,1197.36,1,989.74,1645.38,897.14,0.8135,11,0.2967,0,5
MFI_KE_005189,39,M,Nyeri,9,20,9,101176.83,81885.61,26011.24,5,34518.72,67215.63,158343.07,0.823,8,0.6529,0,2
MFI_KE_005190,28,M,Nairobi,18,28,52,27079.53,25930.73,4351.38,6,2615.21,3705.63,15407.56,0.6,0,0.5984,0,1
MFI_KE_005191,29,M,Kisumu,3,25,21,70972.46,50946.95,20720.05,3,25821.37,38263.4,66658.28,0.9338,6,0.7819,0,2
MFI_KE_005192,28,M,Nakuru,12,48,57,26438.19,20531.56,2828.78,8,1795.7,2213.01,16047.54,0.6611,3,0.812,0,1
MFI_KE_005193,36,F,Bomet,2,23,20,184104.41,150365.08,12487.6,2,40666.7,45395.84,71223.15,0.9185,6,0.4803,0,2
MFI_KE_005194,27,M,Kisumu,20,34,34,42356.06,36928.71,3465.68,7,1240.27,1423.22,7299.5,0.7455,0,0.7565,0,1
MFI_KE_005195,65,M,Kitui,16,9,8,95487.08,90454.01,4082.17,1,76238.92,85834.52,83330.99,0.6705,3,0.6932,1,3
MFI_KE_005196,20,M,Nyeri,12,36,53,29793.65,22579.06,14273.7,7,1158.49,1875.87,7778.7,0.4453,5,0.6761,0,1
MFI_KE_005197,41,F,Laikipia,9,30,17,43210.58,33420.37,4901.23,2,64835.68,127134.32,132506.34,0.9209,2,0.2092,0,2
MFI_KE_005198,29,F,Kisumu,21,30,30,127990.9,98600.9,17425.3,3,30382.54,52408.08,73709.65,0.9967,3,0.6688,0,2
MFI_KE_005199,25,M,Nairobi,8,2,4,1440.84,1180.4,80.78,1,1771.89,3412.83,1578.81,0.3197,174,0.5774,0,5
MFI_KE_005200,49,F,Kiambu,1,3,2,41730.61,33988.67,292.82,0,0.0,0.0,0.0,1.0,10,0.5642,0,5
MFI_KE_005201,56,F,Kitui,2,11,6,28367.27,23769.54,3974.24,3,126001.87,148794.52,340237.73,0.951,4,0.3687,0,3
MFI_KE_005202,22,M,Uasin Gishu,4,44,70,3861.5,3280.24,2118.24,12,3464.83,6688.51,39955.87,0.8725,1,0.79,0,1
MFI_KE_005203,41,F,Homa Bay,45,78,73,330588.83,259431.09,73544.71,5,208206.13,234090.39,952933.01,0.9509,1,0.7085,1,4
MFI_KE_005204,33,M,Kilifi,3,15,4,38784.69,31971.83,2765.97,1,54116.0,98430.0,44262.4,0.8422,11,0.343,1,3
MFI_KE_005205,39,F,Mombasa,3,83,83,162743.95,163799.78,36484.66,5,251037.86,274520.48,1112197.76,0.7774,0,0.3035,1,4
MFI_KE_005206,63,M,Turkana,29,13,8,38074.9,35448.01,25954.3,2,60683.19,119021.45,113024.78,0.5034,19,0.5586,1,3
MFI_KE_005207,31,F,Bungoma,30,7,7,33849.29,30677.69,30822.07,3,37672.19,44362.84,115236.92,0.8551,5,0.6612,1,3
MFI_KE_005208,58,F,Laikipia,34,4,12,101085.75,79270.2,44799.54,1,64680.19,86348.76,60984.48,0.692,5,0.6706,1,3
MFI_KE_005209,46,M,Garissa,3,26,16,30860.66,26620.49,11936.05,2,24909.06,33484.62,53700.2,0.9966,15,0.6991,0,2
MFI_KE_005210,40,F,Nairobi,17,74,71,307395.04,316652.06,45440.76,5,245412.52,286187.52,1200938.2,0.7547,0,0.4959,1,4
MFI_KE_005211,28,M,Nairobi,2,44,63,6182.42,6040.27,3839.56,8,1517.8,2288.76,10030.27,0.4989,0,0.9974,0,1
MFI_KE_005212,37,M,Murang'a,15,33,17,86609.83,80443.63,17642.14,3,41667.06,77216.26,145592.34,0.9934,14,0.6901,0,2
MFI_KE_005213,47,F,Mombasa,20,20,22,30294.74,26430.21,12390.98,4,38776.45,43431.08,169516.34,0.9822,3,0.6865,0,2
MFI_KE_005214,57,M,Kitui,46,7,5,31160.12,24344.43,4896.57,3,82319.65,100352.76,276287.76,0.9185,5,0.1216,1,3
MFI_KE_005215,21,F,Nairobi,18,33,58,7683.17,7892.98,3341.18,8,1300.12,2065.85,10952.67,0.6246,3,0.7122,0,1
MFI_KE_005216,47,F,Embu,9,24,14,33477.32,28660.95,2681.94,4,66020.43,83157.52,216670.27,0.9832,7,0.8156,1,2
MFI_KE_005217,48,F,Kiambu,29,69,70,160284.26,128791.0,30301.97,5,140091.39,238371.17,748747.51,0.6933,2,0.2367,1,4
MFI_KE_005218,23,M,Kitui,22,4,2,110490.21,95282.44,2260.28,0,0.0,0.0,0.0,0.8806,2,0.7577,1,3
MFI_KE_005219,41,M,Murang'a,31,24,22,63621.15,52554.24,5611.7,1,45842.46,54866.18,37800.98,0.9899,1,0.5717,0,2
MFI_KE_005220,33,F,Uasin Gishu,17,47,36,5098.47,4448.16,2242.51,12,2471.51,3642.81,31455.61,0.661,0,0.9441,0,1
MFI_KE_005221,24,M,Kitui,8,3,4,1763.97,1636.25,441.38,2,640.74,657.6,1215.45,0.1435,56,0.8052,0,5
MFI_KE_005222,39,M,Migori,2,8,6,264439.61,246465.78,9595.3,0,0.0,0.0,0.0,0.7889,2,0.7746,0,3
MFI_KE_005223,20,M,Kakamega,4,41,49,1989.06,1547.29,3507.27,9,2600.94,4049.12,19159.56,0.7347,3,0.9757,0,1
MFI_KE_005224,44,F,Embu,2,25,23,29257.16,27823.12,2246.59,4,22692.7,38357.76,96257.0,0.7751,4,0.5214,0,2
MFI_KE_005225,53,F,Bungoma,24,12,9,20854.31,19030.84,6038.97,2,48207.6,84976.9,105423.08,0.7874,12,0.5386,1,3
MFI_KE_005226,22,F,Kiambu,10,41,47,9075.22,8230.36,799.98,8,2732.12,3319.45,20272.19,0.296,0,0.905,0,1
MFI_KE_005227,19,M,Kiambu,8,40,49,7025.77,6960.11,9460.5,7,2878.13,5696.68,21829.45,0.803,0,0.7008,0,1
MFI_KE_005228,39,M,Kilifi,4,28,22,71224.4,50728.23,19990.69,1,21789.65,42431.65,25129.53,0.9589,1,0.743,0,2
MFI_KE_005229,37,F,Kakamega,31,26,27,101144.61,73734.27,26251.77,3,24377.7,43255.41,84494.84,0.8812,45,0.4301,0,2
MFI_KE_005230,26,F,Kiambu,61,43,53,9838.97,9427.63,2796.75,9,3493.22,6956.07,30349.21,0.7391,0,0.5096,0,1
MFI_KE_005231,22,M,Machakos,5,81,61,1006188.93,970101.2,4397.47,6,160677.99,269465.43,1045607.93,0.8792,5,0.505,0,4
MFI_KE_005232,32,F,Laikipia,10,69,64,87673.4,65911.82,62757.7,4,213922.91,422812.26,792515.0,0.8865,0,0.7173,0,4
MFI_KE_005233,19,F,Migori,25,48,56,39699.9,36559.85,9232.12,13,3495.21,5386.61,45960.79,0.4201,0,0.8754,1,1
MFI_KE_005234,34,F,Kisumu,1,3,3,1291.81,1016.86,196.24,0,0.0,0.0,0.0,1.0,160,0.9285,0,5
MFI_KE_005235,27,M,Nakuru,9,49,56,11531.22,11845.44,3106.92,3,1795.54,3199.62,5991.45,0.7398,9,0.8999,0,1
MFI_KE_005236,34,M,Garissa,6,84,59,334853.73,245278.92,38296.07,5,127656.98,235065.15,659096.11,0.9428,0,0.4476,1,4
MFI_KE_005237,28,F,Mombasa,3,46,49,34165.62,25774.89,3393.48,8,2473.66,4203.28,22312.36,0.7104,2,0.8053,0,1
MFI_KE_005238,28,M,Kitui,3,57,39,24793.08,23711.1,1517.19,14,2416.37,3137.99,34456.27,0.6838,1,0.8871,0,1
MFI_KE_005239,40,F,Kakamega,23,78,70,116770.5,117542.19,37512.45,4,216632.9,430832.25,872970.72,0.886,0,0.6925,0,4
MFI_KE_005240,20,M,Mombasa,6,36,45,28678.81,24049.99,1242.82,8,2213.41,3031.85,14431.62,0.5467,24,0.9175,1,1
MFI_KE_005241,52,M,Machakos,93,8,10,119821.69,92166.23,5810.96,3,84358.25,166582.29,223236.39,0.8579,4,0.3231,1,3
MFI_KE_005242,35,M,Nyeri,51,82,71,339602.51,270137.5,28561.93,6,97044.91,178924.86,663688.84,0.9504,0,0.6096,0,4
MFI_KE_005243,23,M,Garissa,49,45,59,3921.02,3654.11,7525.04,9,2468.98,3907.38,26319.52,0.6617,5,0.714,0,1
MFI_KE_005244,20,F,Kilifi,9,44,54,2423.98,2341.69,1325.37,5,2281.94,2536.38,13043.34,0.8924,0,0.785,0,1
MFI_KE_005245,42,F,Kisumu,4,1,4,5386.26,5570.52,2026.67,0,0.0,0.0,0.0,1.0,23,0.724,0,5
MFI_KE_005246,50,M,Meru,2,3,3,1088.29,1036.42,938.44,2,3547.81,6164.87,7660.86,0.46,84,0.8361,0,5
MFI_KE_005247,22,F,Uasin Gishu,17,24,17,84155.46,81665.58,9257.75,1,26578.46,44309.67,23514.93,0.9904,9,0.6168,0,2
MFI_KE_005248,25,F,Nakuru,24,45,60,11134.46,8612.63,1355.56,8,1856.94,3450.94,13464.53,0.7325,2,0.878,0,1
MFI_KE_005249,39,F,Migori,29,20,14,77668.64,65834.88,29208.59,2,26668.95,26955.67,55731.36,0.9892,7,0.5106,0,2
MFI_KE_005250,29,M,Nakuru,17,1,3,525.03,385.95,7104.76,0,0.0,0.0,0.0,1.0,47,0.5214,0,5
MFI_KE_005251,33,M,Bomet,5,1,1,2983.33,2453.96,2027.02,0,0.0,0.0,0.0,1.0,20,0.4549,0,5
MFI_KE_005252,22,F,Kisii,3,32,43,10309.68,7245.57,3074.38,11,3524.93,6779.15,37681.58,0.7735,6,0.8492,0,1
MFI_KE_005253,53,F,Laikipia,2,10,3,54982.97,56166.77,11926.86,0,0.0,0.0,0.0,0.7282,1,0.5275,1,3
MFI_KE_005254,27,F,Uasin Gishu,5,44,43,7115.06,5193.54,658.94,8,3132.85,6193.24,22431.55,0.6561,1,0.9207,0,1
MFI_KE_005255,20,M,Uasin Gishu,29,42,46,9801.06,8592.5,1466.15,6,3420.15,6570.38,17334.83,0.7133,1,0.8525,0,1
MFI_KE_005256,33,F,Garissa,2,92,64,62532.21,47229.18,19812.42,10,203881.67,224290.5,2012846.92,0.804,0,0.5523,0,4
MFI_KE_005257,34,F,Kitui,14,6,11,103269.09,73091.1,13391.02,3,73271.24,135045.55,228733.91,0.8916,3,0.3686,1,3
MFI_KE_005258,20,F,Meru,3,2,6,2395.71,2171.15,319.86,0,0.0,0.0,0.0,1.0,49,0.7777,0,5
MFI_KE_005259,41,M,Garissa,27,22,17,40304.93,40624.07,34581.13,5,78897.53,111754.57,374634.35,0.9629,10,0.5261,0,2
MFI_KE_005260,43,M,Uasin Gishu,29,22,25,47644.48,34829.66,8607.59,3,18229.48,18868.55,60355.07,0.9709,37,0.7006,0,2
MFI_KE_005261,43,F,Nyeri,12,5,7,192522.85,169259.6,4475.02,0,0.0,0.0,0.0,0.764,6,0.5933,1,3
MFI_KE_005262,47,M,Kakamega,20,32,28,82030.77,73394.35,13291.49,3,38798.26,41202.72,121014.69,0.9814,9,0.5807,0,2
MFI_KE_005263,22,F,Kisii,10,87,73,811978.76,815335.19,47680.74,6,174964.98,299204.03,911904.56,0.9357,0,0.5325,0,4
MFI_KE_005264,28,F,Nyeri,32,81,66,173206.79,121280.33,86749.52,7,140282.06,187554.53,998462.43,0.8537,2,0.6302,0,4
MFI_KE_005265,33,M,Kiambu,17,41,43,17320.59,17405.27,3723.71,7,1175.18,1538.01,8491.37,0.7977,2,0.8742,0,1
MFI_KE_005266,64,F,Murang'a,20,9,8,20841.97,21454.21,2054.58,2,73940.2,92936.19,165638.6,0.8151,9,0.4376,1,3
MFI_KE_005267,25,F,Nairobi,20,46,52,7961.29,8284.34,9061.39,12,1533.41,1971.88,19074.59,0.7255,1,0.7933,0,1
MFI_KE_005268,25,M,Kiambu,25,41,51,15851.43,13442.75,1078.4,5,3835.78,6897.53,22905.11,0.7254,0,0.962,0,1
MFI_KE_005269,28,M,Uasin Gishu,8,35,44,7406.01,5974.03,1566.96,8,1745.59,1984.18,16054.28,0.675,1,0.7869,0,1
MFI_KE_005270,55,F,Garissa,39,10,6,59750.68,42198.69,7981.99,2,72090.56,106199.84,135037.96,0.89,3,0.2696,0,3
MFI_KE_005271,33,F,Nyeri,5,18,24,73118.86,73373.48,47277.62,7,52068.23,84702.67,399054.28,0.6594,14,0.8176,0,2
MFI_KE_005272,22,M,Nakuru,6,58,51,10390.14,10225.29,5077.96,5,2861.87,4223.17,12485.8,0.763,2,0.8679,1,1
MFI_KE_005273,23,F,Laikipia,20,43,55,14226.26,11866.91,3696.05,9,1512.07,1667.98,12578.69,0.7503,3,0.7049,1,1
MFI_KE_005274,29,M,Nakuru,41,39,49,10714.88,8595.56,1235.64,9,2161.44,4004.69,18802.44,0.5359,0,0.7577,0,1
MFI_KE_005275,46,F,Kilifi,12,12,11,136860.6,142524.65,6098.52,1,81752.64,119825.68,85898.65,0.6108,4,0.3372,1,3
MFI_KE_005276,23,F,Uasin Gishu,4,43,49,9100.35,6643.88,4056.93,14,3889.76,6843.48,52518.64,0.5652,0,0.6014,0,1
MFI_KE_005277,39,F,Migori,6,22,18,126120.19,122226.99,4824.73,7,33650.17,49474.8,282308.02,0.9498,21,0.4078,1,2
MFI_KE_005278,29,F,Kiambu,47,39,52,11545.07,11492.62,2121.96,13,1105.81,1969.49,13371.9,0.6971,0,0.7986,0,1
MFI_KE_005279,40,F,Migori,2,82,57,284082.81,218827.78,22989.38,3,143072.37,225707.76,409084.64,0.9407,0,0.4425,1,4
MFI_KE_005280,19,F,Laikipia,5,28,57,29129.95,21541.53,1828.76,4,4707.88,7913.49,15138.34,0.6714,5,0.9032,0,1
MFI_KE_005281,44,F,Kakamega,9,3,2,12319.03,9996.08,888.46,0,0.0,0.0,0.0,1.0,76,0.7279,0,5
MFI_KE_005282,25,F,Kiambu,5,49,49,39241.25,30048.0,431.92,14,1141.96,1913.92,14218.21,0.3337,2,0.7474,0,1
MFI_KE_005283,39,F,Trans Nzoia,46,78,73,96326.38,76902.32,38828.83,9,150400.85,259593.54,1382589.8,0.6957,1,0.6876,1,4
MFI_KE_005284,23,M,Uasin Gishu,28,40,40,13377.58,12626.56,751.93,6,830.49,1177.85,5482.65,0.7986,1,0.9089,0,1
MFI_KE_005285,37,M,Kitui,6,26,13,31568.69,22919.6,6657.95,3,53008.48,64453.47,187754.16,0.9473,10,0.7294,0,2
MFI_KE_005286,29,F,Uasin Gishu,4,41,57,15499.55,14076.55,2151.27,7,561.86,1123.7,4494.82,0.8054,1,0.7152,0,1
MFI_KE_005287,25,M,Mombasa,4,21,19,42730.03,41668.18,13966.69,1,31296.07,39178.39,36279.2,0.9554,11,0.9585,1,2
MFI_KE_005288,35,F,Uasin Gishu,1,0,1,1282.52,1317.92,247.06,0,0.0,0.0,0.0,1.0,141,0.6096,0,5
MFI_KE_005289,20,F,Kericho,29,34,42,12373.28,11938.71,605.33,7,877.81,1741.74,6701.79,0.4877,1,0.8724,0,1
MFI_KE_005290,38,F,Migori,23,20,15,48912.96,41655.8,17307.31,2,83046.86,165290.26,179189.81,0.996,2,0.733,1,2
MFI_KE_005291,35,M,Laikipia,31,66,67,733623.06,528053.61,30887.76,3,139481.6,233232.62,441563.86,0.6255,3,0.531,0,4
MFI_KE_005292,36,F,Meru,45,81,73,97244.81,88200.45,25507.92,6,77034.04,147405.47,548721.71,0.8539,0,0.7155,1,4
MFI_KE_005293,59,F,Turkana,42,8,7,336988.59,302718.71,16001.13,1,141912.45,171178.12,127113.56,0.7112,11,0.6667,1,3
MFI_KE_005294,25,F,Mombasa,4,31,58,11455.72,8523.51,966.22,10,2246.21,3747.94,22171.63,0.4698,6,0.6469,0,1
MFI_KE_005295,66,F,Nairobi,1,0,2,4124.59,3853.46,481.79,0,0.0,0.0,0.0,1.0,18,0.5868,1,5
MFI_KE_005296,21,M,Kiambu,8,27,60,6688.82,6145.08,1340.78,11,1560.87,2948.76,19122.95,0.251,1,0.8005,0,1
MFI_KE_005297,33,F,Bomet,1,3,2,2212.09,1846.73,351.7,1,1600.17,2514.64,1353.5,0.8777,32,0.4841,0,5
MFI_KE_005298,28,M,Nairobi,4,45,45,13559.34,13321.25,1208.33,5,5170.08,10175.74,29862.61,0.4679,1,0.6792,0,1
MFI_KE_005299,47,F,Bomet,50,15,6,22983.4,23510.54,37089.83,4,91636.05,100863.06,395582.15,0.7605,3,0.4028,1,3
MFI_KE_005300,33,M,Uasin Gishu,13,21,28,34206.6,35158.73,29490.18,1,42149.64,62267.18,36697.37,0.9946,7,0.5329,0,2
MFI_KE_005301,36,F,Trans Nzoia,4,2,3,2027.94,1570.11,186.8,1,1528.03,2182.02,1813.65,0.3987,13,0.5137,0,5
MFI_KE_005302,37,F,Turkana,3,33,50,7688.09,7158.43,2904.89,9,4389.46,6475.46,45422.96,0.9035,0,0.9424,0,1
MFI_KE_005303,46,M,Uasin Gishu,12,2,3,5656.07,4419.03,1953.49,0,0.0,0.0,0.0,1.0,28,0.4168,0,5
MFI_KE_005304,28,F,Migori,4,7,4,140802.79,120382.07,7902.55,2,65283.38,90859.26,137110.53,0.8357,17,0.4579,0,3
MFI_KE_005305,25,M,Kisii,3,5,7,5106.84,5070.47,1213.18,0,0.0,0.0,0.0,1.0,202,0.8602,0,5
MFI_KE_005306,41,M,Laikipia,103,29,22,126099.68,111665.75,10043.12,1,15417.5,29126.58,16752.37,0.9526,1,0.5793,0,2
MFI_KE_005307,22,M,Trans Nzoia,17,8,3,164028.05,171493.88,8662.89,1,34135.91,49326.19,32636.35,0.6766,17,0.5265,1,3
MFI_KE_005308,38,M,Migori,71,2,3,109740.2,92606.96,4640.7,2,115226.17,158940.36,202333.99,0.7985,4,0.6839,1,3
MFI_KE_005309,46,M,Mombasa,50,100,80,645627.19,616577.38,23335.08,5,87354.35,167215.34,519193.51,0.9574,6,0.7641,1,4
MFI_KE_005310,36,F,Machakos,10,14,4,19177.13,13556.48,21199.47,0,0.0,0.0,0.0,0.909,16,0.4448,0,3
MFI_KE_005311,46,M,Kisii,2,3,2,1174.54,911.37,2539.82,1,1502.96,1711.82,1652.28,0.3043,50,0.9272,0,5
MFI_KE_005312,25,F,Murang'a,4,30,22,46293.39,36953.92,19855.37,5,32745.78,38632.01,150173.19,0.9963,3,0.5471,1,2
MFI_KE_005313,47,M,Turkana,6,21,24,20120.54,18644.92,31101.53,3,31409.34,55662.46,102830.77,0.785,1,0.5609,0,2
MFI_KE_005314,43,M,Nairobi,3,2,6,815.34,732.8,524.51,0,0.0,0.0,0.0,1.0,51,0.7977,0,5
MFI_KE_005315,21,M,Homa Bay,5,8,2,1896.06,1908.25,508.45,0,0.0,0.0,0.0,1.0,59,0.6374,0,5
MFI_KE_005316,33,F,Kilifi,22,76,70,458081.6,351818.79,25273.85,6,159749.87,246297.4,778845.2,0.8596,0,0.7532,1,4
MFI_KE_005317,23,F,Nakuru,13,44,48,18930.07,18429.61,956.08,9,2892.88,4737.47,26632.69,0.6626,0,0.9611,1,1
MFI_KE_005318,28,M,Kiambu,12,18,16,31292.93,30298.68,17562.28,6,38938.23,57127.56,242723.83,0.7362,18,0.5927,0,2
MFI_KE_005319,55,M,Bomet,3,6,6,110369.89,112354.45,11345.09,2,46868.13,61251.17,83460.34,0.7942,14,0.5015,0,3
MFI_KE_005320,48,F,Nakuru,23,24,19,193759.64,141567.08,24212.51,4,57624.13,94988.17,210883.65,0.886,24,0.507,0,2
MFI_KE_005321,27,M,Machakos,9,23,30,54147.65,52349.05,35638.93,4,22201.55,26116.24,95898.5,0.8967,3,0.9429,0,2
MFI_KE_005322,53,M,Bungoma,10,7,3,112095.23,96506.85,2307.65,3,113218.87,134685.62,351333.33,0.5965,21,0.1536,1,3
MFI_KE_005323,60,M,Murang'a,11,6,8,22726.74,17245.5,8515.64,0,0.0,0.0,0.0,0.7496,6,0.3971,1,3
MFI_KE_005324,31,M,Mombasa,63,38,53,30388.63,26725.54,1864.15,14,862.05,951.61,13678.53,0.6975,1,0.9458,0,1
MFI_KE_005325,24,F,Meru,61,42,73,74027.64,56007.26,585.39,11,3761.51,7117.21,43998.01,0.5834,1,0.9364,0,1
MFI_KE_005326,41,F,Kakamega,4,2,2,16117.5,16089.71,1167.99,1,2195.66,2878.2,2320.64,0.4776,244,0.7032,1,5
MFI_KE_005327,37,M,Bungoma,44,85,75,136333.44,95814.19,78191.27,4,375344.34,426735.15,1562255.43,0.8337,0,0.5877,1,4
MFI_KE_005328,18,M,Machakos,3,1,2,2386.17,1908.96,1229.39,0,0.0,0.0,0.0,1.0,48,0.5938,0,5
MFI_KE_005329,35,M,Mombasa,5,20,16,113333.45,91700.44,5186.55,3,73624.63,94171.48,177722.23,0.685,8,0.5088,1,2
MFI_KE_005330,38,M,Embu,5,25,27,49267.16,41344.19,14692.79,0,0.0,0.0,0.0,0.9857,3,0.7293,0,2
MFI_KE_005331,41,M,Trans Nzoia,4,84,64,316369.13,301796.45,67764.86,6,62996.43,74538.4,349536.52,0.9303,0,0.4236,1,4
MFI_KE_005332,22,M,Kitui,11,12,13,68225.55,63125.33,17528.74,1,74434.09,76105.34,70898.12,0.7166,8,0.3985,0,3
MFI_KE_005333,38,F,Meru,16,19,12,49577.05,46053.36,14896.01,7,49823.71,55039.57,290251.27,0.9803,3,0.5568,0,2
MFI_KE_005334,34,F,Kiambu,37,40,56,2926.89,2099.9,2692.22,12,1663.29,2696.81,18536.02,0.377,1,0.8602,0,1
MFI_KE_005335,41,M,Meru,14,28,13,58579.55,57677.38,3292.76,2,28272.72,37083.54,53554.29,0.8587,11,0.7222,1,2
MFI_KE_005336,46,M,Kitui,35,58,81,192720.85,171742.01,37083.69,4,254157.48,425073.49,1134523.72,0.9132,0,0.3318,1,4
MFI_KE_005337,38,F,Nairobi,2,84,67,698240.01,587975.6,60759.95,5,96379.9,169587.11,441521.44,0.8568,1,0.4985,0,4
MFI_KE_005338,29,M,Nyeri,53,6,10,350048.27,333007.39,13634.41,1,42410.01,79286.15,38666.81,0.6141,10,0.5881,0,3
MFI_KE_005339,37,F,Murang'a,23,22,28,68842.49,67482.53,10357.04,4,34850.72,37031.23,145343.96,0.9627,7,0.6976,0,2
MFI_KE_005340,33,M,Kisumu,24,23,21,80926.76,80558.89,10654.97,3,74416.29,79914.75,256611.98,0.916,7,0.6459,0,2
MFI_KE_005341,35,F,Trans Nzoia,8,5,5,33389.64,34699.63,1429.33,1,51237.29,63881.94,52978.29,0.9014,3,0.3467,1,3
MFI_KE_005342,47,M,Embu,7,67,84,221731.79,185356.1,75831.76,7,244353.83,286302.14,1392480.81,0.8268,0,0.4888,0,4
MFI_KE_005343,39,F,Trans Nzoia,51,5,2,262251.39,260682.48,1894.3,4,93355.6,174269.19,322433.56,0.8209,3,0.5447,1,3
MFI_KE_005344,24,M,Bungoma,30,21,18,231823.5,200530.38,8798.4,0,0.0,0.0,0.0,0.9785,8,0.7599,0,2
MFI_KE_005345,36,F,Kilifi,22,6,5,38686.54,31038.41,3715.02,2,56774.83,83455.52,94067.16,0.7118,9,0.3717,1,3
MFI_KE_005346,25,F,Machakos,25,46,44,5433.91,5392.64,4383.99,9,2757.47,4155.47,21288.7,0.6548,2,0.8378,0,1
MFI_KE_005347,23,F,Nairobi,11,43,44,7234.57,7534.09,393.16,7,4627.22,5990.32,33509.63,0.8658,2,0.8793,1,1
MFI_KE_005348,49,M,Homa Bay,9,28,18,56901.25,43668.62,13909.14,2,41767.81,59250.01,74222.77,0.9754,9,0.8781,0,2
MFI_KE_005349,33,F,Mombasa,10,41,60,17110.6,15124.28,872.16,9,2659.67,3282.94,24430.31,0.6622,4,0.9208,0,1
MFI_KE_005350,44,M,Kakamega,24,23,23,60954.59,53556.85,29582.61,3,79667.15,107861.41,254848.18,0.9809,3,0.8744,0,2
MFI_KE_005351,36,F,Kericho,1,0,2,3521.62,3536.68,588.38,3,1473.79,2390.53,4745.32,0.3086,21,0.7266,0,5
MFI_KE_005352,33,F,Machakos,4,4,2,1523.7,1566.49,1513.92,0,0.0,0.0,0.0,1.0,56,0.4124,0,5
MFI_KE_005353,26,F,Kilifi,6,46,51,7056.36,5970.37,1711.65,8,1508.39,1987.6,10502.86,0.8559,6,0.9657,0,1
MFI_KE_005354,33,F,Kitui,21,5,5,13254.66,13627.07,989.39,1,44565.38,76452.47,52810.9,0.6431,30,0.4927,0,3
MFI_KE_005355,30,F,Kiambu,2,32,48,6452.77,6471.06,6938.96,3,2042.4,2898.27,6298.86,0.7152,0,0.9217,0,1
MFI_KE_005356,28,M,Kiambu,1,0,3,6192.14,5852.4,451.73,1,2764.49,3380.4,2729.22,0.3569,157,0.8534,0,5
MFI_KE_005357,31,F,Machakos,41,43,41,33873.96,28062.52,2169.05,7,1114.55,2081.69,9181.08,0.4699,1,0.7437,1,1
MFI_KE_005358,28,F,Bomet,5,40,61,5046.55,4583.01,7842.98,8,940.58,1605.75,7241.55,0.6981,13,0.8657,0,1
MFI_KE_005359,59,M,Murang'a,20,9,10,61001.39,46172.64,3907.84,2,58429.34,88694.51,98053.13,0.886,13,0.6856,0,3
MFI_KE_005360,36,F,Nairobi,6,44,34,71146.75,55196.31,5200.85,10,4106.9,5546.8,36001.45,0.8631,4,0.8738,0,1
MFI_KE_005361,28,M,Uasin Gishu,2,39,60,17766.76,15757.37,2881.61,7,1253.97,2120.69,8022.88,0.5836,3,0.8579,0,1
MFI_KE_005362,34,F,Kisumu,31,44,48,3424.47,3360.74,1662.93,6,2589.55,2620.19,14688.4,0.7043,0,0.8867,1,1
MFI_KE_005363,43,F,Bungoma,11,19,20,87363.67,66150.22,39581.99,6,59646.71,107644.76,299269.96,0.9073,9,0.5106,0,2
MFI_KE_005364,18,M,Kisumu,35,36,58,18690.89,13152.37,3301.17,7,3640.89,4763.33,27862.92,0.8168,6,0.8997,0,1
MFI_KE_005365,28,M,Kiambu,22,37,49,6138.03,6184.0,1562.87,7,1231.42,2221.19,7174.32,0.7342,1,0.8709,0,1
MFI_KE_005366,42,F,Meru,5,74,70,240682.91,210525.81,70672.64,5,90124.96,127996.68,363869.21,0.6303,0,0.6092,1,4
MFI_KE_005367,29,M,Laikipia,3,96,73,68796.59,63809.57,10958.2,3,148707.1,208155.57,452941.02,0.8314,5,0.7312,1,4
MFI_KE_005368,24,F,Embu,9,29,37,6555.99,6226.42,2043.39,3,1330.15,1756.96,3420.74,0.6039,0,0.9246,1,1
MFI_KE_005369,23,F,Kisumu,2,33,52,12810.77,11150.07,625.1,12,1155.98,1275.18,16043.84,0.9287,0,0.8653,0,1
MFI_KE_005370,55,M,Kitui,83,20,17,179366.9,139762.04,37607.04,4,35718.82,63455.68,155875.42,0.9811,6,0.3702,0,2
MFI_KE_005371,38,F,Bungoma,13,5,7,23133.41,22444.45,11720.48,5,94362.35,114312.65,517581.6,0.9035,5,0.6419,1,3
MFI_KE_005372,41,M,Kilifi,18,28,20,148471.49,147095.82,26705.98,3,70718.28,83825.71,180744.46,0.9016,4,0.8973,1,2
MFI_KE_005373,29,F,Kisii,1,0,5,1531.96,1352.74,2121.67,0,0.0,0.0,0.0,1.0,95,0.3588,0,5
MFI_KE_005374,37,F,Uasin Gishu,18,81,59,116588.43,103453.45,112062.11,3,224939.0,407956.5,557128.23,0.9271,0,0.5535,0,4
MFI_KE_005375,24,F,Bungoma,14,83,66,500838.09,420936.62,33088.76,4,422256.64,684243.54,1359768.18,0.9458,0,0.635,1,4
MFI_KE_005376,49,F,Embu,13,76,75,149621.16,124307.24,35137.22,6,258213.33,309713.39,1293985.31,0.6216,0,0.2937,0,4
MFI_KE_005377,46,M,Trans Nzoia,4,27,15,34362.78,35112.21,18488.57,4,26445.69,44949.81,104632.27,0.9801,7,0.6539,1,2
MFI_KE_005378,24,F,Mombasa,23,20,26,156452.76,139324.8,38231.27,3,53357.19,56618.72,185989.15,0.9688,1,0.688,0,2
MFI_KE_005379,22,M,Nairobi,3,43,55,8591.92,6053.42,796.73,9,1358.3,1528.34,14313.62,0.8068,2,0.7851,0,1
MFI_KE_005380,35,F,Kisumu,12,24,16,88538.81,85021.2,11539.45,1,68931.51,74934.33,72260.57,0.9249,3,0.8973,0,2
MFI_KE_005381,45,F,Migori,26,22,25,133665.46,107995.67,22523.52,0,0.0,0.0,0.0,0.8989,8,0.8098,0,2
MFI_KE_005382,29,M,Nairobi,9,41,50,32478.77,33111.97,6705.62,9,1420.71,1784.61,13391.38,0.8113,2,0.7871,0,1
MFI_KE_005383,26,F,Nairobi,5,32,46,13044.56,12007.41,1635.2,9,2331.95,3109.73,19706.09,0.5207,0,0.7852,1,1
MFI_KE_005384,37,F,Garissa,19,26,19,50691.42,40014.15,5553.73,8,32799.75,56313.02,261941.03,0.9672,1,0.4194,0,2
MFI_KE_005385,64,M,Embu,6,8,9,16727.31,15599.79,4200.83,3,40301.17,45686.54,104337.38,0.2973,10,0.4685,1,3
MFI_KE_005386,36,F,Kilifi,8,26,20,151635.08,112462.99,2775.28,2,89636.75,140658.55,148829.64,0.9198,1,0.6829,1,2
MFI_KE_005387,57,M,Bomet,5,5,6,125689.1,91323.73,3521.53,5,94197.01,182959.59,563574.79,0.7261,9,0.3527,1,3
MFI_KE_005388,25,F,Kericho,1,3,2,1625.84,1410.84,79.29,0,0.0,0.0,0.0,1.0,22,0.4383,0,5
MFI_KE_005389,50,M,Kilifi,10,5,6,60633.22,63189.84,2098.78,2,71832.7,119066.17,159873.0,0.5426,1,0.231,0,3
MFI_KE_005390,20,M,Kisumu,34,28,54,2971.3,2794.18,2285.05,8,1194.54,1731.2,7661.81,0.5948,13,0.8428,0,1
MFI_KE_005391,30,F,Mombasa,6,42,57,17447.61,15396.72,916.32,9,3077.95,3350.68,30299.43,0.5679,12,0.887,1,1
MFI_KE_005392,28,M,Nairobi,23,43,53,21144.78,21004.41,4001.16,4,5807.29,6275.39,21823.68,0.326,1,0.8228,1,1
MFI_KE_005393,35,M,Machakos,30,5,10,269393.93,212624.33,1665.95,3,42835.23,57197.67,140559.94,0.9708,1,0.6196,0,3
MFI_KE_005394,35,M,Nairobi,17,27,28,78806.14,71408.9,16757.86,2,85185.72,150109.1,153307.06,0.9898,50,0.8209,1,2
MFI_KE_005395,21,M,Nyeri,11,0,3,3656.89,3387.73,256.87,1,1471.85,2893.27,1613.13,0.4658,21,0.7178,0,5
MFI_KE_005396,55,M,Nyeri,22,7,5,65511.99,65787.12,11604.06,2,86662.9,128703.39,207259.52,0.8728,5,0.5907,1,3
MFI_KE_005397,53,M,Nyeri,34,27,15,73112.16,75532.13,24303.05,1,40169.72,44435.72,34676.85,0.976,29,0.3835,0,2
MFI_KE_005398,43,F,Murang'a,6,9,9,320413.55,322502.69,765.49,3,23446.9,38890.96,64257.17,0.8989,2,0.3389,1,3
MFI_KE_005399,18,F,Mombasa,16,39,54,15795.58,12427.92,711.99,6,2378.64,3593.9,12349.4,0.6059,4,0.8102,0,1
MFI_KE_005400,42,F,Uasin Gishu,3,2,4,2994.11,2941.42,1414.74,1,1133.0,1967.77,918.73,0.3399,84,0.3824,0,5
MFI_KE_005401,35,F,Uasin Gishu,8,28,28,147714.87,123749.03,13005.61,5,26678.52,39851.67,115269.02,0.894,4,0.6524,1,2
MFI_KE_005402,18,F,Murang'a,1,2,2,1686.68,1675.62,456.94,0,0.0,0.0,0.0,1.0,26,0.8645,0,5
MFI_KE_005403,24,M,Nairobi,13,39,55,13923.97,11758.28,698.43,9,878.22,1453.36,9101.11,0.492,0,0.7935,0,1
MFI_KE_005404,62,F,Kilifi,2,97,61,43810.96,43404.24,23621.01,6,44034.68,44726.13,229513.25,0.8597,3,0.4931,0,4
MFI_KE_005405,21,M,Mombasa,2,36,49,9538.25,8127.49,5192.17,7,964.65,1641.85,5509.01,0.3797,0,0.9688,0,1
MFI_KE_005406,36,M,Machakos,5,34,39,8389.11,6201.56,1794.36,6,1399.38,1948.62,7091.97,0.5823,6,0.9191,1,1
MFI_KE_005407,45,F,Kilifi,5,6,1,49670.66,51473.08,8822.46,2,38152.61,73315.36,62778.47,0.7004,3,0.2705,1,3
MFI_KE_005408,42,F,Meru,34,71,68,154213.58,146978.39,7591.39,5,445499.56,674907.28,1939091.57,0.6885,3,0.2998,0,4
MFI_KE_005409,25,M,Mombasa,2,42,46,15512.8,14247.72,666.88,10,1519.9,2949.41,15575.01,0.8611,7,0.9297,0,1
MFI_KE_005410,45,F,Garissa,9,4,6,38460.64,36217.16,13878.12,1,41320.84,65987.55,38767.82,0.8496,1,0.3955,0,3
MFI_KE_005411,52,M,Kericho,37,78,95,256255.75,195593.86,111005.84,2,195867.24,353386.71,381423.49,0.8289,0,0.5443,0,4
MFI_KE_005412,34,F,Kericho,12,86,80,190791.19,172636.36,37529.95,2,171160.32,209029.67,387651.43,0.7851,4,0.535,0,4
MFI_KE_005413,38,M,Bungoma,29,84,70,1336257.85,1123469.95,61830.74,2,109817.84,216415.19,259660.49,0.6059,0,0.7014,0,4
MFI_KE_005414,33,F,Kericho,11,7,6,185849.12,175699.85,1616.06,1,27299.01,45303.24,24399.77,0.9277,5,0.5691,1,3
MFI_KE_005415,32,M,Uasin Gishu,15,30,48,16703.52,15734.02,2051.71,12,2172.12,3843.37,28079.51,0.6933,2,0.8335,0,1
MFI_KE_005416,28,M,Nakuru,11,44,55,15094.84,14248.8,2027.73,3,3500.77,3531.28,8413.86,0.6078,2,0.866,0,1
MFI_KE_005417,24,M,Kisii,10,25,15,57159.48,56847.34,6878.13,3,54369.16,84080.48,176562.69,0.9689,3,0.4858,0,2
MFI_KE_005418,45,F,Trans Nzoia,2,22,24,188269.39,152138.03,5444.5,3,35661.97,55030.22,118334.16,0.8645,7,0.682,0,2
MFI_KE_005419,38,M,Machakos,35,29,10,30011.92,23496.1,7241.96,4,35823.82,56299.32,123081.45,0.9676,3,0.5756,0,2
MFI_KE_005420,54,M,Bungoma,3,10,6,140917.23,139947.76,4362.6,6,37514.7,71212.09,229431.67,0.9031,6,0.0997,1,3
MFI_KE_005421,38,F,Laikipia,3,21,30,171532.52,141125.18,4500.95,1,43558.42,55353.63,50613.66,0.9789,10,0.915,0,2
MFI_KE_005422,32,M,Bomet,3,95,59,205386.56,208730.15,16563.25,3,260619.45,302676.03,694352.79,0.5441,1,0.482,0,4
MFI_KE_005423,25,M,Nakuru,28,38,35,21594.29,21358.41,1720.32,10,1904.73,2241.82,20983.0,0.7406,0,0.9739,0,1
MFI_KE_005424,65,F,Homa Bay,28,77,63,468180.96,456516.06,36022.96,7,104214.6,165471.37,663862.76,0.8898,3,0.4608,1,4
MFI_KE_005425,26,M,Murang'a,15,49,43,11095.83,11565.64,261.59,8,2145.69,3020.72,16874.35,0.7073,0,0.7767,0,1
MFI_KE_005426,46,M,Bomet,46,81,62,355741.09,276333.98,132997.32,8,54888.95,58529.45,461868.28,0.8602,0,0.4102,1,4
MFI_KE_005427,33,F,Uasin Gishu,10,26,15,47086.46,37874.34,24410.69,2,70608.37,120135.05,163037.79,0.8939,7,0.5085,1,2
MFI_KE_005428,20,M,Kiambu,16,35,50,10195.55,8949.65,4515.09,16,2372.54,4667.05,44745.61,0.8479,0,0.9154,0,1
MFI_KE_005429,24,F,Kiambu,41,34,40,20433.73,15944.8,366.24,4,2460.32,3267.96,11763.05,0.7946,0,0.8764,0,1
MFI_KE_005430,40,M,Kitui,60,8,2,15097.37,14971.78,5403.39,1,30387.62,55506.83,32957.96,0.6217,16,0.5177,0,3
MFI_KE_005431,43,M,Kisumu,9,28,17,244526.4,190472.18,10269.76,5,10559.09,14559.91,49873.12,0.8728,1,0.7037,1,2
MFI_KE_005432,24,F,Kilifi,25,31,45,27956.05,23103.55,1311.72,11,4672.37,6170.31,57819.78,0.6417,5,0.9258,0,1
MFI_KE_005433,30,F,Murang'a,2,43,54,1425.29,1027.3,1538.46,9,2960.18,3749.74,27889.82,0.8921,8,0.9615,0,1
MFI_KE_005434,24,F,Uasin Gishu,16,44,47,7012.1,6426.98,1946.05,5,2032.96,2226.33,8144.77,0.7817,2,0.9388,0,1
MFI_KE_005435,53,F,Embu,7,20,18,158108.52,147937.75,26851.05,3,41713.16,53773.4,137036.09,0.893,7,0.5041,0,2
MFI_KE_005436,42,F,Turkana,10,17,20,155810.88,143893.35,12803.5,2,30843.5,61032.35,63069.15,0.9258,3,0.6096,0,2
MFI_KE_005437,27,M,Kiambu,43,31,48,23215.37,17147.38,2891.98,9,3173.16,3344.95,27840.43,0.484,3,0.9374,0,1
MFI_KE_005438,18,M,Murang'a,7,1,2,399.21,322.86,3268.38,0,0.0,0.0,0.0,1.0,365,0.8367,0,5
MFI_KE_005439,41,M,Machakos,2,1,2,11012.31,9080.95,104.91,1,552.03,593.8,590.23,0.8156,40,0.7892,0,5
MFI_KE_005440,37,F,Murang'a,32,32,20,32726.33,34081.21,5926.31,0,0.0,0.0,0.0,0.9362,24,0.4622,0,2
MFI_KE_005441,24,F,Kisumu,120,42,50,47592.51,49219.76,1886.64,8,1503.28,2766.88,10624.62,0.5825,1,0.802,0,1
MFI_KE_005442,20,M,Nairobi,34,43,51,6478.23,6307.77,8839.62,8,815.4,1026.58,7810.42,0.5408,2,0.8905,0,1
MFI_KE_005443,28,M,Nairobi,14,42,39,14732.17,15284.56,6773.14,8,2881.81,4826.72,18653.83,0.4795,0,0.9033,0,1
MFI_KE_005444,24,M,Kisumu,2,76,73,340230.23,260489.56,41293.93,5,157072.22,300225.44,918777.19,0.9311,1,0.3308,1,4
MFI_KE_005445,25,F,Uasin Gishu,43,34,45,8351.18,8358.21,2052.19,6,831.67,1413.49,5190.27,0.8308,1,0.8788,0,1
MFI_KE_005446,28,M,Nairobi,8,43,56,9794.32,8884.74,3981.73,9,1102.12,1162.42,9247.38,0.2365,3,0.8831,0,1
MFI_KE_005447,31,F,Homa Bay,1,1,6,3277.38,2615.41,454.36,0,0.0,0.0,0.0,1.0,71,0.3981,0,5
MFI_KE_005448,31,F,Nairobi,5,55,46,62228.2,49872.5,1233.1,10,2261.85,2339.8,21504.69,0.5941,2,0.6106,0,1
MFI_KE_005449,37,M,Kisumu,2,105,78,476523.81,345382.85,26892.01,2,231145.42,330575.98,531139.14,0.8669,2,0.7629,1,4
MFI_KE_005450,36,M,Mombasa,4,3,4,2246.19,1856.27,409.35,1,1711.96,1970.65,1693.77,0.2376,50,0.7043,1,5
MFI_KE_005451,32,F,Garissa,10,26,20,85667.83,67824.72,29299.09,4,31477.15,47400.4,145999.93,0.8938,25,0.5587,0,2
MFI_KE_005452,44,M,Laikipia,8,3,4,53101.11,49253.57,3858.37,1,80579.09,159281.69,92519.28,0.8485,6,0.44,1,3
MFI_KE_005453,40,F,Trans Nzoia,17,18,15,52653.76,46939.86,16439.7,0,0.0,0.0,0.0,0.9704,10,0.3228,1,2
MFI_KE_005454,36,F,Kisumu,25,81,83,316948.69,321500.67,51802.48,4,246073.24,374231.85,1119447.15,0.9812,2,0.2861,1,4
MFI_KE_005455,27,M,Mombasa,8,34,56,38039.34,30866.02,2536.18,8,2613.26,2765.14,17372.32,0.8074,4,0.9331,0,1
MFI_KE_005456,25,F,Murang'a,6,40,54,10232.04,9764.25,2890.65,8,2988.63,5394.81,20603.61,0.7659,2,0.7333,1,1
MFI_KE_005457,57,F,Kakamega,6,10,11,121042.49,97545.88,1944.9,2,86999.95,169545.15,142256.63,0.867,11,0.5277,1,3
MFI_KE_005458,39,M,Trans Nzoia,31,21,15,106503.53,97293.77,42768.38,3,54767.5,82801.72,157325.43,0.9186,5,0.851,0,2
MFI_KE_005459,36,F,Bomet,40,42,48,8026.47,7124.09,1202.44,8,921.61,1310.17,8132.17,0.4783,1,0.951,0,1
MFI_KE_005460,48,M,Turkana,48,5,12,44534.87,37583.77,8460.5,1,57326.04,90346.47,47696.04,0.8681,6,0.3887,0,3
MFI_KE_005461,19,F,Trans Nzoia,7,40,61,13624.01,12998.6,1108.19,9,1156.52,1767.71,8900.54,0.4775,2,0.6858,0,1
MFI_KE_005462,22,M,Bomet,22,76,65,237796.08,216268.21,155444.33,6,190649.4,356342.88,1294106.32,0.8982,0,0.1396,1,4
MFI_KE_005463,34,M,Uasin Gishu,24,42,49,3672.55,2765.27,14154.89,13,1565.98,2832.61,20861.24,0.4731,0,0.9713,0,1
MFI_KE_005464,37,F,Nakuru,12,28,15,100074.46,91185.71,8332.34,2,16437.43,26695.06,26358.22,0.9984,1,0.5423,0,2
MFI_KE_005465,48,M,Kisii,10,7,6,89706.31,92392.37,10826.17,2,77600.31,83607.88,176940.7,0.708,9,0.5156,0,3
MFI_KE_005466,18,M,Garissa,9,2,3,3531.78,3652.37,405.89,0,0.0,0.0,0.0,1.0,141,0.666,1,5
MFI_KE_005467,36,F,Meru,21,90,64,204201.45,178751.08,84482.1,7,139005.34,198491.72,841764.92,0.9287,1,0.661,1,4
MFI_KE_005468,29,M,Uasin Gishu,32,39,64,8231.26,8607.47,2790.78,4,1344.21,2314.73,5305.4,0.2892,4,0.9508,0,1
MFI_KE_005469,43,F,Embu,27,6,3,94185.92,82370.2,2837.85,5,65872.83,97767.28,363216.23,0.6528,28,0.5352,0,3
MFI_KE_005470,56,F,Kericho,29,83,62,172632.97,122814.92,59937.46,5,206567.19,282127.79,855812.89,0.8958,4,0.4481,1,4
MFI_KE_005471,48,F,Meru,22,6,8,118453.14,121160.18,16212.12,5,103080.66,133602.27,424457.64,0.7016,19,0.2504,1,3
MFI_KE_005472,39,F,Embu,19,3,5,45246.4,33595.17,2929.02,2,55417.8,78366.82,94926.76,0.766,2,0.2042,1,3
MFI_KE_005473,19,M,Uasin Gishu,25,31,49,9170.4,9244.12,2606.89,11,1528.43,1800.69,16708.12,0.9156,2,0.8461,0,1
MFI_KE_005474,39,M,Bungoma,32,27,17,52580.53,37684.83,14690.52,3,70456.88,117610.29,217784.59,0.9989,1,0.6437,0,2
MFI_KE_005475,48,M,Nakuru,8,21,25,57874.84,60451.33,23898.52,1,18574.8,21407.43,19334.82,0.9991,16,0.5064,0,2
MFI_KE_005476,46,F,Garissa,25,25,17,94180.37,73761.74,4430.36,2,12746.52,16456.86,24305.34,0.967,3,0.7712,0,2
MFI_KE_005477,44,F,Uasin Gishu,3,19,25,65505.02,55035.51,15316.05,8,86809.11,159558.5,599152.02,0.9132,2,0.5756,1,2
MFI_KE_005478,38,F,Garissa,48,25,18,87775.45,67673.67,7134.77,5,30265.83,43356.45,146502.89,0.9758,7,0.5832,1,2
MFI_KE_005479,43,M,Kisii,10,55,61,847277.9,743040.79,55043.47,8,172316.3,200530.24,1229745.17,0.754,2,0.3821,1,4
MFI_KE_005480,30,F,Murang'a,22,39,50,22853.96,17792.16,2424.54,7,4294.56,7781.57,30830.56,0.5783,1,0.8694,0,1
MFI_KE_005481,38,F,Kilifi,2,30,18,25209.84,24759.26,12296.11,3,52210.59,87298.75,152611.08,0.9493,5,0.7466,0,2
MFI_KE_005482,22,F,Kisumu,3,82,72,572912.93,484735.24,38353.0,6,166285.04,253103.47,996646.84,0.7392,8,0.3987,0,4
MFI_KE_005483,28,F,Kiambu,21,44,39,12781.48,13264.72,737.56,5,2112.02,3874.59,11174.5,0.5522,1,0.8583,0,1
MFI_KE_005484,49,F,Nakuru,10,3,2,672.31,627.29,1011.8,0,0.0,0.0,0.0,1.0,18,0.3573,0,5
MFI_KE_005485,18,M,Kisumu,2,41,53,12066.44,10837.18,1372.82,7,1445.13,1713.18,8827.67,0.8174,5,0.8427,1,1
MFI_KE_005486,39,F,Homa Bay,11,5,3,32776.66,30854.88,10530.47,2,47500.45,91109.72,80367.91,0.7894,4,0.3534,1,3
MFI_KE_005487,27,F,Turkana,23,23,18,212635.98,175483.11,10420.17,2,31783.06,49545.52,65565.75,0.924,14,0.2779,1,2
MFI_KE_005488,28,F,Mombasa,32,36,51,9054.3,9043.71,9535.27,8,2065.35,3608.38,16308.92,0.7352,1,0.9842,0,1
MFI_KE_005489,36,F,Meru,5,1,3,910.24,953.6,284.03,1,2467.27,2510.07,2758.35,0.3246,35,0.6417,0,5
MFI_KE_005490,52,F,Laikipia,20,11,6,184372.94,184902.62,10912.78,2,39960.47,41237.66,76326.15,0.512,42,0.5405,0,3
MFI_KE_005491,53,M,Turkana,17,9,6,30239.72,28515.75,11132.85,2,58000.19,90030.99,96367.29,0.7335,5,0.894,1,3
MFI_KE_005492,49,F,Turkana,3,0,3,4284.72,3808.09,642.82,0,0.0,0.0,0.0,1.0,120,0.8619,0,5
MFI_KE_005493,26,F,Nairobi,15,46,49,24915.65,19180.22,2616.11,7,2657.77,2687.06,17812.39,0.8023,3,0.9235,0,1
MFI_KE_005494,44,F,Trans Nzoia,83,23,27,75181.7,64020.83,20528.35,1,25298.17,49262.97,26615.4,0.984,5,0.6845,1,2
MFI_KE_005495,30,F,Bomet,7,42,60,21959.79,18643.19,1608.15,11,3646.16,6871.36,33289.13,0.5774,1,0.933,1,1
MFI_KE_005496,34,M,Trans Nzoia,9,62,66,172137.22,138322.82,14006.67,11,221327.49,343211.79,2311926.83,0.8164,0,0.6851,1,4
MFI_KE_005497,40,F,Machakos,1,3,2,4303.86,3012.71,308.24,0,0.0,0.0,0.0,1.0,131,0.8833,0,5
MFI_KE_005498,25,F,Uasin Gishu,30,39,45,35250.89,26418.84,406.95,4,707.21,1120.57,3024.35,0.7126,0,0.9925,0,1
MFI_KE_005499,18,F,Homa Bay,7,4,1,515.19,379.42,372.83,1,1813.36,1890.5,2108.49,0.3532,26,0.4993,0,5
MFI_KE_005500,52,F,Kisumu,52,25,23,116732.6,97120.99,32436.65,3,28225.08,37035.75,84461.54,0.8338,5,0.545,0,2
MFI_KE_005501,33,M,Kericho,1,2,0,4345.94,4437.15,929.21,3,2379.65,2762.91,7835.81,0.4689,52,0.9265,0,5
MFI_KE_005502,23,M,Mombasa,14,39,50,15421.44,13689.8,353.74,9,2598.09,2894.4,25464.66,0.854,0,0.729,0,1
MFI_KE_005503,33,F,Kakamega,23,30,16,133835.21,134866.23,16235.05,3,65005.8,103816.37,193663.58,0.971,7,0.7772,0,2
MFI_KE_005504,41,F,Uasin Gishu,24,23,28,27339.87,21530.52,6030.08,2,38196.91,56428.96,87515.03,0.9406,7,0.7789,1,2
MFI_KE_005505,39,F,Kilifi,17,79,78,165551.03,148022.01,18311.0,7,93723.29,137357.06,551567.63,0.5579,0,0.6075,1,4
MFI_KE_005506,35,F,Mombasa,46,41,66,3629.1,2818.75,474.56,10,1165.18,2033.86,11256.8,0.7083,4,0.8155,0,1
MFI_KE_005507,37,F,Kisii,35,30,25,242940.51,200635.82,28647.95,2,14589.44,20438.2,29234.87,0.9382,3,0.4384,1,2
MFI_KE_005508,43,F,Kericho,20,80,65,355250.46,334899.03,106673.55,3,221846.69,304572.84,679854.75,0.8133,0,0.5035,0,4
MFI_KE_005509,49,F,Kakamega,25,2,10,101814.43,96551.37,1530.42,4,106206.85,175008.33,500981.59,0.7574,1,0.3867,1,3
MFI_KE_005510,41,F,Nairobi,6,98,65,408775.44,388673.43,59855.25,7,83018.9,91201.68,567652.79,0.9463,0,0.5006,1,4
MFI_KE_005511,40,F,Turkana,98,77,56,161130.21,168145.53,23039.61,7,193109.87,221362.92,1342099.58,0.6282,1,0.7224,0,4
MFI_KE_005512,29,M,Meru,16,88,56,291356.13,282398.06,18883.99,6,166854.0,193810.06,872040.9,0.5937,3,0.4546,0,4
MFI_KE_005513,27,M,Mombasa,38,42,48,5921.96,5677.17,2272.27,11,1795.1,3149.67,21366.86,0.7295,5,0.7301,0,1
MFI_KE_005514,22,F,Uasin Gishu,8,37,56,14999.86,11271.45,1156.36,11,3490.1,5205.43,32838.43,0.8779,2,0.8244,0,1
MFI_KE_005515,46,M,Turkana,2,7,3,54561.62,38912.31,953.99,1,44247.11,60010.45,51158.47,0.7331,2,0.2089,0,3
MFI_KE_005516,22,F,Migori,10,20,16,142068.47,103732.05,18100.9,2,35127.79,47042.64,61014.6,0.9565,2,0.662,0,2
MFI_KE_005517,50,M,Kitui,26,28,22,50385.37,44784.9,17482.95,5,21175.86,38641.81,123706.81,0.906,4,0.7586,0,2
MFI_KE_005518,29,M,Laikipia,24,91,63,241674.46,214196.36,140235.03,3,114430.26,120555.33,323106.05,0.8382,0,0.5545,0,4
MFI_KE_005519,45,F,Bungoma,21,29,27,105414.51,84124.06,8364.41,2,33577.75,54789.48,65291.24,0.969,5,0.7444,0,2
MFI_KE_005520,29,M,Kisii,3,38,49,10079.14,10132.69,4211.48,8,1640.54,1817.74,13650.89,0.8056,6,0.8573,0,1
MFI_KE_005521,41,F,Turkana,4,33,17,95610.32,73395.36,6341.18,4,45350.44,63258.42,202541.13,0.9034,9,0.2293,0,2
MFI_KE_005522,29,M,Homa Bay,48,42,22,58798.42,52426.19,8371.27,2,23877.09,36635.66,50085.32,0.9847,12,0.519,1,2
MFI_KE_005523,21,F,Kisumu,5,33,47,32084.72,31508.62,1570.0,7,4232.33,4682.85,29810.58,0.7162,0,0.9053,0,1
MFI_KE_005524,18,F,Nairobi,24,45,41,8958.74,8707.22,737.35,3,1630.57,2176.29,5526.71,0.3613,4,0.7633,0,1
MFI_KE_005525,33,M,Garissa,52,69,73,660718.98,551264.77,58010.22,4,290934.84,309750.23,1058773.53,0.9005,1,0.8136,0,4
MFI_KE_005526,27,M,Kiambu,10,46,40,40956.75,32076.81,543.86,9,1497.96,2126.02,13421.77,0.9048,2,0.9812,0,1
MFI_KE_005527,35,F,Kericho,28,8,5,104601.54,93215.12,7101.61,4,82325.34,161529.8,267770.69,0.8626,1,0.287,1,3
MFI_KE_005528,27,F,Nakuru,21,41,41,13544.48,10111.95,2006.53,4,1969.33,2007.16,8761.62,0.5731,3,0.9446,0,1
MFI_KE_005529,44,F,Kakamega,22,14,5,55050.78,44706.3,1641.15,2,54186.6,67864.46,101625.06,0.6046,3,0.574,1,3
MFI_KE_005530,46,F,Kericho,1,3,3,1475.75,1283.96,402.29,0,0.0,0.0,0.0,1.0,52,0.8266,0,5
MFI_KE_005531,46,F,Garissa,45,7,2,209376.78,154228.97,4652.28,1,62622.55,101460.52,56435.23,0.6944,1,0.3434,1,3
MFI_KE_005532,33,F,Migori,9,11,3,16292.09,16296.5,18810.61,3,18771.87,30723.28,64969.44,0.9485,4,0.433,1,3
MFI_KE_005533,24,M,Kakamega,8,22,15,74041.22,59339.57,37921.46,4,22201.55,31476.23,100261.94,0.9863,5,0.7984,0,2
MFI_KE_005534,47,F,Kitui,50,7,5,24887.08,18533.0,2916.52,2,59171.65,97819.57,121507.14,0.8261,1,0.48,1,3
MFI_KE_005535,24,F,Nakuru,49,50,48,16850.58,13071.84,358.09,6,4036.8,4411.23,26157.98,0.7341,1,0.8799,0,1
MFI_KE_005536,22,M,Kisumu,13,43,40,17379.42,16522.06,604.8,8,1385.01,2502.69,9615.44,0.6824,1,0.9618,0,1
MFI_KE_005537,43,F,Kiambu,113,32,21,80737.1,68390.63,13115.97,0,0.0,0.0,0.0,0.9365,5,0.6297,0,2
MFI_KE_005538,41,M,Bungoma,48,28,25,151524.38,154241.97,18910.11,4,39660.93,72582.43,176089.25,0.9296,1,0.1827,1,2
MFI_KE_005539,51,M,Migori,5,12,4,30373.96,29564.29,3997.09,3,52901.32,58673.48,186264.44,0.6181,6,0.5847,1,3
MFI_KE_005540,26,F,Mombasa,28,52,46,5880.49,5942.54,1574.32,6,972.66,1763.63,6612.61,0.7393,1,0.9721,0,1
MFI_KE_005541,32,M,Turkana,4,31,21,39132.67,31161.51,5359.59,0,0.0,0.0,0.0,0.9681,15,0.474,0,2
MFI_KE_005542,24,M,Kiambu,11,42,53,3243.84,2536.73,2023.67,3,585.45,632.67,1589.83,0.5503,0,0.8828,0,1
MFI_KE_005543,39,M,Bungoma,1,2,2,1682.27,1554.67,198.05,0,0.0,0.0,0.0,1.0,115,0.5547,0,5
MFI_KE_005544,47,M,Machakos,11,9,6,374201.94,337702.49,2387.89,1,51254.3,75989.12,60289.57,0.6634,4,0.693,1,3
MFI_KE_005545,41,F,Migori,52,20,17,117239.2,85521.98,6582.81,0,0.0,0.0,0.0,0.9644,34,0.6064,0,2
MFI_KE_005546,39,M,Bungoma,10,29,22,126096.63,104028.83,8253.47,1,14548.18,14580.37,13758.16,0.9918,4,0.4829,0,2
MFI_KE_005547,42,F,Bomet,19,92,73,432986.88,330670.73,12027.28,5,383396.15,759520.82,1880526.92,0.8136,2,0.6377,0,4
MFI_KE_005548,46,M,Kisumu,2,0,8,7089.68,5579.74,61.44,2,1080.55,2062.75,2505.33,0.4111,13,0.8052,0,5
MFI_KE_005549,18,M,Homa Bay,1,3,2,6825.3,5936.58,254.62,1,2039.15,3509.99,2335.42,0.4796,15,0.1648,0,5
MFI_KE_005550,19,F,Nairobi,3,35,37,25041.84,26024.48,2601.76,10,1677.14,2224.86,17851.72,0.8139,2,0.8646,0,1
MFI_KE_005551,60,F,Turkana,4,5,6,156984.87,151828.71,3118.78,3,45596.85,84465.93,128793.97,0.823,5,0.2055,0,3
MFI_KE_005552,44,M,Machakos,32,85,72,113360.94,110322.76,73113.69,3,155107.68,269863.21,423299.09,0.7733,1,0.527,0,4
MFI_KE_005553,18,F,Nakuru,18,42,45,11869.66,10504.37,2992.25,7,4268.6,5465.58,34037.08,0.6887,1,0.9404,0,1
MFI_KE_005554,20,F,Murang'a,4,37,36,12590.46,10061.42,778.15,4,3481.73,4858.53,14561.02,0.6341,1,0.9743,1,1
MFI_KE_005555,37,F,Kakamega,34,25,21,39443.9,40373.47,23553.87,6,34532.87,42882.35,216259.43,0.9355,9,0.6553,0,2
MFI_KE_005556,59,F,Bungoma,43,10,5,58633.05,53152.79,6598.44,2,46711.01,84459.51,87680.05,0.8548,7,0.476,1,3
MFI_KE_005557,28,F,Kakamega,8,34,57,3711.22,3729.23,497.27,11,3309.52,5756.9,36911.56,0.7253,7,0.9201,0,1
MFI_KE_005558,36,F,Homa Bay,5,10,7,44585.61,38157.93,5139.98,4,38252.44,53090.81,183052.57,0.7234,1,0.4618,0,3
MFI_KE_005559,42,M,Uasin Gishu,8,17,14,71383.0,62953.97,69273.29,3,21814.78,33169.1,75229.3,0.957,5,0.6708,0,2
MFI_KE_005560,35,F,Machakos,28,9,6,52706.45,49458.84,9172.88,1,89990.74,159550.33,77249.01,0.8843,2,0.3173,0,3
MFI_KE_005561,31,F,Homa Bay,7,26,23,81868.37,64923.18,4359.6,2,22530.52,39783.31,40589.11,0.9104,22,0.6466,0,2
MFI_KE_005562,27,M,Mombasa,18,40,46,11966.7,11119.77,1024.97,5,2728.03,5417.52,11260.25,0.6057,6,0.9992,0,1
MFI_KE_005563,33,F,Migori,5,3,3,2834.43,2011.54,572.49,0,0.0,0.0,0.0,1.0,24,0.5442,0,5
MFI_KE_005564,36,F,Nakuru,15,40,52,42244.38,34439.42,800.91,6,5056.51,8680.81,35877.78,0.5922,0,0.7592,0,1
MFI_KE_005565,26,F,Kiambu,3,44,56,32858.46,24033.47,1236.16,7,735.26,744.06,5140.03,0.7125,7,0.7644,0,1
MFI_KE_005566,24,F,Uasin Gishu,2,39,48,34874.49,29972.46,3755.25,9,2413.54,2503.18,19670.02,0.4862,14,0.6987,1,1
MFI_KE_005567,26,M,Machakos,2,3,3,5669.54,4675.73,1677.6,2,1355.79,1452.76,2600.33,0.2649,13,0.6257,0,5
MFI_KE_005568,24,M,Kitui,20,21,15,66883.36,67432.06,17772.16,3,62260.32,74356.35,156703.95,0.9877,2,0.4401,1,2
MFI_KE_005569,27,F,Meru,7,22,13,181135.27,187304.02,3622.37,6,59218.62,79910.25,306750.97,0.9801,19,0.5879,0,2
MFI_KE_005570,36,M,Mombasa,16,33,55,18785.93,17265.61,998.05,7,1071.15,1573.61,8482.78,0.7962,0,0.8444,0,1
MFI_KE_005571,37,M,Turkana,23,26,26,43807.03,42022.07,33949.52,1,20301.75,33680.02,22610.74,0.9719,1,0.7892,0,2
MFI_KE_005572,31,F,Nyeri,39,10,2,65787.05,61272.79,32582.14,3,21318.15,30415.22,69291.75,0.8249,1,0.4835,0,3
MFI_KE_005573,23,M,Kisumu,60,43,41,7395.77,7730.1,2249.59,13,1279.34,1625.63,18461.37,0.4781,4,0.8106,0,1
MFI_KE_005574,56,M,Bungoma,67,76,86,557059.29,518753.36,58637.98,9,249705.47,472544.4,2140109.4,0.8824,0,0.1977,0,4
MFI_KE_005575,24,F,Garissa,25,29,52,18001.35,15729.24,2448.64,10,1764.26,3017.36,20713.59,0.6614,6,0.9718,0,1
MFI_KE_005576,44,M,Nairobi,9,29,18,38555.64,40100.19,25032.05,5,18040.68,22050.08,77931.36,0.9952,2,0.4418,0,2
MFI_KE_005577,65,M,Kisii,1,2,5,2483.18,1962.14,1363.78,0,0.0,0.0,0.0,1.0,77,0.6302,0,5
MFI_KE_005578,48,F,Nairobi,3,20,14,45218.17,39262.98,8345.93,2,30363.35,43264.14,68817.28,0.9839,1,0.3895,1,2
MFI_KE_005579,42,F,Bungoma,11,31,15,94855.79,85695.31,11524.78,2,47128.84,75881.99,109065.56,0.9943,9,0.4116,0,2
MFI_KE_005580,43,M,Laikipia,22,6,5,65712.5,64609.8,1737.96,2,71071.82,131800.76,150989.26,0.7321,2,0.2584,1,3
MFI_KE_005581,43,F,Machakos,5,89,91,135871.32,106351.85,25767.68,5,340931.55,359809.75,1986903.59,0.879,2,0.8516,0,4
MFI_KE_005582,47,F,Trans Nzoia,9,28,21,54448.54,54100.79,10008.02,2,24092.13,26427.59,56145.77,0.9963,5,0.6476,0,2
MFI_KE_005583,23,F,Mombasa,79,30,43,46074.91,47030.05,1347.09,9,3368.44,6316.2,33633.84,0.3765,4,0.8535,0,1
MFI_KE_005584,31,F,Kakamega,38,34,27,26254.18,21809.45,21200.01,2,44810.28,62064.64,90021.32,0.9925,20,0.8814,1,2
MFI_KE_005585,43,F,Kiambu,3,80,51,544374.83,522079.28,54707.67,9,193753.48,262554.35,2087667.32,0.8488,1,0.5806,0,4
MFI_KE_005586,42,F,Uasin Gishu,62,25,23,306230.83,259002.02,9580.05,3,60133.93,76053.8,144786.02,0.9302,9,0.5725,0,2
MFI_KE_005587,26,M,Uasin Gishu,3,41,59,26181.7,24983.67,1830.25,4,766.62,1162.92,3427.62,0.8388,0,0.6571,0,1
MFI_KE_005588,31,M,Migori,35,9,3,88878.28,74395.63,2455.56,5,129417.92,230029.86,666036.46,0.7119,3,0.3065,1,3
MFI_KE_005589,45,M,Homa Bay,8,21,19,59236.93,61601.57,35016.13,0,0.0,0.0,0.0,0.9939,3,0.8994,0,2
MFI_KE_005590,27,F,Uasin Gishu,10,29,54,13393.3,11817.21,3837.81,7,1445.78,1869.78,9083.81,0.7237,4,0.9528,0,1
MFI_KE_005591,23,M,Nairobi,1,2,4,214.26,174.8,3315.99,1,1102.2,2078.74,929.9,0.3196,43,0.6664,0,5
MFI_KE_005592,37,M,Nairobi,1,4,4,1860.59,1774.61,385.68,0,0.0,0.0,0.0,1.0,27,0.5842,0,5
MFI_KE_005593,48,F,Machakos,9,22,14,28502.0,24125.42,25891.26,5,78389.22,103782.16,341052.78,0.9399,12,0.8187,0,2
MFI_KE_005594,33,M,Kiambu,39,44,52,14352.0,13710.25,3583.88,7,1190.81,1325.79,9718.47,0.3708,1,0.8975,0,1
MFI_KE_005595,21,M,Kiambu,62,35,56,14069.6,11154.08,2132.96,12,2801.83,3910.01,35910.99,0.5216,4,0.9664,0,1
MFI_KE_005596,38,F,Embu,18,3,7,41991.91,32891.42,9153.22,3,30456.23,38087.41,95719.78,0.6618,24,0.428,1,3
MFI_KE_005597,48,M,Laikipia,4,6,4,29394.17,21421.08,4429.8,5,115524.51,121700.67,567718.06,0.8128,2,0.2141,1,3
MFI_KE_005598,26,F,Kisii,26,41,50,5466.67,4298.94,553.47,9,1736.16,2980.28,16999.23,0.709,0,0.7009,0,1
MFI_KE_005599,30,M,Mombasa,6,1,2,1459.25,1040.59,386.85,0,0.0,0.0,0.0,1.0,95,0.6938,0,5
MFI_KE_005600,38,F,Laikipia,3,29,19,127942.17,116636.63,6921.24,5,85777.97,101489.22,432865.97,0.9508,2,0.7213,0,2
MFI_KE_005601,40,M,Migori,27,77,70,157375.75,160176.69,26749.95,4,100265.28,152778.64,321159.97,0.6515,3,0.3316,0,4
MFI_KE_005602,54,M,Mombasa,68,86,68,438837.32,403473.26,34709.26,9,94863.74,178791.3,842101.1,0.6864,3,0.3246,0,4
MFI_KE_005603,56,F,Homa Bay,5,37,22,181365.63,130187.79,49657.84,2,31925.63,43184.8,72164.69,0.9561,2,0.5516,1,2
MFI_KE_005604,28,F,Kiambu,17,42,68,4230.87,3648.19,10151.8,4,1675.82,2979.77,6257.4,0.9227,3,0.9162,0,1
MFI_KE_005605,20,M,Nairobi,10,37,57,34357.29,35345.08,954.09,7,1179.54,1413.63,7246.3,0.4671,0,0.7383,0,1
MFI_KE_005606,30,M,Bungoma,35,91,59,97196.19,83221.4,39192.95,11,148520.49,181134.8,1442359.55,0.8244,1,0.4103,0,4
MFI_KE_005607,43,F,Bomet,15,18,18,70046.46,54614.54,25374.37,2,47142.57,60086.41,99965.23,0.9673,1,0.4627,0,2
MFI_KE_005608,57,M,Kericho,18,9,6,198392.97,190503.28,3242.89,1,52910.59,75537.41,43822.3,0.5844,8,0.4745,1,3
MFI_KE_005609,46,M,Kericho,10,10,7,30438.62,27474.87,2611.08,1,37663.18,47824.19,34433.19,0.6692,22,0.5395,1,3
MFI_KE_005610,25,M,Turkana,8,79,59,358821.31,295523.32,20747.89,4,94804.77,110540.52,327301.69,0.9691,1,0.6303,0,4
MFI_KE_005611,21,M,Nakuru,13,30,45,13102.07,12631.16,2661.91,5,1105.63,1742.75,5667.56,0.7135,0,0.8571,0,1
MFI_KE_005612,27,M,Mombasa,4,55,46,32228.02,24534.17,1158.31,4,3840.86,5119.09,15275.25,0.6773,5,0.8168,0,1
MFI_KE_005613,42,F,Kisii,29,5,7,30753.35,30810.07,10707.54,4,98203.79,138627.96,428098.39,0.8682,6,0.4416,1,3
MFI_KE_005614,33,F,Trans Nzoia,4,0,5,2448.91,2466.61,90.29,1,1061.95,1539.76,913.84,0.3334,30,0.228,0,5
MFI_KE_005615,22,F,Nakuru,4,42,41,14632.6,12694.01,6427.53,13,1721.26,2724.66,19708.9,0.4132,1,0.7862,0,1
MFI_KE_005616,27,F,Kakamega,2,3,6,5376.42,4745.09,593.65,0,0.0,0.0,0.0,1.0,79,0.4905,0,5
MFI_KE_005617,19,F,Kisumu,6,45,47,3870.19,3131.7,19691.87,9,3061.07,4663.99,27205.05,0.6515,12,0.7542,0,1
MFI_KE_005618,18,M,Nakuru,70,51,47,3396.6,3174.49,860.58,7,1578.98,2082.01,10678.33,0.8128,0,0.8561,0,1
MFI_KE_005619,71,F,Kilifi,7,13,9,16448.25,11747.07,19860.82,2,24376.41,25720.67,49745.47,0.7764,11,0.2325,0,3
MFI_KE_005620,28,F,Nairobi,5,42,48,23514.79,17758.14,486.61,6,1128.8,1431.32,6493.93,0.9007,2,0.8571,0,1
MFI_KE_005621,51,M,Machakos,2,2,2,6610.4,5518.87,690.32,1,2375.76,2510.75,2569.65,0.249,108,0.3956,0,5
MFI_KE_005622,40,F,Laikipia,19,77,62,190676.94,196051.82,17227.23,4,177966.64,191596.4,702607.14,0.8205,5,0.5303,1,4
MFI_KE_005623,35,M,Garissa,2,28,25,19417.73,18954.89,10454.14,3,90073.55,94579.71,292839.49,0.9773,22,0.7907,0,2
MFI_KE_005624,26,M,Kisumu,17,35,44,22162.26,16668.48,1060.44,5,1351.41,1978.2,7279.8,0.4773,2,0.9106,0,1
MFI_KE_005625,20,F,Kisumu,69,29,44,8065.02,7612.83,6264.78,9,1445.47,2102.13,13178.09,0.7534,3,0.8785,0,1
MFI_KE_005626,57,F,Kisii,21,2,2,994.39,754.66,43.78,0,0.0,0.0,0.0,1.0,27,0.6986,0,5
MFI_KE_005627,28,F,Kakamega,16,20,19,112928.42,93824.13,35830.08,1,67807.83,99760.02,77208.73,0.9984,1,0.9167,1,2
MFI_KE_005628,41,F,Garissa,15,6,5,47056.67,41549.73,5204.25,3,24361.63,26223.67,78463.53,0.4313,3,0.2181,0,3
MFI_KE_005629,54,F,Embu,12,8,8,89486.41,72501.15,5944.62,1,97665.84,138944.63,85911.07,0.941,5,0.334,1,3
MFI_KE_005630,40,M,Kericho,16,93,81,159677.91,151831.65,67975.99,4,220350.67,393289.99,783652.87,0.8323,0,0.447,0,4
MFI_KE_005631,23,M,Bungoma,5,32,49,2604.49,2353.72,2348.53,10,1346.07,1549.67,13981.88,0.8381,3,0.8456,0,1
MFI_KE_005632,38,M,Bomet,28,28,15,237619.08,193228.63,7448.32,1,71392.21,109240.35,59902.41,0.9781,4,0.8129,1,2
MFI_KE_005633,41,F,Bomet,21,7,5,64289.61,65462.93,10069.91,1,54819.33,105434.98,49974.93,0.6113,20,0.2288,1,3
MFI_KE_005634,48,M,Kisumu,6,3,0,3799.73,3097.7,293.61,1,1127.76,2137.29,1200.55,0.2942,58,0.4846,0,5
MFI_KE_005635,26,M,Laikipia,27,47,55,13842.46,14050.55,2469.15,3,850.71,1017.88,2703.9,0.9123,4,0.817,0,1
MFI_KE_005636,27,F,Uasin Gishu,18,41,53,48612.86,42562.3,2854.36,3,1005.08,1009.97,3524.49,0.7869,0,0.8705,0,1
MFI_KE_005637,39,M,Trans Nzoia,3,26,23,109418.23,113969.71,10554.56,0,0.0,0.0,0.0,0.9967,23,0.7741,0,2
MFI_KE_005638,52,M,Kilifi,34,12,5,506358.84,497835.9,1593.26,3,142293.35,227383.8,506373.68,0.8282,9,0.2165,0,3
MFI_KE_005639,35,F,Kiambu,13,47,43,6058.16,4722.24,1465.49,7,1090.47,2147.19,6227.26,0.7359,3,0.7908,0,1
MFI_KE_005640,68,M,Laikipia,9,9,5,26442.36,23757.87,1784.79,2,70096.16,76796.16,123987.06,0.8664,4,0.4204,1,3
MFI_KE_005641,35,F,Nairobi,4,35,50,5490.42,4100.91,2365.35,5,1935.7,3768.67,11005.07,0.7621,2,0.8838,1,1
MFI_KE_005642,38,F,Kisumu,2,16,22,66690.21,50532.12,5673.61,4,57640.22,72133.9,250686.42,0.9138,1,0.2994,0,2
MFI_KE_005643,27,M,Nairobi,4,36,55,6943.52,5153.71,912.45,7,835.38,987.11,6109.16,0.7928,2,0.9285,0,1
MFI_KE_005644,37,M,Kericho,1,2,2,2284.58,1609.48,881.46,0,0.0,0.0,0.0,1.0,31,0.4271,0,5
MFI_KE_005645,32,M,Migori,7,35,44,8803.45,8960.04,1029.41,5,4122.06,8098.83,22878.31,0.4497,2,0.8479,0,1
MFI_KE_005646,24,F,Kiambu,32,42,51,3164.45,2867.88,416.33,9,4457.54,5886.4,36859.58,0.3551,3,0.9238,0,1
MFI_KE_005647,51,M,Homa Bay,16,25,16,117476.57,100836.86,17887.88,2,61304.22,107158.78,105971.35,0.9485,17,0.6384,0,2
MFI_KE_005648,25,F,Bungoma,56,38,50,9379.28,8341.21,5637.82,7,1948.64,3059.5,13403.83,0.6109,5,0.6508,1,1
MFI_KE_005649,51,M,Machakos,26,25,19,68398.57,59545.99,18400.68,4,22892.2,45630.5,88408.71,0.9458,3,0.652,0,2
MFI_KE_005650,53,F,Kitui,7,11,4,198637.24,157851.49,2955.28,4,19306.64,37139.69,63983.53,0.8139,10,0.2516,0,3
MFI_KE_005651,29,F,Kiambu,6,37,59,12935.92,10553.64,4206.37,5,3257.56,4554.74,14988.11,0.4418,3,0.923,0,1
MFI_KE_005652,35,F,Murang'a,63,18,24,97840.42,95729.13,7914.01,3,27604.98,49892.49,77013.26,0.8455,35,0.4588,0,2
MFI_KE_005653,35,M,Kilifi,15,76,67,537569.33,455544.48,50560.0,5,119715.89,198913.59,644627.04,0.686,0,0.7297,1,4
MFI_KE_005654,65,F,Homa Bay,2,7,8,23390.58,18570.86,16915.87,4,58603.6,111479.73,278575.21,0.6866,3,0.45,1,3
MFI_KE_005655,28,F,Homa Bay,12,28,20,52243.16,52644.21,9800.56,3,18892.46,21618.07,57738.45,0.9744,3,0.6309,1,2
MFI_KE_005656,26,M,Kisumu,17,20,28,81841.52,74256.79,18308.88,4,14643.97,27423.43,58448.59,0.8886,2,0.865,0,2
MFI_KE_005657,29,F,Uasin Gishu,2,42,54,24527.0,19218.97,1756.32,6,1143.14,2221.86,7283.84,0.7725,10,0.98,0,1
MFI_KE_005658,64,M,Kisii,13,10,8,7728.78,7576.85,2744.41,1,145696.1,242184.35,150798.26,0.7733,4,0.6971,1,3
MFI_KE_005659,22,F,Kisii,8,12,1,72962.02,60129.61,5351.38,3,85693.0,121594.35,208860.77,0.9132,7,0.2917,0,3
MFI_KE_005660,38,M,Laikipia,15,18,17,132527.77,127040.09,12389.95,0,0.0,0.0,0.0,0.953,4,0.7593,0,2
MFI_KE_005661,33,M,Kericho,22,69,74,207751.93,149423.21,41542.68,3,238910.84,282301.23,765446.19,0.4814,0,0.4278,0,4
MFI_KE_005662,54,F,Nyeri,32,15,7,207198.04,215979.92,4602.86,3,55434.84,70200.92,145546.46,0.8657,7,0.2499,1,3
MFI_KE_005663,34,F,Kericho,30,9,8,56487.02,52747.54,3241.04,5,95355.24,159789.65,519056.14,0.9213,2,0.3994,1,3
MFI_KE_005664,46,F,Kericho,3,10,8,57214.66,55619.15,7570.38,1,23808.3,39874.78,21597.38,0.7703,14,0.4503,1,3
MFI_KE_005665,38,F,Murang'a,25,25,22,28984.94,23886.8,32091.39,4,37787.33,40045.99,127140.06,0.9799,18,0.7486,1,2
MFI_KE_005666,42,M,Kilifi,7,13,18,26208.64,25958.74,7387.59,1,27842.27,36008.04,27784.83,0.9541,5,0.5146,0,2
MFI_KE_005667,27,M,Nakuru,57,82,78,456060.47,384224.49,6332.88,6,124684.09,177815.78,764499.0,0.9051,1,0.3,1,4
MFI_KE_005668,18,M,Kericho,5,6,3,2741.93,1923.35,4812.87,0,0.0,0.0,0.0,1.0,31,0.535,0,5
MFI_KE_005669,25,M,Uasin Gishu,7,35,55,5144.32,4216.17,7027.39,13,3218.78,6342.3,47965.92,0.7058,0,0.8513,0,1
MFI_KE_005670,35,M,Kericho,3,35,60,10926.44,8738.87,1044.14,3,2812.88,4354.45,8034.15,0.2472,0,0.8208,0,1
MFI_KE_005671,22,F,Uasin Gishu,3,40,40,30761.38,29528.67,1796.27,4,766.83,959.38,2486.21,0.8391,1,0.9664,0,1
MFI_KE_005672,24,F,Kilifi,9,40,48,14569.87,14369.57,910.93,10,1960.97,2097.59,22542.08,0.7623,3,0.9469,1,1
MFI_KE_005673,22,M,Kisii,1,4,1,2972.26,2194.83,547.18,1,1674.61,1676.18,1607.25,0.6134,65,0.7499,0,5
MFI_KE_005674,18,F,Nakuru,10,43,53,12980.53,13349.33,1255.87,8,1937.57,3292.63,14427.73,0.6284,3,0.9554,0,1
MFI_KE_005675,28,M,Trans Nzoia,4,3,1,4167.12,3163.26,266.91,1,732.64,1267.07,602.18,0.7768,65,0.8063,0,5
MFI_KE_005676,46,F,Kisumu,13,22,20,23348.89,17381.12,34007.52,2,30772.8,40209.96,65129.36,0.9973,19,0.5677,1,2
MFI_KE_005677,71,F,Machakos,46,3,12,63808.65,57971.57,3692.91,2,21192.34,34273.1,39731.2,0.6722,11,0.3522,1,3
MFI_KE_005678,53,F,Kericho,17,73,81,324747.71,279137.79,30874.49,9,113884.76,148875.81,1004563.03,0.874,0,0.5978,0,4
MFI_KE_005679,41,F,Nakuru,2,21,21,28910.85,28484.0,39553.72,2,38808.0,58478.76,84482.04,0.9297,6,0.6085,1,2
MFI_KE_005680,32,F,Migori,26,24,17,120369.89,116205.22,20060.9,2,40896.9,74967.55,76997.78,0.899,1,0.7568,0,2
MFI_KE_005681,24,M,Kisumu,2,48,47,8950.84,8967.39,1470.48,9,2338.05,3031.44,25179.7,0.6853,5,0.973,0,1
MFI_KE_005682,38,F,Kisii,11,27,24,69303.04,66173.18,10083.64,2,47108.07,85606.27,82526.6,0.9016,8,0.7599,1,2
MFI_KE_005683,40,F,Nyeri,2,0,2,12994.62,11089.6,696.12,0,0.0,0.0,0.0,1.0,23,0.5344,0,5
MFI_KE_005684,29,F,Uasin Gishu,3,34,49,5416.86,4885.24,3382.52,6,3237.56,5853.51,19868.02,0.8439,6,0.8358,0,1
MFI_KE_005685,32,M,Kisumu,7,45,54,33454.33,23648.21,1301.31,8,4988.68,6478.85,43978.35,0.6984,0,0.835,0,1
MFI_KE_005686,22,M,Kisumu,8,40,58,30599.38,25002.78,672.76,9,4298.96,6308.71,46203.91,0.8095,1,0.6568,0,1
MFI_KE_005687,43,F,Machakos,14,90,81,370528.39,348033.03,23418.2,2,247013.92,383366.44,444656.91,0.8124,1,0.6783,1,4
MFI_KE_005688,39,M,Bomet,15,10,11,18534.38,17430.95,2867.55,0,0.0,0.0,0.0,0.9108,6,0.4788,0,3
MFI_KE_005689,46,M,Kisii,17,22,24,77627.06,70625.08,30302.36,4,19502.61,24625.93,87698.4,0.9523,8,0.4386,0,2
MFI_KE_005690,37,F,Bomet,16,26,23,181332.09,156834.2,57827.04,1,98815.65,126983.57,117360.01,0.9444,6,0.7007,0,2
MFI_KE_005691,27,F,Nairobi,9,36,47,6374.46,5371.74,4325.86,9,3882.67,6341.11,34153.51,0.7205,1,0.7878,0,1
MFI_KE_005692,35,F,Turkana,49,30,18,16378.89,13767.21,22206.0,2,42578.63,57535.52,79127.76,0.9703,3,0.261,1,2
MFI_KE_005693,28,M,Kiambu,15,1,2,364.14,298.33,184.24,0,0.0,0.0,0.0,1.0,123,0.664,1,5
MFI_KE_005694,34,F,Kericho,16,5,8,128188.23,118409.12,9154.46,1,79630.48,136284.43,63807.99,0.9254,1,0.6182,1,3
MFI_KE_005695,27,M,Homa Bay,2,25,16,86576.26,64836.61,18289.43,2,32632.17,52833.09,61507.8,0.9941,1,0.5234,0,2
MFI_KE_005696,27,F,Uasin Gishu,53,48,42,19437.77,17319.33,1780.62,6,1653.82,2491.48,8309.39,0.9148,5,0.9291,0,1
MFI_KE_005697,46,F,Kericho,6,86,69,819591.24,804811.32,14150.08,7,173476.39,197374.18,1417352.38,0.7794,4,0.6795,0,4
MFI_KE_005698,51,M,Uasin Gishu,21,78,61,380486.79,351497.26,54683.64,4,85027.81,106679.28,272656.36,0.6533,3,0.6833,0,4
MFI_KE_005699,18,M,Kakamega,13,35,51,6312.33,6314.78,1365.97,7,2084.7,2728.04,13539.1,0.6061,2,0.9046,0,1
MFI_KE_005700,60,M,Bomet,23,6,5,77500.11,66937.33,1379.65,0,0.0,0.0,0.0,0.8354,21,0.403,0,3
MFI_KE_005701,38,F,Bungoma,14,87,66,310790.63,303143.07,52474.33,6,434127.85,780746.25,2805015.95,0.7128,2,0.5771,1,4
MFI_KE_005702,44,M,Kakamega,3,5,8,27472.84,28190.08,377.21,2,98246.86,155210.6,194782.59,0.9054,18,0.5137,1,3
MFI_KE_005703,26,F,Uasin Gishu,15,34,50,8423.23,7155.21,6499.45,6,2269.92,3787.84,12776.74,0.7594,0,0.8338,0,1
MFI_KE_005704,38,M,Kakamega,5,20,16,55415.54,57665.38,15210.0,3,28950.4,42461.47,98721.08,0.9161,25,0.4482,0,2
MFI_KE_005705,22,F,Kiambu,8,39,39,11837.27,12363.77,4189.07,6,2351.32,2698.61,12801.91,0.704,0,0.9088,0,1
MFI_KE_005706,23,F,Uasin Gishu,22,38,55,13547.0,12630.28,8158.59,5,3715.96,3924.06,19873.1,0.75,1,0.8368,0,1
MFI_KE_005707,27,M,Bungoma,6,22,23,54620.22,47754.89,15383.54,3,30796.59,41097.14,108659.01,0.9647,23,0.3652,0,2
MFI_KE_005708,53,F,Machakos,17,10,5,143422.1,144877.78,2270.87,1,50663.29,62027.83,49352.17,0.6448,5,0.3241,1,3
MFI_KE_005709,44,F,Bungoma,4,28,22,49941.57,47001.67,26212.02,2,63130.04,68819.9,133804.2,0.9263,23,0.6463,1,2
MFI_KE_005710,49,M,Turkana,11,24,18,222673.27,213351.34,14014.45,1,38630.1,62040.11,44697.5,0.8424,9,0.6563,0,2
MFI_KE_005711,33,M,Kakamega,25,28,42,34931.49,24815.35,4288.93,9,937.21,1445.37,9366.47,0.5325,4,0.7405,0,1
MFI_KE_005712,72,F,Nyeri,15,7,5,167229.21,121243.94,19067.48,4,104586.98,185282.76,359623.46,0.8952,1,0.5596,1,3
MFI_KE_005713,56,F,Kitui,32,6,2,64357.07,61199.16,1279.89,1,40505.25,49808.59,44510.64,0.7798,3,0.2791,1,3
MFI_KE_005714,22,M,Kisumu,2,37,62,15606.07,14988.4,2368.66,9,1762.48,2948.85,16225.02,0.7049,4,0.928,1,1
MFI_KE_005715,29,M,Nairobi,36,36,50,10550.81,8035.68,567.89,6,5594.26,8990.84,34328.37,0.8978,1,0.7177,0,1
MFI_KE_005716,29,M,Bomet,41,22,20,169731.51,129542.42,15152.45,3,37452.78,71783.99,117706.21,0.9944,23,0.5679,0,2
MFI_KE_005717,37,M,Trans Nzoia,17,0,4,11570.83,10976.32,2140.16,0,0.0,0.0,0.0,1.0,18,0.828,0,5
MFI_KE_005718,36,F,Kisumu,9,29,18,31304.78,30051.37,21572.77,5,61530.24,62155.92,249133.52,0.9362,2,0.7405,0,2
MFI_KE_005719,40,F,Trans Nzoia,14,31,21,78301.61,61879.3,6422.59,3,33689.11,63665.52,90465.69,0.9389,41,0.5277,0,2
MFI_KE_005720,29,M,Kericho,19,7,5,122238.72,106513.18,1820.44,0,0.0,0.0,0.0,0.4218,10,0.5355,1,3
MFI_KE_005721,41,M,Kericho,4,19,13,56376.96,42924.77,18870.13,2,43724.94,59602.01,100793.77,0.9468,27,0.7236,0,2
MFI_KE_005722,50,M,Embu,28,14,9,59774.26,42982.5,23732.71,2,44435.83,49728.14,72317.79,0.8841,3,0.5092,1,3
MFI_KE_005723,29,F,Murang'a,14,28,49,22811.15,19121.33,606.44,9,4506.14,8418.73,37399.71,0.9159,1,0.8881,0,1
MFI_KE_005724,25,M,Homa Bay,43,29,42,3053.69,2179.94,1557.17,8,832.55,1000.61,7243.57,0.6309,1,0.7552,0,1
MFI_KE_005725,27,F,Kiambu,8,17,13,33563.19,32432.65,12534.62,5,17155.92,31949.96,93577.85,0.8229,27,0.4103,0,2
MFI_KE_005726,23,F,Kiambu,47,30,50,19057.83,16229.85,3743.42,7,3314.93,3635.24,19247.16,0.504,11,0.862,0,1
MFI_KE_005727,23,M,Mombasa,33,42,50,21847.3,15903.26,695.43,12,1387.15,1502.05,19381.66,0.5907,2,0.7752,0,1
MFI_KE_005728,50,M,Nakuru,29,74,68,61285.16,55965.24,39057.45,6,152686.63,262964.85,1037958.46,0.8348,2,0.9314,0,4
MFI_KE_005729,25,M,Machakos,2,1,3,11930.87,10402.86,1057.16,0,0.0,0.0,0.0,1.0,143,0.6154,0,5
MFI_KE_005730,62,M,Laikipia,4,7,11,23235.92,22089.0,708.61,3,78878.45,130040.61,227502.18,0.8425,2,0.1566,1,3
MFI_KE_005731,45,M,Meru,3,25,12,73988.17,62168.7,17851.4,4,13004.83,19544.83,42520.11,0.9648,34,0.873,0,2
MFI_KE_005732,38,F,Kitui,6,31,18,99848.14,103801.42,39239.31,2,27609.03,44123.12,52943.79,0.827,1,0.5603,0,2
MFI_KE_005733,21,F,Mombasa,6,46,59,5009.88,4937.44,317.49,9,2392.07,2824.9,24278.49,0.7814,3,0.7522,0,1
MFI_KE_005734,51,F,Trans Nzoia,20,22,20,41225.96,30807.6,46700.13,3,16498.49,23305.91,42233.37,0.9698,1,0.5925,0,2
MFI_KE_005735,37,M,Nyeri,35,85,59,294666.55,277333.74,46898.22,6,186524.31,190041.29,956136.36,0.9246,1,0.6858,0,4
MFI_KE_005736,21,F,Kisii,13,38,44,18335.01,15142.81,334.34,8,1649.15,2438.07,10974.99,0.4019,0,0.9579,1,1
MFI_KE_005737,33,F,Kiambu,74,67,73,91851.78,75354.57,26662.72,10,168528.77,267549.6,1732332.5,0.7326,1,0.4793,1,4
MFI_KE_005738,28,M,Nairobi,5,24,19,96206.34,92882.52,46554.88,1,46982.02,91026.02,38308.33,0.9609,11,0.5787,1,2
MFI_KE_005739,27,M,Uasin Gishu,8,38,47,19458.21,17847.52,533.52,12,1132.86,1998.55,13461.21,0.4753,3,0.8416,0,1
MFI_KE_005740,26,M,Murang'a,29,27,38,2914.25,2555.47,2183.88,7,2307.8,2324.99,16015.67,0.3691,0,0.9587,0,1
MFI_KE_005741,43,F,Kisumu,27,82,75,378122.46,377054.41,76490.32,6,193193.86,231035.47,1331366.55,0.8861,3,0.9077,0,4
MFI_KE_005742,18,M,Uasin Gishu,5,45,45,28479.21,29766.37,6011.4,5,1704.52,2147.13,7067.4,0.4827,0,0.9746,1,1
MFI_KE_005743,29,F,Turkana,1,2,2,2603.89,2663.03,246.62,0,0.0,0.0,0.0,1.0,133,0.4346,0,5
MFI_KE_005744,24,M,Nairobi,1,4,2,4439.3,3408.37,291.16,0,0.0,0.0,0.0,1.0,37,0.7526,0,5
MFI_KE_005745,45,F,Mombasa,48,79,62,682795.73,658937.94,9251.96,7,197684.22,230604.08,1547045.51,0.9144,0,0.6478,0,4
MFI_KE_005746,33,M,Kitui,31,18,17,57457.72,55926.01,25088.18,4,45011.52,53420.98,161188.76,0.9579,9,0.728,0,2
MFI_KE_005747,63,F,Laikipia,2,8,3,361770.55,283665.71,2377.6,0,0.0,0.0,0.0,0.9046,12,0.4024,1,3
MFI_KE_005748,46,M,Kisii,78,11,6,45747.31,42879.9,4848.13,1,37057.06,73040.02,34667.11,0.8188,1,0.3507,0,3
MFI_KE_005749,33,F,Laikipia,6,2,6,3803.55,2820.03,386.95,0,0.0,0.0,0.0,1.0,93,0.6745,1,5
MFI_KE_005750,18,F,Bungoma,1,0,3,507.52,388.77,1154.02,0,0.0,0.0,0.0,1.0,31,0.7519,0,5
MFI_KE_005751,39,F,Kericho,14,5,6,6855.16,5783.96,2037.36,2,37213.5,60396.73,84169.45,0.8113,2,0.4873,1,3
MFI_KE_005752,41,M,Murang'a,11,24,12,150738.97,139530.52,25167.84,0,0.0,0.0,0.0,0.8355,3,0.7178,0,2
MFI_KE_005753,28,M,Nakuru,7,43,44,10377.1,8753.82,1948.04,10,1769.01,2770.26,19288.71,0.9445,5,0.8665,0,1
MFI_KE_005754,52,F,Kakamega,1,4,6,1888.98,1365.49,497.46,0,0.0,0.0,0.0,1.0,23,0.6749,0,5
MFI_KE_005755,30,M,Uasin Gishu,3,44,45,16992.15,13969.25,7689.08,4,2761.52,2834.49,10030.2,0.4508,1,0.9211,1,1
MFI_KE_005756,59,F,Kilifi,22,80,61,232969.09,187314.88,88848.3,5,400054.22,729110.29,1899792.21,0.9064,0,0.6176,0,4
MFI_KE_005757,39,F,Machakos,2,73,66,627718.18,597247.3,56706.42,8,114624.05,154668.35,1016987.81,0.9545,2,0.6422,0,4
MFI_KE_005758,47,F,Mombasa,10,84,56,350758.39,269566.09,69200.88,7,154231.83,265447.29,1247840.92,0.9008,0,0.4929,0,4
MFI_KE_005759,56,M,Migori,1,2,1,3518.9,2603.17,1554.17,0,0.0,0.0,0.0,1.0,10,0.2259,0,5
MFI_KE_005760,52,F,Murang'a,10,18,20,118074.23,100031.4,5352.23,1,31275.23,45577.94,27262.98,0.9797,4,0.7348,1,2
MFI_KE_005761,26,M,Migori,16,9,1,89679.14,82122.44,3510.43,5,44624.67,60389.89,205042.98,0.8747,9,0.1784,1,3
MFI_KE_005762,34,F,Meru,5,28,25,52969.79,45325.45,39972.8,4,35801.95,42854.63,170376.08,0.9592,13,0.4364,0,2
MFI_KE_005763,29,F,Laikipia,12,7,3,50011.93,42043.1,804.36,1,43336.8,44472.88,51191.51,0.8627,13,0.5329,1,3
MFI_KE_005764,24,F,Nakuru,25,37,66,11071.98,11041.84,2501.8,7,2576.48,3740.94,18419.02,0.8527,2,0.8806,0,1
MFI_KE_005765,21,M,Kisumu,12,37,41,15259.47,13482.97,9934.43,10,1349.45,2301.98,14663.02,0.6412,2,0.9799,0,1
MFI_KE_005766,25,M,Nairobi,8,41,51,12755.8,10906.43,4279.65,9,1045.83,1168.95,8508.13,0.754,3,0.9599,0,1
MFI_KE_005767,35,M,Homa Bay,2,3,3,1185.4,859.24,2076.48,1,1726.53,2435.51,1948.24,0.433,11,0.4655,0,5
MFI_KE_005768,45,F,Uasin Gishu,5,70,60,228320.14,168101.75,76882.73,5,98551.71,120928.34,426496.28,0.7838,2,0.5507,0,4
MFI_KE_005769,38,M,Nakuru,18,50,45,9389.53,9082.85,665.38,10,930.05,1603.62,9207.16,0.3857,14,0.7076,0,1
MFI_KE_005770,37,F,Bungoma,21,9,9,11627.43,9736.84,952.9,3,62473.92,108348.77,219219.01,0.8431,3,0.2037,1,3
MFI_KE_005771,24,F,Kitui,8,20,11,25955.73,25209.26,16502.02,0,0.0,0.0,0.0,0.9425,20,0.7373,0,2
MFI_KE_005772,26,M,Kisii,40,26,20,65119.99,65321.83,39013.17,3,62670.51,70300.12,188032.87,0.9406,15,0.5267,0,2
MFI_KE_005773,41,F,Meru,86,11,3,33268.67,30139.29,1277.02,1,50304.74,61390.82,51429.39,0.6237,2,0.5817,1,3
MFI_KE_005774,21,F,Bomet,34,41,55,3430.62,2846.57,933.8,8,3719.17,4151.39,28309.99,0.4382,0,0.7196,0,1
MFI_KE_005775,30,M,Bomet,18,31,18,83699.16,67515.49,13048.08,4,19670.62,29476.71,84314.11,0.9247,8,0.8483,0,2
MFI_KE_005776,51,F,Uasin Gishu,4,22,19,112384.93,113189.38,22201.9,7,32703.74,41872.38,251058.98,0.9498,2,0.8061,0,2
MFI_KE_005777,52,M,Kisumu,5,66,75,429766.75,316020.41,62092.42,5,163548.31,314412.92,859130.72,0.9058,2,0.4112,0,4
MFI_KE_005778,20,M,Nairobi,35,37,47,12690.82,10457.06,2900.43,7,1857.39,3295.25,11266.83,0.7023,1,0.8075,0,1
MFI_KE_005779,40,F,Kisii,15,11,6,152423.11,131106.46,8362.66,1,51603.18,58902.24,59259.25,0.6917,4,0.3767,1,3
MFI_KE_005780,44,F,Laikipia,39,10,4,474938.12,464969.74,16350.15,0,0.0,0.0,0.0,0.8566,10,0.4528,1,3
MFI_KE_005781,31,M,Homa Bay,2,8,5,52569.23,47963.45,28992.71,3,38627.85,74387.61,123891.91,0.8573,3,0.5457,0,3
MFI_KE_005782,34,F,Kiambu,1,1,0,2809.19,2340.65,398.62,0,0.0,0.0,0.0,1.0,101,0.5842,0,5
MFI_KE_005783,31,M,Kiambu,41,36,45,36507.8,27989.16,1994.16,12,1761.04,2692.8,22435.79,0.5389,0,0.8338,0,1
MFI_KE_005784,27,F,Uasin Gishu,26,37,47,4285.91,4279.03,1159.41,9,1430.48,2086.49,10838.91,0.7036,10,0.7567,0,1
MFI_KE_005785,29,F,Meru,26,12,8,119885.32,118635.17,7602.64,4,50398.25,60063.55,203857.92,0.9584,1,0.3325,0,3
MFI_KE_005786,27,M,Kiambu,15,87,71,161728.83,119520.34,51951.27,6,103408.41,175540.52,497603.09,0.8676,0,0.3695,1,4
MFI_KE_005787,26,M,Murang'a,4,93,76,583389.59,474193.39,36805.91,3,152564.76,184487.67,424897.53,0.9648,0,0.3096,1,4
MFI_KE_005788,25,M,Nakuru,46,52,50,11406.13,11590.91,3460.58,4,2555.42,3674.74,11319.51,0.2107,8,0.786,0,1
MFI_KE_005789,25,M,Kiambu,24,42,46,41821.72,41996.05,4256.18,7,2747.03,4074.09,16806.06,0.6222,2,0.8545,0,1
MFI_KE_005790,28,M,Kiambu,31,37,57,10992.17,9476.38,2480.47,6,844.73,1560.66,5950.44,0.6293,1,0.5733,0,1
MFI_KE_005791,64,F,Kitui,6,6,4,47809.0,48306.6,12941.24,1,42230.56,66966.06,35681.79,0.844,6,0.4369,0,3
MFI_KE_005792,33,M,Embu,12,24,27,163688.69,168710.75,4155.03,4,33865.89,49128.63,150367.35,0.98,6,0.6411,1,2
MFI_KE_005793,24,M,Kitui,1,2,1,7295.31,6409.65,6107.03,1,1381.18,1818.86,1132.78,0.5936,37,0.7027,0,5
MFI_KE_005794,25,F,Mombasa,26,48,48,12183.38,11982.97,4888.63,5,897.79,1505.37,5123.3,0.5588,2,0.8012,0,1
MFI_KE_005795,60,F,Kilifi,7,2,5,3844.0,3885.92,1986.15,0,0.0,0.0,0.0,1.0,51,0.698,0,5
MFI_KE_005796,41,F,Bomet,32,30,19,111251.27,94760.55,43120.32,1,9200.9,17878.78,7495.67,0.9467,29,0.4937,0,2
MFI_KE_005797,20,F,Uasin Gishu,19,24,55,21303.1,17319.86,3189.56,3,5222.65,8406.19,16441.3,0.5997,5,0.9148,0,1
MFI_KE_005798,43,F,Bungoma,30,67,82,367781.71,325475.55,8944.89,3,94885.19,153123.92,325122.46,0.7689,5,0.3533,0,4
MFI_KE_005799,40,F,Murang'a,12,27,21,44973.18,46071.03,17509.93,0,0.0,0.0,0.0,0.9126,8,0.651,0,2
MFI_KE_005800,29,F,Kericho,9,37,51,8434.39,8664.89,701.59,4,5986.89,10835.47,23074.44,0.6114,0,0.95,0,1
MFI_KE_005801,27,F,Kiambu,70,52,54,12168.59,8662.63,938.11,14,1930.42,2745.9,31185.32,0.3908,4,0.9754,0,1
MFI_KE_005802,24,M,Bungoma,6,43,59,3750.71,3827.1,2780.9,13,1436.75,1447.61,16006.25,0.6227,4,0.6038,1,1
MFI_KE_005803,42,F,Nyeri,9,20,17,25323.6,18098.75,27587.49,3,69925.41,138838.22,191919.33,0.9883,5,0.9196,0,2
MFI_KE_005804,45,M,Kiambu,1,4,4,3402.91,2786.33,555.6,0,0.0,0.0,0.0,1.0,13,0.1689,0,5
MFI_KE_005805,20,F,Nairobi,59,55,54,6619.45,5795.34,885.78,9,1946.1,3282.67,20172.88,0.7296,0,0.7894,0,1
MFI_KE_005806,34,M,Meru,4,1,2,5939.57,4256.06,119.82,1,571.78,636.21,482.07,0.9136,13,0.3877,0,5
MFI_KE_005807,31,M,Garissa,12,27,25,258626.3,242493.99,8794.54,2,15511.66,27083.18,33264.01,0.9979,4,0.8691,0,2
MFI_KE_005808,32,F,Kakamega,4,4,4,3092.44,2754.64,430.79,0,0.0,0.0,0.0,1.0,34,0.6723,0,5
MFI_KE_005809,44,F,Garissa,39,25,23,44940.72,43623.14,7683.67,2,67375.88,110854.67,148431.13,0.9966,11,0.325,0,2
MFI_KE_005810,41,F,Nakuru,1,1,1,1745.41,1482.52,886.86,1,1405.38,1692.43,1290.25,0.3977,43,0.6769,0,5
MFI_KE_005811,28,F,Uasin Gishu,17,41,64,40212.87,40038.61,2762.08,7,2318.76,3880.15,15213.43,0.6226,1,0.7555,0,1
MFI_KE_005812,38,F,Embu,13,5,10,31088.23,26007.74,12356.6,2,142302.18,175824.02,275647.4,0.6144,1,0.5257,1,3
MFI_KE_005813,34,M,Embu,2,36,47,12347.3,11814.35,1856.14,7,3608.83,5026.22,26483.18,0.7698,0,0.8586,0,1
MFI_KE_005814,31,M,Kakamega,35,45,51,5695.37,4398.87,1491.6,13,6656.09,10547.27,102332.57,0.6743,1,0.6982,0,1
MFI_KE_005815,33,M,Uasin Gishu,21,17,20,88088.61,72274.22,5629.75,4,13333.19,13708.56,57011.25,0.9098,5,0.8463,1,2
MFI_KE_005816,25,M,Uasin Gishu,3,2,3,2415.83,2299.04,524.3,0,0.0,0.0,0.0,1.0,54,0.3427,0,5
MFI_KE_005817,28,F,Kiambu,19,31,59,22282.93,20817.18,634.99,6,3066.26,3544.81,21251.3,0.7286,3,0.6998,0,1
MFI_KE_005818,18,F,Kisumu,6,33,52,1300.62,1191.64,3648.54,6,1913.79,3276.49,13193.12,0.7862,8,0.9482,0,1
MFI_KE_005819,42,M,Kericho,19,10,5,132260.07,128898.46,3573.66,5,132493.66,197355.32,732156.81,0.4637,10,0.4231,1,3
MFI_KE_005820,26,F,Embu,15,27,59,6305.18,6126.14,1234.44,12,1827.09,3224.62,18036.46,0.6341,0,0.8636,0,1
MFI_KE_005821,37,F,Uasin Gishu,23,31,18,83835.26,76855.06,3972.12,3,35717.99,45940.81,93245.8,0.8037,2,0.5609,0,2
MFI_KE_005822,29,F,Machakos,4,35,47,13001.62,11525.04,4848.13,16,2201.9,2976.28,29936.24,0.6303,1,0.8419,0,1
MFI_KE_005823,38,M,Murang'a,2,80,74,547812.53,459717.46,13287.32,10,45824.43,51855.13,529766.13,0.8739,0,0.4582,0,4
MFI_KE_005824,39,F,Nakuru,2,26,20,73244.93,76492.15,10082.03,2,48655.7,61940.84,112542.01,0.989,17,0.7322,0,2
MFI_KE_005825,39,M,Garissa,2,23,12,144243.11,106687.6,8867.36,3,17092.84,20253.14,41829.11,0.9067,2,0.405,0,2
MFI_KE_005826,41,M,Kisii,16,9,5,12944.64,11049.71,5112.35,1,77629.54,146611.5,77921.0,0.5771,1,0.4191,0,3
MFI_KE_005827,24,F,Mombasa,38,43,41,10397.34,9462.75,1393.02,4,2800.89,4678.77,9843.44,0.9313,6,0.8942,0,1
MFI_KE_005828,42,M,Nyeri,19,32,57,20527.87,16606.31,3635.91,12,1372.09,2104.08,14447.53,0.8106,0,0.9853,0,1
MFI_KE_005829,52,F,Nyeri,24,6,4,19054.36,14221.03,773.1,4,57867.64,94240.33,187988.87,0.8823,24,0.415,0,3
MFI_KE_005830,18,F,Embu,1,3,5,2105.97,2072.73,1648.51,0,0.0,0.0,0.0,1.0,96,0.5892,0,5
MFI_KE_005831,31,M,Garissa,16,18,24,75525.71,57363.87,12253.51,2,19036.76,31395.31,39160.36,0.9494,1,0.7827,0,2
MFI_KE_005832,46,M,Turkana,27,7,11,16640.22,14911.97,17722.64,1,32377.3,37880.73,37884.62,0.8955,4,0.6348,1,3
MFI_KE_005833,48,F,Kiambu,9,90,48,31287.2,23740.74,41252.27,3,59510.61,104430.37,192002.76,0.8094,2,0.5525,1,4
MFI_KE_005834,24,M,Laikipia,14,8,5,59349.47,52175.54,16520.53,4,88774.41,92269.99,335418.64,0.9873,1,0.1633,1,3
MFI_KE_005835,30,M,Turkana,34,44,52,24359.48,25137.47,1008.13,8,1251.11,1830.03,8885.49,0.5375,3,0.8956,0,1
MFI_KE_005836,28,M,Migori,1,2,3,1182.32,946.53,1601.71,0,0.0,0.0,0.0,1.0,193,0.7753,0,5
MFI_KE_005837,23,M,Kiambu,6,40,58,6575.83,5212.08,16425.85,7,1556.26,2815.17,11230.94,0.543,0,0.9095,0,1
MFI_KE_005838,42,M,Meru,6,1,1,3664.07,3257.19,485.51,0,0.0,0.0,0.0,1.0,78,0.5676,0,5
MFI_KE_005839,49,F,Kisii,15,19,23,39446.55,34691.46,23622.95,1,46847.85,47167.6,48515.26,0.9625,2,0.852,0,2
MFI_KE_005840,31,M,Uasin Gishu,23,34,59,18086.83,16059.02,2441.92,9,1607.1,3143.62,13751.85,0.4439,2,0.712,0,1
MFI_KE_005841,25,F,Mombasa,8,28,21,99737.93,97313.96,9271.23,4,36786.4,63703.47,138120.63,0.8628,1,0.692,0,2
MFI_KE_005842,44,M,Uasin Gishu,77,33,17,62971.85,65574.69,16191.05,2,10944.55,12030.81,23814.72,0.9407,38,0.52,0,2
MFI_KE_005843,50,M,Nairobi,9,26,21,46377.4,36247.0,11783.4,5,51128.82,96997.27,253121.99,0.9909,8,0.573,1,2
MFI_KE_005844,37,M,Nyeri,36,21,19,53907.4,41783.97,2537.09,4,24256.82,25712.2,101294.16,0.9837,5,0.6866,0,2
MFI_KE_005845,33,M,Turkana,7,2,5,4243.16,4107.03,1238.09,0,0.0,0.0,0.0,1.0,42,0.5596,0,5
MFI_KE_005846,23,F,Kisii,55,8,6,56643.31,50566.12,6244.37,3,66069.09,107186.93,218401.12,0.8051,29,0.6571,0,3
MFI_KE_005847,23,F,Nakuru,34,36,54,21320.0,17077.58,1262.85,7,540.0,672.34,4203.62,0.5674,3,0.7913,0,1
MFI_KE_005848,33,F,Migori,27,42,60,12043.03,12497.17,1325.06,10,1265.92,2125.01,12019.12,0.7535,2,0.9722,0,1
MFI_KE_005849,39,F,Mombasa,24,48,49,7272.76,7542.66,1731.85,4,1419.57,2669.28,5014.5,0.6537,0,0.9549,0,1
MFI_KE_005850,33,F,Turkana,75,7,4,81752.28,58437.83,701.52,0,0.0,0.0,0.0,0.68,4,0.566,1,3
MFI_KE_005851,33,F,Bomet,3,1,0,3941.97,3262.28,185.23,0,0.0,0.0,0.0,1.0,30,0.7678,0,5
MFI_KE_005852,42,F,Kisumu,12,26,19,44671.01,37547.23,10987.01,1,46390.85,50395.4,41778.36,0.9906,8,0.2113,0,2
MFI_KE_005853,22,F,Kisumu,68,27,21,35184.9,32297.53,7479.54,4,18208.23,19253.84,80550.49,0.9703,1,0.4476,0,2
MFI_KE_005854,22,M,Kakamega,6,46,40,26488.01,20604.14,426.63,4,1127.77,2041.26,4999.06,0.8459,1,0.7941,0,1
MFI_KE_005855,22,F,Kilifi,3,35,54,44647.22,31840.83,24692.16,8,1629.07,1871.04,14347.75,0.5404,0,0.8402,0,1
MFI_KE_005856,21,F,Uasin Gishu,3,38,54,6231.37,5573.06,4610.77,7,3492.55,4802.31,23582.04,0.4571,14,0.8456,0,1
MFI_KE_005857,48,F,Kitui,49,9,9,79181.05,60863.15,7190.27,2,69783.74,122781.41,130333.65,0.7249,9,0.48,1,3
MFI_KE_005858,49,F,Nairobi,2,82,59,285222.21,252570.37,24049.27,4,116639.16,172861.89,542913.4,0.6196,0,0.4836,0,4
MFI_KE_005859,38,F,Homa Bay,16,13,5,59538.93,61136.61,1309.36,1,21568.95,36533.23,24278.4,0.8321,1,0.2501,1,3
MFI_KE_005860,36,M,Uasin Gishu,13,16,21,51526.67,37244.09,12589.76,5,20633.16,29661.73,100019.85,0.915,7,0.5275,0,2
MFI_KE_005861,68,M,Homa Bay,20,7,11,142045.99,108527.35,2402.24,2,50997.63,61680.21,98346.17,0.9059,3,0.6747,1,3
MFI_KE_005862,20,M,Nakuru,2,50,53,12389.65,9072.82,1429.72,10,1336.24,2348.66,11814.51,0.6435,8,0.8604,0,1
MFI_KE_005863,60,F,Machakos,8,6,7,32308.68,25449.57,11233.64,2,68226.3,83590.92,160415.81,0.955,3,0.3142,1,3
MFI_KE_005864,33,M,Migori,7,1,2,1092.02,1016.59,106.47,0,0.0,0.0,0.0,1.0,10,0.8442,0,5
MFI_KE_005865,24,F,Bungoma,78,14,5,36331.99,38054.07,24954.14,3,71860.07,82842.29,207627.26,0.8187,16,0.5379,1,3
MFI_KE_005866,19,M,Nakuru,2,43,52,17036.48,15438.22,919.81,5,1422.85,1485.13,6595.8,0.8383,3,0.9368,0,1
MFI_KE_005867,27,F,Mombasa,21,53,45,5413.15,4687.11,10293.94,3,2373.35,4686.54,8420.51,0.6206,0,0.6973,0,1
MFI_KE_005868,29,M,Nakuru,46,38,58,74014.24,57523.43,3418.12,8,1530.47,2586.54,12590.75,0.7031,2,0.8944,0,1
MFI_KE_005869,58,F,Kericho,15,11,7,112019.33,96764.79,9426.79,4,56202.71,101548.75,188613.71,0.8055,4,0.3773,1,3
MFI_KE_005870,23,F,Garissa,9,25,14,43350.42,42270.76,16181.31,1,43026.18,45432.12,49085.99,0.9663,2,0.8886,0,2
MFI_KE_005871,34,F,Nairobi,5,3,2,4096.95,3954.56,348.29,0,0.0,0.0,0.0,1.0,10,0.688,0,5
MFI_KE_005872,40,F,Kitui,9,12,4,59511.8,52341.73,10979.66,2,26453.2,35566.59,60406.78,0.2597,3,0.4221,1,3
MFI_KE_005873,32,F,Homa Bay,41,93,85,207829.47,212156.54,50965.12,2,440988.35,811414.71,1014377.63,0.7384,1,0.5783,0,4
MFI_KE_005874,24,M,Nairobi,40,41,56,61079.15,63003.97,3198.05,7,2881.65,4344.03,23703.16,0.3783,3,0.6038,0,1
MFI_KE_005875,36,F,Nairobi,10,85,72,221987.39,217810.93,29940.25,3,120213.0,216617.39,323391.07,0.9264,0,0.319,0,4
MFI_KE_005876,33,F,Uasin Gishu,24,27,55,13072.62,12321.81,622.4,4,1518.21,2063.76,6356.72,0.725,1,0.8825,0,1
MFI_KE_005877,39,F,Nyeri,14,7,3,43430.78,36399.43,49245.5,5,71580.76,71700.12,336437.93,0.8402,6,0.4367,1,3
MFI_KE_005878,40,M,Trans Nzoia,42,6,2,105246.63,98271.15,2867.46,1,47341.41,59922.32,53131.44,0.8613,3,0.1432,1,3
MFI_KE_005879,52,F,Machakos,47,7,7,32945.26,32595.78,6037.77,1,75246.39,149646.19,78026.37,0.7948,9,0.3316,0,3
MFI_KE_005880,28,F,Uasin Gishu,34,40,55,3470.66,3187.09,2313.87,8,1997.03,2417.75,15336.66,0.736,2,0.6963,0,1
MFI_KE_005881,36,F,Kakamega,3,24,14,26249.27,25345.59,15480.2,4,14466.56,20331.38,55943.39,0.9898,16,0.7387,0,2
MFI_KE_005882,61,F,Kericho,3,22,15,132366.84,95731.63,27109.3,1,21746.8,41233.22,18329.22,0.9968,5,0.7636,0,2
MFI_KE_005883,29,M,Laikipia,50,12,5,71398.03,50271.22,32507.61,1,89800.93,116910.1,78581.57,0.6967,9,0.6292,0,3
MFI_KE_005884,26,F,Kiambu,30,31,45,7223.72,6487.82,2690.89,3,2211.41,3198.09,6437.71,0.7671,0,0.9633,0,1
MFI_KE_005885,52,F,Kisumu,37,28,18,179664.38,132291.61,7691.92,1,64943.81,77438.16,53920.69,0.9766,9,0.7405,0,2
MFI_KE_005886,43,F,Kericho,31,20,21,55148.63,57455.49,18446.65,2,8708.96,10870.73,18312.52,0.9749,5,0.5322,0,2
MFI_KE_005887,31,F,Kiambu,17,39,55,12578.27,9187.17,2114.63,5,2294.57,3221.96,11062.2,0.7425,0,0.7303,0,1
MFI_KE_005888,32,F,Nairobi,16,41,54,9339.54,8485.26,728.13,6,3160.58,5155.63,21094.81,0.6181,2,0.8892,0,1
MFI_KE_005889,32,F,Nairobi,2,38,37,11112.94,10029.49,1533.29,7,3477.87,4931.15,19576.86,0.629,1,0.8789,1,1
MFI_KE_005890,39,F,Nakuru,23,80,71,573019.22,461131.23,52495.83,4,134858.19,177042.91,583991.13,0.9135,2,0.4929,0,4
MFI_KE_005891,20,F,Uasin Gishu,62,46,64,6778.72,5223.81,5516.47,5,1912.24,3823.18,10729.84,0.6611,0,0.8122,0,1
MFI_KE_005892,22,F,Kilifi,14,23,20,170763.2,142266.61,14203.4,4,63379.14,105013.52,212791.51,0.9203,7,0.5224,0,2
MFI_KE_005893,46,M,Kilifi,36,81,67,607693.92,589068.09,68661.81,1,57620.28,112071.89,48123.76,0.924,2,0.5371,1,4
MFI_KE_005894,18,F,Kitui,2,40,37,26386.31,18736.94,687.4,8,2342.59,4355.64,18763.12,0.7859,3,0.9307,1,1
MFI_KE_005895,22,F,Migori,12,4,3,123724.34,93442.26,8206.23,2,37806.15,66381.34,67933.59,0.7798,26,0.2434,1,3
MFI_KE_005896,27,F,Nakuru,3,37,39,14579.61,12129.13,6529.64,6,1265.02,1869.69,6105.6,0.6653,1,0.9904,0,1
MFI_KE_005897,36,F,Machakos,6,68,72,674398.33,518037.15,32134.4,8,225503.7,325461.8,1930272.63,0.9364,2,0.2516,0,4
MFI_KE_005898,36,M,Kisumu,20,24,19,139509.84,137524.67,31057.57,3,25622.06,41832.24,69511.92,0.9957,9,0.71,0,2
MFI_KE_005899,37,F,Murang'a,10,28,18,31988.53,29057.57,19924.87,3,71194.97,109630.89,218468.68,0.9691,8,0.7483,1,2
MFI_KE_005900,35,F,Kericho,9,11,8,71556.4,57287.62,5934.61,1,41879.86,45574.0,44771.75,0.6911,1,0.3987,1,3
MFI_KE_005901,35,M,Homa Bay,36,77,67,540209.54,388364.64,95274.23,5,131606.97,197149.54,732394.86,0.8754,2,0.39,0,4
MFI_KE_005902,45,F,Homa Bay,33,10,4,45361.06,44963.58,8651.89,1,41523.89,60193.48,46962.73,0.656,2,0.3726,1,3
MFI_KE_005903,31,M,Bungoma,68,11,12,161882.33,121900.74,28287.32,0,0.0,0.0,0.0,0.7727,7,0.1844,1,3
MFI_KE_005904,22,F,Kilifi,29,24,17,69691.59,52626.37,13666.06,3,28116.88,45358.63,92100.44,0.9158,6,0.5537,0,2
MFI_KE_005905,42,F,Nyeri,78,5,7,25867.47,24468.6,4572.59,2,253094.66,441472.28,522557.23,0.4008,7,0.4704,0,3
MFI_KE_005906,22,M,Uasin Gishu,2,44,49,7856.2,7607.82,616.32,6,4183.05,7719.62,26281.67,0.6416,2,0.899,0,1
MFI_KE_005907,38,M,Kakamega,10,4,4,7109.61,5745.53,1137.92,0,0.0,0.0,0.0,1.0,65,0.7891,0,5
MFI_KE_005908,65,M,Uasin Gishu,9,0,1,10926.99,11128.93,321.45,0,0.0,0.0,0.0,1.0,180,0.4005,0,5
MFI_KE_005909,24,M,Nakuru,23,34,53,15108.96,15284.67,433.1,11,3340.45,3811.42,31960.8,0.7111,1,0.8351,0,1
MFI_KE_005910,41,F,Embu,13,7,1,96019.52,70138.14,6058.97,7,116753.9,193734.22,679390.35,0.9273,4,0.5981,1,3
MFI_KE_005911,21,F,Kiambu,31,53,49,10563.34,7888.55,1629.65,8,4132.81,5165.69,33422.18,0.6957,4,0.9009,0,1
MFI_KE_005912,26,F,Kisii,7,1,2,1750.09,1327.9,1161.57,0,0.0,0.0,0.0,1.0,81,0.7881,0,5
MFI_KE_005913,32,M,Nakuru,12,32,48,4702.03,4878.41,2667.9,5,1127.78,1334.67,6488.83,0.8136,0,0.8603,0,1
MFI_KE_005914,46,F,Kakamega,1,1,4,6374.41,5907.15,961.31,1,870.81,1277.09,1022.92,0.6809,138,0.7452,0,5
MFI_KE_005915,22,F,Kisumu,21,40,51,2200.1,1788.49,1798.27,10,1710.37,2079.48,20321.42,0.8185,0,0.9205,0,1
MFI_KE_005916,28,M,Mombasa,10,43,54,14210.13,12804.02,1666.83,11,2608.35,4600.5,24706.57,0.5944,1,0.8421,0,1
MFI_KE_005917,28,M,Nakuru,30,41,43,8357.96,7226.68,6124.86,10,2654.12,4639.22,29584.46,0.6776,3,0.845,0,1
MFI_KE_005918,25,M,Trans Nzoia,6,2,4,140422.92,132586.45,4266.28,4,82677.78,100169.45,276190.71,0.6294,3,0.1988,1,3
MFI_KE_005919,42,F,Bungoma,4,83,66,37201.44,36231.62,17104.32,4,139225.47,150519.79,522531.47,0.8245,4,0.3087,1,4
MFI_KE_005920,24,F,Nakuru,10,38,37,10948.62,8619.28,2058.83,5,1966.77,3566.46,11718.9,0.6521,2,0.7191,0,1
MFI_KE_005921,38,F,Laikipia,4,3,4,3887.84,2932.35,319.32,0,0.0,0.0,0.0,1.0,22,0.9609,0,5
MFI_KE_005922,39,F,Embu,4,19,16,31685.81,30136.47,35799.07,2,82377.25,102641.16,170121.25,0.8642,6,0.5353,1,2
MFI_KE_005923,29,F,Uasin Gishu,14,50,57,24927.46,22323.67,6268.63,8,2171.65,3694.75,17742.3,0.6858,0,0.8356,0,1
MFI_KE_005924,53,F,Machakos,16,83,57,275470.09,230081.98,222480.98,5,84756.68,133731.59,483366.38,0.6926,0,0.3552,0,4
MFI_KE_005925,34,M,Uasin Gishu,8,53,53,14944.73,11048.07,12810.69,6,5407.8,8258.47,34560.82,0.6333,0,0.9033,0,1
MFI_KE_005926,35,M,Kilifi,80,74,70,202564.54,156949.91,27347.67,6,220231.19,414368.47,1569840.43,0.9061,0,0.5031,0,4
MFI_KE_005927,48,M,Kericho,3,9,5,154178.03,113602.17,1960.7,1,36278.67,57472.85,33978.59,0.6143,2,0.4239,1,3
MFI_KE_005928,50,F,Garissa,39,10,14,15464.91,14737.23,4721.35,1,25502.0,25900.11,23470.75,0.5269,5,0.1125,1,3
MFI_KE_005929,61,M,Murang'a,3,9,5,45017.86,44819.16,5027.14,3,91494.07,127563.61,304024.05,0.7549,5,0.2996,1,3
MFI_KE_005930,18,M,Bungoma,6,26,56,7396.42,6625.45,6385.4,9,2539.67,3182.55,20776.97,0.6472,4,0.9617,1,1
MFI_KE_005931,38,M,Uasin Gishu,4,2,3,9310.12,8103.68,3065.9,0,0.0,0.0,0.0,1.0,48,0.7365,1,5
MFI_KE_005932,33,F,Garissa,10,74,60,715658.31,723675.62,38418.94,4,251502.65,278531.72,1120256.28,0.8978,4,0.8178,1,4
MFI_KE_005933,18,M,Nairobi,15,38,45,6098.46,5164.97,2802.97,5,1132.76,1575.09,6177.61,0.7892,0,0.9804,1,1
MFI_KE_005934,35,F,Laikipia,3,3,2,835.42,863.53,124.52,0,0.0,0.0,0.0,1.0,110,0.7874,0,5
MFI_KE_005935,42,F,Uasin Gishu,32,23,20,144432.82,149998.02,27467.53,5,14653.05,22064.73,82010.95,0.9515,20,0.5704,1,2
MFI_KE_005936,21,M,Kilifi,2,2,2,932.72,717.2,360.09,1,1870.0,2613.57,2211.34,0.2477,16,0.7151,0,5
MFI_KE_005937,34,M,Migori,6,8,6,189430.22,174993.74,2925.31,0,0.0,0.0,0.0,0.8834,1,0.3109,1,3
MFI_KE_005938,40,F,Kilifi,33,14,4,103039.86,90271.62,5301.19,1,39415.32,49765.84,46398.36,0.7026,7,0.4366,1,3
MFI_KE_005939,34,F,Nakuru,35,30,61,11415.98,10654.48,1083.24,4,2341.96,4299.04,8071.49,0.8301,0,0.8237,0,1
MFI_KE_005940,18,F,Nairobi,3,3,5,15701.02,12220.7,2893.7,1,1130.69,1765.19,1258.54,0.734,47,0.7878,0,5
MFI_KE_005941,34,F,Nyeri,2,13,3,82595.04,82896.5,5342.05,2,63595.77,109451.63,103684.6,0.6768,2,0.3667,1,3
MFI_KE_005942,38,M,Bomet,37,25,26,121816.4,92843.03,23744.06,4,42365.01,79025.53,203250.39,0.9425,5,0.8469,0,2
MFI_KE_005943,26,M,Kiambu,18,53,61,5775.76,4808.64,1173.13,5,3174.34,5476.38,18721.26,0.7649,5,0.9741,0,1
MFI_KE_005944,46,M,Kisii,5,31,21,68402.82,71810.38,31764.29,2,44958.72,45736.56,77215.45,0.7627,1,0.4978,0,2
MFI_KE_005945,42,F,Meru,6,11,6,49073.81,47139.15,4869.11,2,82856.01,103832.12,137668.44,0.805,9,0.278,1,3
MFI_KE_005946,29,M,Bungoma,72,39,51,3793.61,3485.05,515.62,4,1486.88,2097.13,7076.4,0.7217,2,0.9679,0,1
MFI_KE_005947,27,F,Garissa,5,32,21,61913.78,57917.71,30572.88,5,46107.29,59431.22,274611.55,0.9178,4,0.6962,1,2
MFI_KE_005948,29,M,Kiambu,15,48,52,15501.98,15173.92,4031.2,14,2362.1,3415.12,32537.17,0.4144,4,0.8495,0,1
MFI_KE_005949,33,M,Meru,7,1,2,2454.62,2076.57,118.89,1,2082.85,3062.54,2113.36,0.4647,27,0.4121,0,5
MFI_KE_005950,20,F,Kisumu,46,40,51,5942.01,5266.83,2343.17,9,1660.57,1880.75,15731.97,0.6819,5,0.956,1,1
MFI_KE_005951,47,F,Laikipia,13,80,67,287885.01,262626.55,33094.92,9,74680.09,148554.99,774553.42,0.5876,6,0.7509,1,4
MFI_KE_005952,44,F,Machakos,29,13,14,159233.32,151440.85,3238.99,4,49911.02,79033.8,220822.93,0.681,2,0.4854,1,3
MFI_KE_005953,46,F,Laikipia,15,30,21,186428.62,189096.08,13535.47,5,59536.41,92464.66,269781.64,0.8585,16,0.3804,1,2
MFI_KE_005954,31,F,Kilifi,2,36,34,5784.98,5802.87,6505.24,6,1222.06,1449.35,6005.39,0.5087,4,0.681,0,1
MFI_KE_005955,38,F,Kisii,33,20,18,82882.0,85540.22,6789.38,3,20482.63,29396.56,71957.46,0.9967,3,0.6902,0,2
MFI_KE_005956,58,M,Homa Bay,27,23,21,34962.09,30394.8,9555.55,4,20224.67,40336.97,67009.54,0.9201,2,0.4985,0,2
MFI_KE_005957,33,M,Meru,33,27,18,132127.29,107120.47,16016.4,6,142613.0,209524.51,945160.59,0.9669,4,0.7782,0,2
MFI_KE_005958,55,M,Machakos,8,85,61,428820.12,325549.08,54221.55,1,57837.91,65545.6,50490.9,0.9737,0,0.5285,1,4
MFI_KE_005959,55,M,Migori,5,7,3,77736.24,77991.48,1110.91,3,90516.62,176341.17,217901.65,0.8297,4,0.174,0,3
MFI_KE_005960,29,M,Kakamega,43,41,44,7987.65,6476.15,897.91,4,3593.15,4016.99,14045.23,0.5174,0,0.8229,1,1
MFI_KE_005961,73,F,Meru,22,8,7,69845.35,65411.27,7258.23,3,34043.4,54865.37,84990.35,0.6895,26,0.6999,1,3
MFI_KE_005962,18,F,Mombasa,22,43,63,22107.52,22587.58,2638.6,6,1347.58,1991.24,8533.59,0.81,2,0.8949,0,1
MFI_KE_005963,40,F,Kilifi,14,26,17,123759.02,122554.47,6225.11,2,82821.63,154035.72,187016.81,0.8777,14,0.3259,0,2
MFI_KE_005964,45,F,Garissa,12,31,18,100218.47,98928.57,2149.32,3,17733.56,23742.01,57051.58,0.959,23,0.8656,0,2
MFI_KE_005965,48,F,Kilifi,8,8,14,37235.87,38601.76,422.56,5,106595.44,159789.64,491554.76,0.8103,8,0.24,1,3
MFI_KE_005966,37,F,Laikipia,3,5,5,1090.3,826.41,230.75,0,0.0,0.0,0.0,1.0,259,0.6587,0,5
MFI_KE_005967,43,F,Kiambu,13,21,20,198518.23,148591.38,26293.81,2,26670.78,30313.44,47582.69,0.9937,4,0.763,0,2
MFI_KE_005968,58,M,Turkana,5,2,1,8197.87,7354.74,443.08,3,1197.82,2380.42,3415.84,0.9195,56,0.9441,0,5
MFI_KE_005969,30,M,Uasin Gishu,23,47,42,16851.5,12840.98,1165.59,6,2613.5,4837.55,16689.47,0.8491,0,0.6512,1,1
MFI_KE_005970,45,M,Mombasa,60,21,28,109385.21,97544.93,20200.64,3,70080.72,84682.59,191701.84,0.9562,3,0.4532,1,2
MFI_KE_005971,32,F,Mombasa,23,25,22,139188.88,131921.56,4971.5,2,34644.3,50621.45,56745.64,0.9476,1,0.6006,0,2
MFI_KE_005972,46,F,Trans Nzoia,24,10,7,22358.69,23018.13,1551.4,0,0.0,0.0,0.0,0.7501,3,0.4424,1,3
MFI_KE_005973,33,F,Kericho,7,20,19,93206.62,91343.04,39717.9,2,23044.51,31738.47,38608.5,0.9287,8,0.7489,1,2
MFI_KE_005974,55,F,Migori,33,12,7,91770.56,72586.92,2121.88,2,49658.5,67812.92,104239.58,0.7319,12,0.2848,0,3
MFI_KE_005975,35,F,Migori,2,8,5,18871.34,19113.07,930.61,3,59204.3,80251.72,185750.25,0.5333,3,0.6954,1,3
MFI_KE_005976,31,F,Kakamega,3,0,2,772.14,558.94,458.51,0,0.0,0.0,0.0,1.0,13,0.7589,0,5
MFI_KE_005977,24,F,Kisumu,17,32,46,23184.74,19031.56,2899.83,4,2249.42,3063.85,9734.71,0.6616,1,0.8443,0,1
MFI_KE_005978,18,F,Nakuru,20,0,1,11016.47,8790.17,414.76,1,1120.41,1692.04,1158.79,0.7843,63,0.7446,0,5
MFI_KE_005979,31,F,Kisumu,19,34,45,9633.16,9304.19,4515.88,5,853.83,1518.82,3459.34,0.5818,3,0.8619,1,1
MFI_KE_005980,46,M,Homa Bay,3,31,25,146575.05,117585.5,11187.84,7,38692.7,64794.45,226802.0,0.9824,8,0.7901,0,2
MFI_KE_005981,25,F,Uasin Gishu,9,39,48,11702.28,10887.38,2812.53,14,1309.0,1585.23,18490.01,0.7801,1,0.9202,0,1
MFI_KE_005982,36,F,Uasin Gishu,27,64,76,111058.85,80421.29,48541.7,5,323403.24,352784.12,1525217.81,0.6866,7,0.5176,0,4
MFI_KE_005983,39,F,Homa Bay,98,28,11,124319.51,124375.4,12704.37,3,26640.51,37688.19,73529.35,0.9408,9,0.8596,1,2
MFI_KE_005984,25,M,Nakuru,14,66,82,994375.54,801827.0,79697.05,4,208068.52,220531.78,925312.69,0.8319,1,0.6789,0,4
MFI_KE_005985,41,F,Bomet,9,28,20,24826.92,21894.08,54824.7,4,52057.32,59221.83,245148.1,0.9488,6,0.7353,1,2
MFI_KE_005986,37,F,Kakamega,57,22,22,29951.57,30043.23,8240.17,5,47688.94,50328.31,263611.59,0.9892,4,0.8777,0,2
MFI_KE_005987,35,M,Trans Nzoia,46,22,23,74428.14,52804.72,33441.15,3,34583.67,57000.06,106794.68,0.867,10,0.7954,1,2
MFI_KE_005988,24,M,Turkana,17,42,48,15936.07,15646.86,253.59,6,1667.15,1968.85,11906.79,0.9325,2,0.8737,1,1
MFI_KE_005989,54,F,Murang'a,11,33,15,129728.92,108347.77,17822.8,2,17594.09,20389.4,40310.54,0.9353,11,0.9112,0,2
MFI_KE_005990,29,M,Uasin Gishu,2,33,45,3470.57,2679.29,1806.9,10,3390.12,3668.96,34762.89,0.7144,1,0.9059,0,1
MFI_KE_005991,29,F,Nakuru,8,39,58,22929.47,20846.88,2886.75,5,2681.87,4107.28,12663.5,0.8574,1,0.8421,0,1
MFI_KE_005992,31,M,Kiambu,34,44,39,22065.51,18372.68,338.56,8,883.23,1087.76,7161.37,0.7884,1,0.7502,0,1
MFI_KE_005993,28,M,Nakuru,15,43,56,45319.12,38326.4,1392.1,6,4242.01,4755.65,30504.19,0.4938,0,0.8805,0,1
MFI_KE_005994,40,M,Uasin Gishu,16,22,22,46978.96,48720.99,23160.93,4,22717.38,28077.07,77774.15,0.9852,5,0.4962,0,2
MFI_KE_005995,24,M,Nakuru,16,36,23,43223.76,43013.56,12621.63,4,28733.74,33006.96,129447.16,0.9891,5,0.7656,1,2
MFI_KE_005996,39,F,Kitui,21,39,46,25410.19,25293.38,313.87,11,4344.45,5770.33,38783.9,0.7284,1,0.6644,0,1
MFI_KE_005997,43,F,Mombasa,13,25,17,63961.03,50685.46,18442.9,3,33004.71,54490.35,87011.86,0.9997,8,0.8716,0,2
MFI_KE_005998,24,M,Nakuru,8,44,47,15480.71,16116.09,1467.37,12,1020.2,1976.3,13257.74,0.755,2,0.9393,0,1
MFI_KE_005999,29,F,Embu,18,23,25,123230.88,99667.83,21844.39,1,34987.07,37172.34,40801.6,0.9421,6,0.4394,1,2
MFI_KE_006000,33,F,Meru,20,65,63,345117.21,328901.75,15607.38,4,116511.17,195948.79,483313.5,0.8911,1,0.4449,0,4
MFI_KE_006001,33,F,Mombasa,75,34,55,35472.93,30994.71,1007.93,11,2989.63,5768.26,39069.2,0.6662,0,0.845,0,1
MFI_KE_006002,37,M,Machakos,3,3,2,3053.27,2306.16,865.39,1,2226.94,4041.3,1965.52,0.6407,43,0.312,1,5
MFI_KE_006003,31,F,Kiambu,8,49,44,4926.91,3861.77,7898.52,8,1039.48,1604.28,7539.06,0.3213,4,0.8035,0,1
MFI_KE_006004,38,M,Uasin Gishu,4,27,19,64620.68,49206.29,4080.9,1,29978.16,54964.95,35957.49,0.9733,14,0.7989,0,2
MFI_KE_006005,51,M,Kilifi,5,1,3,4666.16,3774.62,242.51,2,2248.03,4382.84,4220.34,0.4609,37,0.7611,0,5
MFI_KE_006006,18,M,Kisumu,4,44,68,8565.37,6795.59,1286.65,6,1252.76,1496.89,7670.1,0.8166,1,0.7169,0,1
MFI_KE_006007,29,F,Laikipia,4,2,1,1617.52,1150.86,1347.03,0,0.0,0.0,0.0,1.0,88,0.9298,0,5
MFI_KE_006008,27,M,Homa Bay,3,1,2,899.95,682.11,494.2,0,0.0,0.0,0.0,1.0,71,0.6444,0,5
MFI_KE_006009,22,M,Kisumu,22,39,56,25279.92,22111.81,2355.45,10,1241.05,1372.34,14147.34,0.5668,2,0.861,0,1
MFI_KE_006010,18,F,Turkana,6,38,39,10737.13,9058.03,768.11,11,1374.11,2708.58,17797.89,0.6727,3,0.7868,0,1
MFI_KE_006011,24,M,Nakuru,44,37,49,17996.39,13542.44,1189.12,4,2076.44,3441.51,8812.37,0.7178,2,0.7608,0,1
MFI_KE_006012,40,M,Kitui,15,20,19,62821.38,55862.67,9496.5,0,0.0,0.0,0.0,0.9967,6,0.9277,0,2
MFI_KE_006013,41,F,Kilifi,26,24,18,167626.12,133549.98,11861.55,1,61289.45,80866.16,63798.82,0.9549,15,0.7334,0,2
MFI_KE_006014,59,M,Murang'a,2,22,15,47846.28,42200.38,9180.26,2,19451.4,32568.34,33378.21,0.8644,15,0.7215,1,2
MFI_KE_006015,25,F,Kiambu,6,39,67,3691.04,2767.87,1048.81,4,1107.08,2066.15,4539.92,0.6412,2,0.8854,0,1
MFI_KE_006016,38,F,Bomet,35,26,14,33664.61,32864.87,17735.69,3,22440.18,38642.54,70928.6,0.9935,21,0.6207,0,2
MFI_KE_006017,32,M,Laikipia,59,4,2,35530.7,25989.47,5750.37,5,50438.08,98496.9,266136.58,0.8262,2,0.6239,1,3
MFI_KE_006018,30,F,Trans Nzoia,4,52,50,37204.76,26641.94,2409.86,8,586.36,865.6,5378.92,0.7654,2,0.9342,0,1
MFI_KE_006019,40,F,Meru,5,32,17,41368.87,32777.8,12935.73,4,45463.84,72787.85,159695.96,0.9878,3,0.778,0,2
MFI_KE_006020,30,F,Kisumu,8,46,55,6204.93,4825.63,183.19,6,1573.54,2635.62,7557.03,0.6291,1,0.9774,0,1
MFI_KE_006021,32,F,Nairobi,61,33,46,11569.37,12037.07,2407.24,11,2027.53,3233.46,26648.24,0.6372,8,0.8956,0,1
MFI_KE_006022,23,F,Uasin Gishu,54,42,47,81576.56,58722.52,4541.99,7,3552.22,4654.03,27519.59,0.8567,0,0.8621,0,1
MFI_KE_006023,28,M,Murang'a,12,1,1,922.8,727.12,640.43,0,0.0,0.0,0.0,1.0,18,0.767,0,5
MFI_KE_006024,28,F,Migori,7,52,47,8156.72,8390.43,1190.17,3,1882.2,2484.46,5217.7,0.4814,0,0.9794,0,1
MFI_KE_006025,30,F,Mombasa,1,0,5,2748.15,2478.08,1521.17,1,2028.36,2173.94,2067.8,0.3244,61,0.5776,0,5
MFI_KE_006026,25,M,Kisumu,64,46,45,8110.89,8006.01,6388.08,7,1889.04,2664.13,14592.42,0.6466,4,0.9198,0,1
MFI_KE_006027,38,F,Nyeri,1,3,2,2611.15,2627.82,404.85,1,1616.59,2709.11,1377.96,0.6901,139,0.7849,1,5
MFI_KE_006028,34,F,Kisumu,5,23,16,67592.3,61214.98,28438.87,1,20339.63,33480.64,20252.49,0.8656,23,0.6492,1,2
MFI_KE_006029,35,F,Kiambu,15,37,54,2965.53,2225.03,669.07,12,1340.59,2141.6,14468.12,0.4983,2,0.7216,1,1
MFI_KE_006030,28,F,Bomet,2,3,1,2073.14,2103.59,640.01,1,2175.81,3196.63,2190.45,0.7714,32,0.3817,0,5
MFI_KE_006031,45,F,Turkana,29,23,13,59312.91,46592.6,23377.45,2,102174.37,195227.07,223752.87,0.9899,4,0.6782,0,2
MFI_KE_006032,39,M,Kiambu,24,78,71,697795.38,554638.23,16346.99,5,127354.71,145735.51,526278.01,0.7483,1,0.467,0,4
MFI_KE_006033,23,M,Mombasa,56,43,49,3519.9,3229.84,5242.78,6,4180.1,6474.99,24793.34,0.6347,0,0.5453,1,1
MFI_KE_006034,23,F,Migori,12,84,61,66680.93,52812.66,18523.89,6,257173.64,408614.9,1548752.6,0.5892,4,0.7731,0,4
MFI_KE_006035,25,M,Machakos,12,2,5,1784.62,1595.06,1033.08,1,918.69,1339.22,877.72,0.4442,21,0.3026,0,5
MFI_KE_006036,41,M,Kitui,2,20,17,36605.63,34430.32,15650.66,5,15638.78,26536.69,86784.56,0.9304,7,0.6792,1,2
MFI_KE_006037,24,F,Machakos,1,3,4,3929.18,3495.8,1295.68,0,0.0,0.0,0.0,1.0,98,0.8653,0,5
MFI_KE_006038,34,F,Bomet,10,76,82,447273.89,453875.15,4631.66,6,130100.87,194246.84,928549.37,0.7886,0,0.4429,1,4
MFI_KE_006039,26,F,Kiambu,22,18,19,180719.81,181042.66,29532.84,2,27733.86,29955.71,49549.79,0.9264,3,0.5734,0,2
MFI_KE_006040,45,M,Kakamega,8,2,0,1406.08,1370.02,500.93,2,1412.95,1714.6,3102.38,0.0704,83,0.6513,0,5
MFI_KE_006041,22,F,Uasin Gishu,1,2,4,1891.73,1553.54,643.26,3,1865.82,3411.52,5049.0,0.3232,87,0.8306,0,5
MFI_KE_006042,38,M,Embu,67,15,22,65075.06,63179.86,3009.01,2,171236.57,226180.31,397686.57,0.8668,1,0.6614,0,2
MFI_KE_006043,30,F,Nyeri,5,2,2,8492.93,8840.98,786.52,0,0.0,0.0,0.0,1.0,123,0.5532,0,5
MFI_KE_006044,43,M,Bomet,3,16,12,88596.4,84119.89,12698.04,2,14870.48,19507.1,33925.45,0.8462,4,0.6195,0,2
MFI_KE_006045,42,M,Kisumu,16,72,61,329369.14,245554.43,15707.04,2,146008.93,160297.2,331473.77,0.7819,0,0.3647,1,4
MFI_KE_006046,45,M,Kericho,67,9,6,26601.74,24556.45,1890.14,1,27824.89,42368.2,22592.67,0.4149,2,0.4571,0,3
MFI_KE_006047,32,F,Murang'a,4,25,15,141468.85,134917.02,14857.73,5,29267.02,51755.49,172160.87,0.9213,7,0.8445,0,2
MFI_KE_006048,31,F,Kiambu,30,46,53,8275.34,8332.5,2756.11,9,2259.74,2905.66,17860.57,0.5827,0,0.8504,0,1
MFI_KE_006049,65,F,Nyeri,46,22,14,72559.21,63056.17,30158.07,4,26115.86,26611.52,90718.77,0.9955,25,0.5155,0,2
MFI_KE_006050,61,M,Kakamega,15,10,6,82425.38,60481.15,13982.73,0,0.0,0.0,0.0,0.7546,24,0.4082,1,3
MFI_KE_006051,27,F,Bungoma,3,30,44,41587.15,33828.64,920.03,15,5003.58,6358.32,77489.63,0.7707,10,0.8983,0,1
MFI_KE_006052,39,M,Mombasa,11,78,71,359398.93,255866.66,74069.72,3,106276.58,140165.51,368404.89,0.8517,1,0.848,0,4
MFI_KE_006053,28,F,Kitui,1,1,1,7087.11,5851.75,956.76,0,0.0,0.0,0.0,1.0,66,0.8353,0,5
MFI_KE_006054,53,F,Kisii,20,7,8,1027556.86,814776.94,1083.73,2,52748.17,101649.66,88879.61,0.7788,17,0.6264,1,3
MFI_KE_006055,24,M,Laikipia,21,50,47,45412.45,34683.02,1961.34,6,1126.96,1229.3,6997.93,0.6509,2,0.9532,0,1
MFI_KE_006056,36,M,Bomet,25,29,26,131922.23,123187.86,12065.97,4,23284.62,41016.09,104591.02,0.983,15,0.5808,1,2
MFI_KE_006057,19,M,Kisii,6,37,38,15756.86,14094.5,1954.83,6,2403.96,4757.47,11779.23,0.6447,2,0.8118,0,1
MFI_KE_006058,51,M,Kakamega,3,9,4,56406.81,52183.75,5852.47,2,51137.09,77662.24,90033.12,0.8825,3,0.4543,0,3
MFI_KE_006059,51,M,Kakamega,11,27,26,91716.49,74255.81,11332.44,1,32713.29,46861.41,37301.4,0.8914,3,0.9137,1,2
MFI_KE_006060,26,M,Bungoma,14,43,50,6524.12,5875.89,1163.27,5,2225.99,3954.59,10525.31,0.8947,2,0.9829,0,1
MFI_KE_006061,25,M,Nyeri,16,1,1,25245.21,22791.51,398.61,1,888.91,1160.54,1029.77,0.0686,66,0.7206,0,5
MFI_KE_006062,22,M,Kilifi,25,10,6,143077.59,131668.18,47694.37,2,56534.9,78122.81,93525.97,0.8094,5,0.4074,0,3
MFI_KE_006063,35,F,Kericho,6,3,3,17964.6,18048.97,1645.78,0,0.0,0.0,0.0,1.0,23,0.4553,0,5
MFI_KE_006064,35,F,Laikipia,3,17,21,89367.03,73799.72,32961.66,3,20144.98,34346.45,53404.01,0.9996,5,0.2564,0,2
MFI_KE_006065,40,M,Migori,21,83,67,221200.07,168292.27,12792.85,6,127731.36,231181.05,874518.34,0.5424,1,0.666,0,4
MFI_KE_006066,19,M,Garissa,8,39,60,14272.83,14369.14,1377.19,6,1498.72,2891.99,10266.55,0.749,7,0.8656,0,1
MFI_KE_006067,61,F,Trans Nzoia,22,85,65,122729.34,124207.3,55857.45,5,118351.29,119583.94,571071.45,0.7545,0,0.3732,0,4
MFI_KE_006068,25,F,Nakuru,18,42,49,2508.61,1804.08,9715.88,5,2491.23,3968.14,13653.46,0.7915,2,0.9407,0,1
MFI_KE_006069,34,M,Laikipia,10,4,7,56452.09,55124.75,10768.16,1,80499.34,127128.12,89423.66,0.617,5,0.3817,0,3
MFI_KE_006070,36,F,Nyeri,17,21,21,54814.5,52160.31,9275.69,0,0.0,0.0,0.0,0.8533,12,0.6179,0,2
MFI_KE_006071,52,M,Laikipia,21,15,6,196506.29,204129.9,2197.28,1,65145.94,65369.87,67476.68,0.5632,7,0.5266,0,3
MFI_KE_006072,23,F,Kiambu,4,2,8,3496.0,2703.65,676.3,1,1248.87,2275.25,1399.12,0.8052,142,0.3137,0,5
MFI_KE_006073,57,F,Embu,10,9,7,37789.19,29096.28,4531.63,3,63038.28,90810.47,207451.25,0.7633,21,0.585,1,3
MFI_KE_006074,34,M,Uasin Gishu,4,35,51,30881.72,28411.34,1429.99,10,2680.81,3666.44,29014.37,0.5906,1,0.9035,0,1
MFI_KE_006075,23,F,Kakamega,1,1,0,4435.7,4579.39,577.3,1,2882.32,4497.62,3341.37,0.2353,48,0.653,0,5
MFI_KE_006076,50,F,Kisii,58,6,4,31994.9,24246.79,4176.33,4,54760.6,60673.77,242276.98,0.7357,2,0.3867,1,3
MFI_KE_006077,64,F,Nyeri,12,8,10,27985.69,28339.06,3729.6,1,53947.02,75418.0,51942.79,0.5196,10,0.2291,0,3
MFI_KE_006078,52,M,Kisii,7,2,2,3075.72,2880.36,451.13,1,1691.08,2130.65,1806.18,0.3231,62,0.7564,0,5
MFI_KE_006079,32,F,Migori,2,8,6,23096.49,22784.08,6451.99,1,84611.86,163214.67,69776.81,0.5565,19,0.5278,1,3
MFI_KE_006080,34,M,Kakamega,24,25,26,393937.02,359236.54,26313.17,6,26396.99,38020.01,150502.88,0.9917,24,0.7482,0,2
MFI_KE_006081,25,M,Kisumu,32,44,43,7027.75,5502.2,1273.98,8,1519.99,2292.71,9743.15,0.6377,2,0.839,0,1
MFI_KE_006082,59,F,Laikipia,15,7,2,184284.05,143416.32,2271.75,1,54841.47,92950.2,60792.75,0.739,9,0.4374,1,3
MFI_KE_006083,31,M,Garissa,20,5,2,98824.14,75857.98,16801.23,3,41692.4,73617.92,117632.39,0.6086,1,0.3163,1,3
MFI_KE_006084,29,M,Kisumu,30,38,52,89571.24,82313.27,3683.98,8,1194.05,1440.91,9158.27,0.6296,0,0.9312,0,1
MFI_KE_006085,42,M,Kilifi,8,23,28,64917.7,53193.86,4804.27,3,49325.83,94737.23,174292.69,0.9669,14,0.3905,0,2
MFI_KE_006086,51,F,Kitui,15,12,7,60838.55,62232.35,3711.06,1,51872.63,56643.36,59488.13,0.869,6,0.8575,1,3
MFI_KE_006087,28,M,Garissa,26,78,74,380541.56,338376.46,200008.66,3,150455.36,284196.23,500935.51,0.6217,1,0.7376,0,4
MFI_KE_006088,28,F,Trans Nzoia,18,43,48,17755.65,16754.29,4321.08,7,1329.72,2644.51,8664.41,0.4947,9,0.6995,0,1
MFI_KE_006089,36,M,Homa Bay,24,78,79,262661.69,226160.52,47511.74,2,236581.55,291847.02,543694.57,0.7423,0,0.4374,0,4
MFI_KE_006090,28,F,Kiambu,19,42,39,10392.21,7609.33,2631.86,8,3268.12,6208.53,29748.24,0.8308,0,0.9497,0,1
MFI_KE_006091,40,M,Nakuru,7,37,53,24510.59,23693.87,4327.72,8,1165.17,1333.13,7573.63,0.5461,3,0.8992,1,1
MFI_KE_006092,22,M,Trans Nzoia,16,33,56,40871.06,31060.15,3013.56,9,906.48,1166.05,7028.1,0.556,0,0.8529,0,1
MFI_KE_006093,52,M,Homa Bay,4,2,1,2319.0,1803.22,1131.44,1,3974.9,4074.63,4493.12,0.4067,365,0.7802,0,5
MFI_KE_006094,50,M,Meru,3,8,7,60356.89,61624.34,8793.29,1,68718.78,79294.49,68895.19,0.6292,9,0.393,1,3
MFI_KE_006095,34,M,Embu,16,23,22,60295.44,49179.14,9101.86,1,181902.15,188038.45,146680.24,0.9144,1,0.6914,0,2
MFI_KE_006096,37,M,Nairobi,10,15,22,95830.52,79232.31,13722.18,2,34457.86,41204.96,64726.43,0.956,4,0.4011,0,2
MFI_KE_006097,40,F,Turkana,3,67,62,207794.83,186015.21,23962.25,2,190569.38,216011.68,359316.09,0.6834,5,0.6068,0,4
MFI_KE_006098,29,F,Murang'a,24,44,47,6482.68,4837.41,1708.6,9,1730.44,1763.91,15690.46,0.2592,0,0.9496,0,1
MFI_KE_006099,50,F,Uasin Gishu,2,25,23,23748.79,19845.74,29397.34,2,21683.53,36363.79,37559.77,0.9391,21,0.8733,0,2
MFI_KE_006100,21,M,Nakuru,9,33,51,42991.21,35611.8,382.52,4,2749.39,2863.99,12219.72,0.4525,0,0.9724,1,1
MFI_KE_006101,51,M,Kericho,19,6,7,73328.21,59145.25,3720.38,4,36678.57,51780.49,121810.61,0.6487,5,0.3967,1,3
MFI_KE_006102,32,F,Kakamega,14,15,28,156444.22,135282.56,15253.92,8,47991.71,84535.36,328274.98,0.9205,9,0.5558,0,2
MFI_KE_006103,27,F,Uasin Gishu,11,2,4,3102.89,2679.14,1206.09,0,0.0,0.0,0.0,1.0,24,0.4519,0,5
MFI_KE_006104,37,F,Trans Nzoia,9,24,20,90947.79,83657.89,4946.93,0,0.0,0.0,0.0,0.94,2,0.8344,0,2
MFI_KE_006105,30,M,Laikipia,16,51,50,5244.17,4205.37,1026.64,7,1413.39,1817.26,9827.07,0.4367,1,0.9498,0,1
MFI_KE_006106,39,M,Kiambu,2,26,18,116697.6,102787.51,5722.62,3,56544.44,87018.47,187902.66,0.9187,2,0.2884,0,2
MFI_KE_006107,34,F,Homa Bay,83,8,7,144845.46,117002.3,9026.93,1,44242.28,45880.74,47187.82,0.7675,19,0.2304,1,3
MFI_KE_006108,50,M,Laikipia,2,30,24,50917.71,40826.89,16385.09,6,69962.2,76664.08,459815.41,0.9036,1,0.6967,0,2
MFI_KE_006109,29,M,Murang'a,3,31,17,43305.9,35809.45,8833.27,0,0.0,0.0,0.0,0.9466,10,0.6935,1,2
MFI_KE_006110,58,F,Turkana,9,6,10,35475.23,35068.12,6612.36,3,31801.91,47877.28,85053.42,0.8355,9,0.584,1,3
MFI_KE_006111,48,F,Nyeri,34,80,59,280008.18,236525.98,40192.16,4,146322.96,267044.41,693651.76,0.7641,0,0.6247,1,4
MFI_KE_006112,34,M,Garissa,1,2,3,700.92,521.49,2880.33,1,1306.69,2609.15,1454.51,0.1434,49,0.5632,0,5
MFI_KE_006113,22,M,Mombasa,92,52,50,37552.4,35813.66,1092.24,12,3251.21,5666.84,42958.19,0.5315,1,0.6993,0,1
MFI_KE_006114,54,F,Garissa,3,0,1,1117.45,956.42,643.93,0,0.0,0.0,0.0,1.0,119,0.5702,0,5
MFI_KE_006115,18,M,Kisii,4,1,2,885.35,792.03,57.89,1,3359.37,4709.8,3253.52,0.6293,41,0.8008,0,5
MFI_KE_006116,29,M,Kakamega,29,92,69,208690.45,172167.96,58409.57,5,215586.3,374250.05,1043964.93,0.818,2,0.5245,1,4
MFI_KE_006117,52,F,Embu,33,25,17,105898.56,107313.2,5771.4,0,0.0,0.0,0.0,0.9571,20,0.8246,0,2
MFI_KE_006118,20,M,Kitui,34,40,44,17878.25,15408.74,1103.5,10,3513.31,4803.86,41322.4,0.8371,0,0.9178,0,1
MFI_KE_006119,42,M,Nakuru,5,16,24,91406.98,71944.83,19226.17,0,0.0,0.0,0.0,0.9889,10,0.2605,0,2
MFI_KE_006120,26,F,Embu,38,91,75,274993.51,240093.16,52369.37,7,239679.2,273459.69,1369653.2,0.9776,3,0.6129,1,4
MFI_KE_006121,19,F,Uasin Gishu,5,39,40,6850.49,6175.4,587.55,4,1351.71,2288.61,5660.38,0.6591,8,0.8201,0,1
MFI_KE_006122,24,F,Nakuru,6,40,47,69486.69,54166.08,1236.53,10,1667.87,1860.44,15282.87,0.621,2,0.9775,0,1
MFI_KE_006123,29,M,Kisii,21,49,44,22489.06,22537.7,2347.25,5,4000.93,7690.62,23555.93,0.821,1,0.7598,0,1
MFI_KE_006124,35,F,Nyeri,3,40,45,14732.84,10564.36,2865.67,3,2620.97,4090.7,9047.21,0.583,3,0.868,0,1
MFI_KE_006125,25,F,Nakuru,15,44,55,11955.06,11827.84,483.44,8,1593.36,2062.32,11374.84,0.6499,1,0.9815,0,1
MFI_KE_006126,52,F,Bungoma,20,11,12,95231.56,76665.46,2601.91,1,85467.06,120569.82,69436.78,0.8738,13,0.3829,0,3
MFI_KE_006127,32,F,Kericho,11,45,47,7036.17,6373.81,2108.35,4,1520.15,1866.77,7029.47,0.861,1,0.7943,0,1
MFI_KE_006128,23,F,Garissa,2,39,57,5046.09,4343.03,4514.98,7,1206.79,1813.35,8149.26,0.5841,0,0.8131,0,1
MFI_KE_006129,51,M,Meru,4,4,4,47675.39,42540.09,28257.9,1,66912.09,97662.17,66212.17,0.6502,10,0.6056,1,3
MFI_KE_006130,36,M,Nakuru,48,22,15,53296.58,37495.13,28767.97,4,79468.01,99929.66,378881.68,0.9942,6,0.3909,0,2
MFI_KE_006131,30,M,Murang'a,9,5,8,46174.82,33230.05,1608.38,2,87480.31,110770.54,174606.94,0.8427,7,0.5744,1,3
MFI_KE_006132,47,M,Kakamega,1,0,0,438.02,315.26,240.62,1,1154.8,2041.41,1261.28,0.5858,173,0.6665,1,5
MFI_KE_006133,39,F,Garissa,3,0,2,1722.29,1741.28,876.9,0,0.0,0.0,0.0,1.0,68,0.5265,0,5
MFI_KE_006134,42,M,Bungoma,14,31,34,131998.84,137274.09,21006.08,3,33083.53,39333.35,108099.75,0.8898,4,0.8614,1,2
MFI_KE_006135,48,F,Trans Nzoia,62,9,9,129869.53,93958.13,4429.15,6,50928.77,99579.8,320547.49,0.6192,9,0.2873,1,3
MFI_KE_006136,30,M,Kisumu,5,45,50,2969.21,2174.94,7905.39,8,518.82,843.24,4319.31,0.4581,5,0.9398,0,1
MFI_KE_006137,40,F,Laikipia,3,9,5,24119.54,20115.68,1244.34,1,74300.76,121019.37,83155.52,0.8371,10,0.3463,1,3
MFI_KE_006138,24,F,Kisumu,9,32,39,6153.89,5729.51,3689.43,7,1966.96,2846.46,15732.79,0.6934,2,0.7049,0,1
MFI_KE_006139,25,F,Mombasa,41,47,54,1913.26,1773.82,1313.75,4,4602.5,5134.04,15291.5,0.3534,1,0.8549,0,1
MFI_KE_006140,32,M,Laikipia,2,10,11,40146.62,28856.41,1250.5,1,85190.78,145021.53,102081.59,0.9456,3,0.3115,0,3
MFI_KE_006141,35,M,Bomet,9,41,54,4653.32,4798.73,1132.01,10,1331.56,2373.85,13432.11,0.8859,6,0.8172,0,1
MFI_KE_006142,57,F,Kericho,18,9,6,39639.43,35936.35,46442.27,4,38583.08,62519.86,144772.77,0.63,18,0.3792,0,3
MFI_KE_006143,38,F,Mombasa,14,35,14,56741.58,53154.76,8137.03,2,16496.75,20789.77,34643.43,0.9877,2,0.5927,0,2
MFI_KE_006144,28,F,Uasin Gishu,17,32,45,14059.38,14046.04,463.19,9,2192.38,2247.53,17608.38,0.3738,0,0.9583,0,1
MFI_KE_006145,37,F,Bungoma,11,45,57,56197.95,47411.09,1707.72,2,1523.25,2538.46,3324.2,0.5296,1,0.8073,0,1
MFI_KE_006146,24,F,Nairobi,4,39,47,19215.8,19450.92,140.7,8,2073.22,3199.03,18279.01,0.7085,1,0.9136,1,1
MFI_KE_006147,24,M,Turkana,14,40,41,8154.04,6351.33,1026.24,11,3502.29,6670.19,32620.71,0.7833,1,0.7881,0,1
MFI_KE_006148,20,M,Uasin Gishu,54,35,55,5541.01,4341.23,278.43,4,2874.1,4510.77,11885.68,0.7345,0,0.7449,0,1
MFI_KE_006149,40,M,Bungoma,10,10,4,16557.16,14530.68,7136.2,2,180857.3,344651.41,417307.37,0.5633,29,0.3743,1,3
MFI_KE_006150,28,M,Nakuru,37,37,48,22375.16,21349.58,1640.41,10,5243.47,5950.86,47543.7,0.5759,1,0.5762,0,1
MFI_KE_006151,43,F,Kitui,30,7,8,174310.19,157713.87,4100.76,1,71555.4,117768.49,62300.09,0.7183,2,0.2661,0,3
MFI_KE_006152,39,F,Kilifi,8,88,85,744280.88,679212.55,56772.86,2,105644.72,182007.13,237945.01,0.8807,0,0.5523,1,4
MFI_KE_006153,48,F,Migori,25,87,74,104463.32,98146.26,170049.86,4,160100.99,314359.11,723867.43,0.8735,2,0.2883,0,4
MFI_KE_006154,35,F,Bomet,4,1,6,1744.9,1639.76,1728.0,0,0.0,0.0,0.0,1.0,133,0.7904,1,5
MFI_KE_006155,32,F,Kakamega,28,9,8,76922.06,66969.26,2140.58,1,44226.68,79956.77,36318.84,0.9396,3,0.6539,1,3
MFI_KE_006156,53,M,Bomet,2,78,63,222625.09,227298.59,37242.78,3,295638.44,305987.3,911281.06,0.9737,2,0.6181,1,4
MFI_KE_006157,46,F,Homa Bay,12,20,19,119759.88,104506.74,11846.3,2,95141.01,172901.99,156960.63,0.94,2,0.502,0,2
MFI_KE_006158,41,M,Laikipia,16,18,24,38343.12,28828.81,10194.86,6,32605.5,53142.46,156944.07,0.7925,18,0.7138,1,2
MFI_KE_006159,25,M,Uasin Gishu,31,38,34,78409.84,66358.19,2343.82,7,1857.54,1875.72,14208.99,0.4966,0,0.9707,0,1
MFI_KE_006160,41,F,Kitui,7,75,72,66467.04,51156.52,56823.76,6,69943.28,126720.19,398935.34,0.8153,2,0.404,0,4
MFI_KE_006161,45,F,Meru,2,13,26,94592.34,89622.77,10604.26,3,21353.19,23111.77,60844.9,0.9226,2,0.7827,0,2
MFI_KE_006162,59,F,Turkana,1,3,3,1434.24,1253.23,750.77,0,0.0,0.0,0.0,1.0,99,0.4304,1,5
MFI_KE_006163,27,M,Kisumu,2,39,39,28713.64,26031.93,1064.64,6,1819.85,2581.31,9824.58,0.5547,0,0.7614,0,1
MFI_KE_006164,40,F,Murang'a,1,1,1,358.09,275.27,134.89,3,1637.8,2029.15,4638.23,0.3651,136,0.3046,1,5
MFI_KE_006165,25,F,Nakuru,14,19,20,62337.3,51420.93,18022.49,8,20049.27,30963.0,142358.11,0.9923,2,0.7954,0,2
MFI_KE_006166,37,M,Kisii,5,0,2,2626.6,2200.46,152.33,1,1457.91,2699.66,1701.42,0.8987,51,0.7467,0,5
MFI_KE_006167,35,M,Kilifi,4,5,6,64487.63,58398.85,1563.54,1,26609.97,50544.04,25443.1,0.8981,15,0.2644,0,3
MFI_KE_006168,37,M,Migori,6,83,68,219323.55,155594.85,47807.02,5,131595.77,201051.69,618649.17,0.8249,0,0.5356,0,4
MFI_KE_006169,35,M,Bungoma,24,81,77,228733.6,215320.39,9766.82,6,81631.21,83617.65,499127.7,0.7309,6,0.8739,1,4
MFI_KE_006170,40,M,Kiambu,2,4,2,3065.28,3173.95,539.94,0,0.0,0.0,0.0,1.0,64,0.5963,0,5
MFI_KE_006171,42,F,Murang'a,47,10,8,31270.13,27013.51,5716.84,0,0.0,0.0,0.0,0.8691,16,0.5091,1,3
MFI_KE_006172,18,M,Mombasa,5,36,62,38913.24,38638.82,6077.85,8,2691.46,5201.83,18704.41,0.6929,1,0.7183,0,1
MFI_KE_006173,18,F,Murang'a,2,0,1,5623.25,5163.4,149.62,2,1810.71,2845.48,3454.69,0.5005,50,0.6671,0,5
MFI_KE_006174,23,F,Uasin Gishu,18,39,56,5475.53,3909.1,4994.53,16,6430.26,8823.91,120277.54,0.833,0,0.9393,1,1
MFI_KE_006175,44,M,Garissa,15,95,76,189648.91,140220.35,152842.67,3,122372.57,224959.1,300872.18,0.8551,0,0.2315,1,4
MFI_KE_006176,46,M,Kakamega,18,74,72,241238.59,247036.65,22621.19,8,334938.77,431896.66,3053974.59,0.8643,2,0.3131,0,4
MFI_KE_006177,22,F,Garissa,31,28,12,66432.84,66452.47,30711.19,3,34492.16,41397.57,83702.42,0.9287,13,0.6306,0,2
MFI_KE_006178,63,F,Machakos,6,2,6,5632.73,5527.45,308.32,0,0.0,0.0,0.0,1.0,17,0.3768,0,5
MFI_KE_006179,21,F,Machakos,18,38,54,40380.26,41660.04,10509.53,5,1867.36,2619.0,8326.05,0.7709,0,0.8493,0,1
MFI_KE_006180,43,F,Kitui,3,81,92,218372.21,197510.0,8813.11,3,110459.59,133370.67,383604.33,0.7651,1,0.5423,0,4
MFI_KE_006181,53,F,Homa Bay,5,19,23,88647.48,89366.22,69068.13,3,23855.37,43350.79,63705.22,0.8404,7,0.7072,0,2
MFI_KE_006182,28,F,Mombasa,14,43,40,7224.16,6765.15,3797.92,8,1266.62,1962.1,11463.74,0.8982,4,0.8975,0,1
MFI_KE_006183,29,F,Migori,9,45,53,14931.32,12976.76,2923.18,13,2236.88,4438.55,29794.23,0.7903,1,0.9193,0,1
MFI_KE_006184,29,F,Kisumu,30,48,46,9977.2,7880.88,3444.27,7,863.74,1361.11,5421.7,0.8361,3,0.6533,0,1
MFI_KE_006185,62,F,Kisii,14,11,1,316662.41,273395.51,32942.71,2,37619.59,74168.43,64475.7,0.814,1,0.3315,0,3
MFI_KE_006186,48,F,Bungoma,13,33,28,18417.13,14351.92,17221.13,2,25704.22,48738.62,54801.17,0.9504,2,0.4718,0,2
MFI_KE_006187,48,F,Kilifi,25,7,5,85482.58,89122.32,2843.62,3,34020.6,54532.55,86310.69,0.7575,4,0.358,1,3
MFI_KE_006188,26,M,Nakuru,22,82,81,637856.96,520313.07,18523.84,5,117472.45,218718.42,530400.77,0.7407,0,0.778,0,4
MFI_KE_006189,34,M,Murang'a,45,23,29,25809.18,22102.74,3285.46,4,60891.74,101512.7,213340.67,0.9423,18,0.4537,0,2
MFI_KE_006190,31,M,Embu,5,1,4,1904.69,1726.03,1049.19,0,0.0,0.0,0.0,1.0,217,0.7014,1,5
MFI_KE_006191,18,F,Nakuru,26,35,68,6850.05,5024.64,1105.61,7,1568.83,1715.61,11011.13,0.8426,0,0.7397,0,1
MFI_KE_006192,40,M,Mombasa,11,30,11,17432.44,18235.96,22763.34,0,0.0,0.0,0.0,0.9933,11,0.4545,0,2
MFI_KE_006193,28,F,Bomet,19,36,60,5911.57,5405.35,1752.25,7,2153.69,2751.96,15311.48,0.7871,4,0.8798,0,1
MFI_KE_006194,42,M,Laikipia,4,7,6,81393.0,62001.95,11994.29,2,63239.82,115074.94,117514.94,0.7727,1,0.3727,1,3
MFI_KE_006195,22,M,Mombasa,56,34,61,49838.95,43522.27,4850.99,10,2432.71,4284.36,26065.59,0.6678,3,0.8708,0,1
MFI_KE_006196,46,F,Uasin Gishu,35,27,15,71511.62,51475.66,6206.37,5,43010.99,61256.73,187322.71,0.9383,27,0.7021,0,2
MFI_KE_006197,51,M,Migori,10,17,4,131379.72,123247.79,6769.28,1,47426.07,56756.22,44047.59,0.7802,20,0.2922,1,3
MFI_KE_006198,26,F,Uasin Gishu,7,22,25,62037.0,55219.94,4367.11,2,28013.38,48871.25,61052.89,0.9058,4,0.419,0,2
MFI_KE_006199,22,F,Kiambu,23,34,46,18161.63,18375.93,593.57,9,2554.06,3378.67,24631.24,0.7927,0,0.9279,0,1
MFI_KE_006200,38,F,Bungoma,29,80,69,298113.46,252430.42,9222.7,3,152873.06,258614.44,474358.05,0.4811,3,0.4695,1,4
MFI_KE_006201,24,M,Kisii,9,81,77,269062.83,202242.79,9433.19,7,315844.56,446779.81,2354304.6,0.9191,2,0.3472,1,4
MFI_KE_006202,47,F,Kiambu,3,92,67,337192.1,268499.33,119796.55,6,100518.52,169675.09,538584.48,0.872,5,0.3834,0,4
MFI_KE_006203,41,F,Meru,8,28,21,63212.97,53875.65,5158.64,5,22282.01,35395.62,111274.38,0.8936,12,0.8564,1,2
MFI_KE_006204,50,F,Bomet,33,8,8,162494.69,131236.08,11758.36,3,97745.73,164735.33,318260.26,0.5153,22,0.1959,0,3
MFI_KE_006205,44,F,Kericho,14,7,3,22651.67,19019.27,8419.26,4,67216.27,125376.75,248495.53,0.6977,10,0.3394,1,3
MFI_KE_006206,26,M,Kisumu,14,39,56,50497.09,39453.81,1533.45,7,2051.16,3299.64,12222.62,0.3687,0,0.9889,0,1
MFI_KE_006207,26,M,Kiambu,6,49,51,7407.2,7396.84,2598.99,9,1813.45,2054.88,19269.78,0.7429,0,0.8025,0,1
MFI_KE_006208,54,F,Nairobi,9,94,66,215625.79,218177.74,93424.51,1,125726.36,229087.7,124125.03,0.7451,2,0.1535,1,4
MFI_KE_006209,38,M,Turkana,18,84,75,310778.45,239719.18,31915.5,5,183283.91,194517.23,1084038.85,0.8483,1,0.5165,1,4
MFI_KE_006210,28,M,Nakuru,20,88,70,142270.53,133552.46,46357.96,5,58848.22,98091.1,318804.73,0.9148,5,0.6197,0,4
MFI_KE_006211,27,M,Nairobi,8,34,51,1993.19,2075.52,2587.81,3,1907.25,2069.66,6104.38,0.8437,3,0.9325,0,1
MFI_KE_006212,44,M,Kiambu,2,29,20,92099.95,76617.58,5062.8,3,41185.84,54667.42,103397.63,0.9963,3,0.5264,0,2
MFI_KE_006213,28,F,Nakuru,4,33,49,45099.95,40410.02,11148.28,10,2903.31,3871.69,24341.59,0.844,0,0.8957,0,1
MFI_KE_006214,20,M,Nairobi,13,33,50,16750.67,15401.0,1756.12,14,2313.01,3873.87,31335.47,0.7791,0,0.9148,0,1
MFI_KE_006215,38,M,Nyeri,18,20,27,21736.67,19169.84,20528.28,5,39087.39,64220.65,158327.75,0.9693,1,0.6865,1,2
MFI_KE_006216,35,M,Kakamega,17,24,17,133492.13,138749.99,42297.21,6,84300.71,166762.05,529680.19,0.9971,11,0.6434,0,2
MFI_KE_006217,22,M,Murang'a,23,11,8,58198.76,54339.26,3192.49,2,33392.19,62420.94,62518.49,0.6588,3,0.1951,1,3
MFI_KE_006218,28,M,Bomet,22,77,77,155017.77,149154.99,40827.96,2,86184.06,170786.71,190694.0,0.6527,1,0.6906,1,4
MFI_KE_006219,52,M,Laikipia,6,61,82,194274.1,138407.84,32169.52,3,120689.82,171334.02,378210.44,0.7637,0,0.5149,0,4
MFI_KE_006220,18,M,Bungoma,13,42,50,13584.42,11273.18,2290.87,4,3234.57,6402.19,15447.28,0.5938,7,0.9194,0,1
MFI_KE_006221,31,M,Murang'a,5,5,3,4161.52,4122.11,158.86,2,1198.56,2090.81,2201.91,0.4264,23,0.8983,0,5
MFI_KE_006222,34,M,Garissa,11,9,6,49385.84,43287.09,9434.06,3,80703.45,102136.42,198224.87,0.8514,8,0.5091,1,3
MFI_KE_006223,39,M,Embu,1,2,2,2088.84,2031.38,3337.74,0,0.0,0.0,0.0,1.0,99,0.5028,0,5
MFI_KE_006224,28,F,Kitui,25,13,19,104891.26,88887.8,5829.23,3,16840.33,23741.58,43378.68,0.9524,12,0.5534,0,2
MFI_KE_006225,34,M,Kisumu,48,33,46,14648.48,12209.26,761.17,6,2340.29,3261.47,11456.05,0.7867,0,0.987,0,1
MFI_KE_006226,39,F,Garissa,2,3,2,2179.24,1581.34,268.3,1,1672.24,2437.12,1710.98,0.934,30,0.5031,0,5
MFI_KE_006227,22,F,Nairobi,26,39,40,9856.28,9228.97,5274.4,5,916.49,1090.35,4751.81,0.7675,1,0.9396,0,1
MFI_KE_006228,25,M,Kilifi,8,3,5,1993.34,1444.15,740.01,2,3113.71,5388.16,5462.57,0.4788,71,0.5728,0,5
MFI_KE_006229,18,F,Turkana,13,41,39,19829.82,16743.06,4273.66,12,1915.43,2390.2,19213.05,0.6136,1,0.9655,0,1
MFI_KE_006230,48,M,Kilifi,7,8,2,267627.54,275783.69,4048.51,7,43135.39,56315.34,309381.48,0.9081,11,0.4384,1,3
MFI_KE_006231,28,F,Nairobi,3,38,43,17452.95,17310.05,5237.51,9,1552.98,2562.11,13345.96,0.21,5,0.6076,0,1
MFI_KE_006232,46,M,Kiambu,19,21,14,40265.34,41588.67,23342.47,2,93823.13,118508.61,194228.48,0.999,6,0.7493,0,2
MFI_KE_006233,23,M,Uasin Gishu,11,50,45,17110.36,14032.97,1195.94,6,2535.19,2977.94,14298.54,0.349,2,0.9219,1,1
MFI_KE_006234,36,F,Kisumu,33,25,14,24498.15,18441.18,19006.11,0,0.0,0.0,0.0,0.8661,1,0.7523,1,2
MFI_KE_006235,20,F,Uasin Gishu,11,39,52,19790.04,19216.91,2076.3,10,1552.92,2224.21,17730.89,0.8281,0,0.815,0,1
MFI_KE_006236,26,F,Kisii,20,22,19,87215.64,64577.11,40167.45,5,24091.68,43348.14,136335.46,0.9965,12,0.5059,0,2
MFI_KE_006237,56,F,Bungoma,120,5,2,206880.37,163255.25,48887.57,2,9884.54,17760.95,19956.6,0.9008,33,0.531,0,3
MFI_KE_006238,48,F,Laikipia,4,0,4,10858.36,9572.19,2620.55,0,0.0,0.0,0.0,1.0,100,0.7009,0,5
MFI_KE_006239,34,M,Migori,19,39,49,8654.54,9029.06,2720.98,8,3162.08,3951.92,23791.93,0.8631,5,0.902,0,1
MFI_KE_006240,24,M,Mombasa,24,35,43,7757.34,6540.52,1780.64,12,2331.48,4159.3,22994.63,0.7097,3,0.7179,0,1
MFI_KE_006241,26,F,Kisumu,46,43,54,14549.95,12269.0,3140.66,5,1214.54,1880.57,5070.48,0.6951,0,0.8257,0,1
MFI_KE_006242,43,F,Migori,14,14,17,60317.65,59298.84,4062.85,4,28337.95,54408.2,99368.43,0.9937,27,0.6253,1,2
MFI_KE_006243,21,F,Mombasa,34,43,48,35806.26,33360.89,1029.96,12,1510.29,2176.79,15022.03,0.8788,0,0.9207,0,1
MFI_KE_006244,25,F,Kiambu,22,50,47,4850.69,3918.84,5050.23,10,1025.87,1883.05,9874.68,0.88,3,0.6086,1,1
MFI_KE_006245,35,F,Nakuru,8,27,46,14916.69,14486.02,465.2,6,2053.4,2323.87,10985.19,0.7453,0,0.8369,0,1
MFI_KE_006246,43,F,Mombasa,31,25,34,84722.58,87676.92,7156.8,2,56482.37,93626.43,116381.72,0.9972,7,0.8969,1,2
MFI_KE_006247,27,F,Mombasa,63,35,42,36284.82,29176.22,4111.06,2,1623.52,1930.54,2664.22,0.6907,1,0.7931,0,1
MFI_KE_006248,21,M,Mombasa,41,31,57,5375.62,4895.21,1129.56,7,2352.24,3359.43,14828.6,0.798,6,0.9532,1,1
MFI_KE_006249,22,F,Kiambu,2,27,57,67522.62,61134.67,823.56,11,1074.1,1447.51,11549.68,0.6129,5,0.952,0,1
MFI_KE_006250,21,M,Embu,1,1,1,4871.65,5076.34,366.17,2,671.53,811.58,1546.1,0.6331,46,0.7598,0,5
MFI_KE_006251,43,F,Bomet,7,92,63,202495.42,184115.34,45260.34,8,169455.29,320430.14,1457354.9,0.9583,0,0.6313,0,4
MFI_KE_006252,43,M,Bungoma,3,0,4,4861.31,3773.38,2739.64,1,3565.03,3772.69,3873.35,0.8242,66,0.7997,0,5
MFI_KE_006253,43,F,Laikipia,21,19,19,34145.67,30668.63,19348.57,5,61228.4,116207.44,354275.28,0.9964,7,0.4403,0,2
MFI_KE_006254,43,M,Bomet,7,33,23,37353.18,38770.63,19407.18,4,23850.58,45306.05,91387.82,0.8661,22,0.6918,0,2
MFI_KE_006255,23,M,Kilifi,5,18,23,114858.47,106998.72,10628.4,4,35167.36,51960.46,158503.41,0.7909,7,0.5601,0,2
MFI_KE_006256,29,M,Kericho,9,21,24,89670.34,73647.84,8822.77,2,96216.91,177495.93,165668.43,0.9109,8,0.6423,0,2
MFI_KE_006257,25,F,Kisumu,11,32,48,9063.08,9279.56,4842.92,10,2117.26,3098.89,24613.88,0.6061,0,0.8186,0,1
MFI_KE_006258,22,F,Uasin Gishu,2,41,58,49050.56,48452.97,1357.97,6,1374.37,2586.42,7090.52,0.2542,1,0.9672,0,1
MFI_KE_006259,30,M,Kericho,20,72,93,221994.8,209713.55,14172.79,4,111046.58,211918.96,394984.17,0.9493,2,0.8435,1,4
MFI_KE_006260,37,M,Laikipia,14,21,29,81461.73,65697.37,20433.03,4,16841.66,30087.44,57305.79,0.9488,4,0.8523,1,2
MFI_KE_006261,46,F,Homa Bay,21,23,17,68977.88,51888.53,39302.41,3,46680.88,49100.29,121873.01,0.9735,33,0.8646,1,2
MFI_KE_006262,38,F,Kitui,29,24,20,86230.34,84080.92,28021.54,2,30253.17,44392.07,58082.33,0.9984,8,0.6749,0,2
MFI_KE_006263,34,F,Kakamega,2,16,20,78972.65,78249.94,4706.88,3,26640.6,41887.6,85983.39,0.875,1,0.4169,1,2
MFI_KE_006264,45,M,Embu,9,11,5,133875.37,98148.06,8261.44,1,27940.16,49403.49,32555.66,0.9153,3,0.4413,1,3
MFI_KE_006265,30,F,Embu,15,78,67,192638.62,181624.18,43633.07,10,105105.42,155942.04,1185029.3,0.7468,0,0.4324,0,4
MFI_KE_006266,47,M,Kiambu,31,86,63,592391.47,429552.33,23498.63,3,156135.85,307336.96,483790.63,0.9028,0,0.2964,0,4
MFI_KE_006267,36,M,Bomet,6,66,73,217526.04,195070.31,83036.82,6,72061.24,134085.26,360872.96,0.7863,0,0.7964,0,4
MFI_KE_006268,18,M,Nakuru,42,41,48,18505.38,18212.14,1677.7,5,2709.34,5171.78,11927.85,0.6481,0,0.9028,0,1
MFI_KE_006269,48,F,Nyeri,7,1,1,1689.42,1244.13,301.58,0,0.0,0.0,0.0,1.0,56,0.6995,0,5
MFI_KE_006270,22,F,Kisumu,39,45,52,4283.81,3395.93,728.66,8,1369.31,2502.74,10015.34,0.6143,2,0.916,0,1
MFI_KE_006271,36,F,Nyeri,3,3,2,226447.69,224348.4,12129.7,2,40143.95,62479.15,72667.11,0.6815,4,0.5345,0,3
MFI_KE_006272,29,F,Kakamega,32,46,44,57608.17,42409.34,1461.01,5,1139.03,1197.68,6175.18,0.7073,2,0.7792,0,1
MFI_KE_006273,26,F,Kisii,4,44,56,8553.46,6972.8,2462.24,5,897.1,1764.68,3893.32,0.8498,8,0.8619,0,1
MFI_KE_006274,45,F,Embu,7,12,6,49169.7,47547.4,29355.2,0,0.0,0.0,0.0,0.7491,4,0.4978,0,3
MFI_KE_006275,35,F,Kakamega,4,4,6,2926.3,2162.18,1037.82,1,1741.18,3252.21,1422.73,0.6449,106,0.2752,0,5
MFI_KE_006276,52,F,Bungoma,54,11,5,8443.65,6851.79,10150.39,2,77698.79,150767.22,167403.58,0.7696,3,0.4783,1,3
MFI_KE_006277,28,M,Homa Bay,18,38,41,8724.15,6516.13,1721.67,7,1174.67,2335.36,6796.6,0.878,5,0.6241,0,1
MFI_KE_006278,35,M,Kiambu,8,36,45,54024.74,48912.84,1278.62,7,5839.52,10989.93,41423.5,0.8152,0,0.7489,0,1
MFI_KE_006279,35,F,Homa Bay,3,7,2,40498.26,35331.43,16992.93,1,77043.86,85354.3,71702.74,0.7684,3,0.485,1,3
MFI_KE_006280,33,F,Machakos,30,12,6,89451.92,77994.35,9427.48,1,50098.14,99466.2,51576.49,0.746,13,0.3878,1,3
MFI_KE_006281,44,F,Kitui,10,3,5,1026.85,913.02,289.93,2,2588.21,5119.55,4668.55,0.4133,34,0.4305,0,5
MFI_KE_006282,35,M,Laikipia,34,7,8,61826.05,56165.05,4005.99,1,165913.14,230844.06,144541.4,0.4813,7,0.5402,0,3
MFI_KE_006283,31,F,Laikipia,5,91,63,323350.57,333315.41,43514.53,5,135508.09,155272.81,778026.67,0.8977,3,0.3054,0,4
MFI_KE_006284,18,M,Kisumu,8,30,50,13209.03,12283.73,1238.83,6,4378.06,5756.64,29897.16,0.6461,2,0.6644,0,1
MFI_KE_006285,34,F,Nairobi,37,31,52,6015.24,5876.08,1144.73,11,2320.16,3527.11,29614.25,0.7755,3,0.9381,0,1
MFI_KE_006286,25,F,Garissa,18,27,16,86168.34,87556.73,4076.25,1,29056.12,35629.22,29347.87,0.9078,37,0.77,0,2
MFI_KE_006287,36,M,Kisii,6,7,5,168837.36,135224.47,8760.32,2,44025.29,78340.91,92994.16,0.7848,3,0.3911,1,3
MFI_KE_006288,29,F,Kisumu,14,40,56,7720.25,6524.88,675.79,11,2327.15,2501.49,20730.89,0.6181,2,0.8292,1,1
MFI_KE_006289,41,M,Garissa,2,3,0,3238.52,2787.33,621.97,1,1242.25,1799.26,1121.47,0.5718,152,0.7052,1,5
MFI_KE_006290,26,F,Bomet,23,30,52,20274.63,19880.08,2397.92,9,1692.22,2592.57,15324.92,0.6349,1,0.7681,0,1
MFI_KE_006291,35,F,Kericho,14,21,15,114770.47,109642.1,5936.07,3,58653.94,58831.52,182591.0,0.9026,2,0.8741,1,2
MFI_KE_006292,26,F,Nakuru,10,26,23,81926.03,57679.76,7611.87,1,52497.21,94747.72,50911.74,0.9892,6,0.6308,0,2
MFI_KE_006293,32,F,Bungoma,5,43,56,25990.14,24165.57,3807.68,11,1645.5,2412.74,18715.34,0.6675,1,0.6489,0,1
MFI_KE_006294,23,F,Meru,15,29,23,53212.07,39546.26,16226.83,4,24565.6,33171.15,99708.33,0.9905,3,0.4076,1,2
MFI_KE_006295,23,M,Kericho,2,41,62,37187.78,28111.22,1407.65,13,8972.26,16132.85,139794.23,0.4286,1,0.9844,0,1
MFI_KE_006296,31,M,Uasin Gishu,5,44,50,9520.83,7254.38,1187.15,4,1234.74,2112.16,5901.74,0.7229,0,0.9378,1,1
MFI_KE_006297,41,M,Nairobi,3,2,4,537.39,442.83,690.87,1,658.44,951.98,703.08,0.2888,18,0.6697,0,5
MFI_KE_006298,39,F,Trans Nzoia,16,29,25,50348.56,45036.25,44477.57,1,14790.34,14945.34,17600.23,0.9469,3,0.853,0,2
MFI_KE_006299,27,F,Kisumu,27,42,56,18134.91,18295.39,3746.51,6,1565.52,2410.76,10089.83,0.7732,0,0.8159,0,1
MFI_KE_006300,39,M,Kitui,2,30,20,232897.95,198328.57,19108.42,6,173310.16,193586.59,1118543.21,0.9128,1,0.7811,0,2
MFI_KE_006301,35,F,Kericho,8,3,2,3757.91,3464.44,1486.62,0,0.0,0.0,0.0,1.0,24,0.9436,0,5
MFI_KE_006302,40,F,Uasin Gishu,16,17,20,49465.62,43816.23,8934.75,6,21848.0,24182.04,115426.14,0.9675,15,0.226,0,2
MFI_KE_006303,27,F,Nairobi,4,37,50,16323.92,12641.13,1196.07,8,2165.02,3059.73,14711.57,0.4877,0,0.9375,0,1
MFI_KE_006304,45,M,Laikipia,5,3,2,560.78,451.15,2025.74,0,0.0,0.0,0.0,1.0,238,0.9277,0,5
MFI_KE_006305,44,F,Nairobi,78,26,19,97000.51,96368.57,11123.21,2,31194.57,51168.24,68610.25,0.9827,10,0.4829,0,2
MFI_KE_006306,24,M,Nairobi,6,48,53,47070.47,46100.08,984.59,11,2091.26,2721.36,22421.46,0.4918,2,0.9552,0,1
MFI_KE_006307,31,M,Nakuru,17,28,20,40698.43,36897.28,24918.6,1,45547.67,84409.93,47443.61,0.8758,14,0.3633,0,2
MFI_KE_006308,23,F,Homa Bay,46,15,4,17968.55,17232.44,9777.48,2,60293.54,108410.9,100541.35,0.771,6,0.3224,1,3
MFI_KE_006309,52,M,Kakamega,23,26,12,106515.06,90868.34,17848.17,2,45623.7,87006.92,105260.72,0.8602,12,0.5666,0,2
MFI_KE_006310,23,M,Migori,23,39,41,9632.87,8221.86,1037.31,4,4207.49,4232.29,18787.06,0.2786,2,0.8921,0,1
MFI_KE_006311,31,F,Homa Bay,2,18,12,71655.15,58924.26,12613.71,4,50833.24,76630.55,240144.2,0.8632,16,0.5444,0,2
MFI_KE_006312,29,M,Kisumu,28,35,51,29939.82,26621.96,5835.99,7,1976.91,3014.14,13252.28,0.6021,0,0.8504,0,1
MFI_KE_006313,21,M,Kisumu,100,37,38,17216.69,13542.82,1476.66,5,1101.72,1558.96,5548.89,0.7637,0,0.9311,1,1
MFI_KE_006314,18,F,Nakuru,4,36,50,8710.0,7226.72,1749.6,11,2955.43,4473.86,38998.91,0.8005,1,0.6481,0,1
MFI_KE_006315,47,M,Meru,4,13,8,10191.8,10344.16,58292.3,3,63374.08,106179.32,166417.27,0.9681,3,0.5188,1,3
MFI_KE_006316,41,F,Murang'a,44,74,62,239877.09,232296.65,27542.17,5,181136.35,192293.26,848272.22,0.9098,7,0.6091,0,4
MFI_KE_006317,22,M,Homa Bay,15,10,6,18130.53,12779.93,1039.95,3,76717.75,92896.12,250792.53,0.6606,15,0.6053,0,3
MFI_KE_006318,39,F,Laikipia,12,28,21,73057.37,61937.76,7314.36,4,11197.85,12330.59,39647.6,0.8616,3,0.733,1,2
MFI_KE_006319,31,F,Mombasa,20,33,44,2961.0,2593.82,1359.55,9,3292.97,4859.77,31886.02,0.5258,0,0.6317,0,1
MFI_KE_006320,31,F,Nakuru,15,22,28,56528.33,50079.3,4089.43,2,28653.58,39861.19,60238.73,0.9712,2,0.865,1,2
MFI_KE_006321,19,F,Kiambu,14,45,63,54692.75,55648.21,1131.52,8,1737.42,2802.89,13283.08,0.6225,0,0.8291,1,1
MFI_KE_006322,47,M,Kericho,12,84,79,247116.7,229447.22,22134.43,6,191718.56,270358.89,1148148.25,0.8777,1,0.5046,0,4
MFI_KE_006323,31,M,Bungoma,6,21,20,142028.45,138141.24,29320.16,2,21742.46,30522.87,36353.92,0.9663,5,0.7185,1,2
MFI_KE_006324,26,F,Kisumu,11,43,38,12868.14,13427.73,1008.8,6,2181.59,2971.28,12926.37,0.8714,1,0.8757,0,1
MFI_KE_006325,31,F,Mombasa,4,37,50,23135.64,18413.75,4597.88,5,1392.63,1846.02,7520.76,0.5089,0,0.9817,0,1
MFI_KE_006326,56,F,Kisii,19,14,10,316804.59,236586.17,35336.16,0,0.0,0.0,0.0,0.7145,3,0.4349,0,3
MFI_KE_006327,21,F,Bomet,51,41,51,10234.26,8696.09,3037.92,11,1892.66,3650.89,20670.33,0.8866,0,0.9598,0,1
MFI_KE_006328,44,M,Homa Bay,36,83,70,198122.47,156498.89,30721.52,3,120203.76,150441.38,382610.27,0.8843,0,0.2607,0,4
MFI_KE_006329,21,M,Kilifi,7,49,61,21341.12,16930.17,3574.37,7,3835.36,3945.57,28158.53,0.6781,8,0.8909,0,1
MFI_KE_006330,40,M,Embu,3,24,22,83784.57,72277.86,20416.07,2,28360.12,39857.45,57490.07,0.9057,26,0.8117,0,2
MFI_KE_006331,36,M,Nakuru,1,3,3,2671.04,2223.22,581.48,0,0.0,0.0,0.0,1.0,160,0.6324,0,5
MFI_KE_006332,38,M,Murang'a,3,2,3,337.32,284.9,217.61,0,0.0,0.0,0.0,1.0,41,0.4064,0,5
MFI_KE_006333,25,M,Laikipia,7,7,2,204179.86,203024.95,1065.61,0,0.0,0.0,0.0,0.5442,12,0.2956,1,3
MFI_KE_006334,41,M,Kisii,30,76,57,293165.06,250963.24,36904.89,4,101185.68,171699.81,363861.89,0.9676,2,0.8335,0,4
MFI_KE_006335,33,F,Kisumu,25,47,50,56981.53,50171.81,164.24,6,1011.59,1174.73,5879.89,0.8799,0,0.9003,0,1
MFI_KE_006336,36,F,Kiambu,2,2,2,4011.49,4037.3,803.89,0,0.0,0.0,0.0,1.0,76,0.7291,1,5
MFI_KE_006337,22,F,Murang'a,7,7,6,31185.45,32607.43,567.11,2,48709.72,61609.92,109080.26,0.5976,30,0.4367,1,3
MFI_KE_006338,38,M,Migori,23,48,45,24823.31,21461.85,970.02,10,1307.43,1742.39,13081.69,0.8201,3,0.6027,0,1
MFI_KE_006339,42,F,Murang'a,28,5,6,30030.08,24727.54,2430.95,3,82314.9,158989.68,281115.28,0.9521,2,0.3259,1,3
MFI_KE_006340,37,F,Turkana,33,19,21,67488.79,70782.1,17161.93,4,22501.06,38778.95,102131.33,0.9964,13,0.7555,1,2
MFI_KE_006341,57,F,Migori,12,12,6,104234.14,96088.78,2005.5,2,72313.02,75764.35,148748.2,0.684,3,0.1701,0,3
MFI_KE_006342,29,F,Kilifi,3,2,2,3016.72,2870.85,2375.17,0,0.0,0.0,0.0,1.0,71,0.6998,0,5
MFI_KE_006343,44,F,Kiambu,4,68,65,197833.85,150981.88,51812.73,4,320786.86,509829.77,1363918.8,0.9065,0,0.4347,0,4
MFI_KE_006344,23,M,Nyeri,33,77,67,96931.11,86030.06,17056.3,5,246676.46,422802.03,1017604.46,0.7955,0,0.4698,0,4
MFI_KE_006345,23,M,Nairobi,3,78,78,253713.4,196093.89,74251.32,5,286329.17,465455.54,1329823.89,0.8357,11,0.6164,1,4
MFI_KE_006346,20,M,Machakos,60,47,55,35857.8,26163.73,11506.95,6,1400.25,2407.3,9967.04,0.571,1,0.9581,0,1
MFI_KE_006347,44,F,Bungoma,7,10,1,44301.76,32405.42,4150.77,1,48482.09,77932.43,56133.92,0.5608,11,0.4172,1,3
MFI_KE_006348,43,M,Meru,8,94,61,167722.26,160359.47,39237.18,4,180962.67,307424.48,615386.04,0.9128,1,0.6044,1,4
MFI_KE_006349,44,M,Garissa,19,5,5,177730.05,182948.59,1705.32,7,34916.93,48884.74,248386.68,0.7855,3,0.3088,1,3
MFI_KE_006350,43,F,Kericho,6,2,0,1153.99,1024.14,1460.13,0,0.0,0.0,0.0,1.0,30,0.5086,0,5
MFI_KE_006351,38,F,Kisii,11,81,77,176124.19,173468.09,23602.08,4,98523.75,108319.44,375719.7,0.9867,0,0.7852,1,4
MFI_KE_006352,27,F,Turkana,11,31,19,175482.23,150595.87,6098.84,2,56871.44,83781.84,116507.95,0.959,7,0.7003,1,2
MFI_KE_006353,55,F,Uasin Gishu,10,22,15,153909.39,118123.59,7522.55,3,79335.11,115350.89,217040.36,0.9222,3,0.7914,1,2
MFI_KE_006354,22,M,Mombasa,72,45,59,12579.18,11589.58,1047.03,7,1061.94,1415.49,7510.88,0.6418,1,0.9621,0,1
MFI_KE_006355,37,F,Kakamega,17,60,54,140298.55,121366.0,25478.01,4,169880.11,253142.1,666221.91,0.8228,0,0.7948,0,4
MFI_KE_006356,47,M,Kisumu,4,28,14,61910.47,47606.7,8670.59,2,22803.4,38167.44,45742.13,0.9772,2,0.7827,0,2
MFI_KE_006357,22,F,Nairobi,13,34,45,20085.87,19308.67,661.27,14,1910.75,3646.09,26730.39,0.4892,6,0.9105,0,1
MFI_KE_006358,48,M,Garissa,17,79,50,560210.9,536582.31,147408.77,2,119190.16,220507.48,197798.76,0.8833,4,0.6905,1,4
MFI_KE_006359,25,M,Nairobi,31,49,48,11968.89,12120.22,656.91,9,2429.23,4288.06,25367.12,0.4488,3,0.974,0,1
MFI_KE_006360,18,F,Machakos,4,2,2,2838.62,2517.84,843.25,0,0.0,0.0,0.0,1.0,34,0.3501,0,5
MFI_KE_006361,32,M,Laikipia,1,0,1,39126.44,32358.26,593.37,1,1494.3,2161.69,1435.45,0.7772,80,0.7283,0,5
MFI_KE_006362,24,M,Nairobi,22,46,46,40388.91,35009.12,890.49,9,2229.86,3280.27,21435.03,0.7669,0,0.7929,0,1
MFI_KE_006363,36,M,Trans Nzoia,94,68,99,46621.18,39295.08,75980.8,2,59417.62,83084.73,140631.59,0.7334,0,0.6551,1,4
MFI_KE_006364,38,F,Homa Bay,1,0,3,5268.66,5375.68,641.0,0,0.0,0.0,0.0,1.0,83,0.2978,0,5
MFI_KE_006365,55,F,Embu,42,26,27,37531.99,31845.02,12377.45,1,36453.32,62818.37,31595.42,0.9051,3,0.6587,0,2
MFI_KE_006366,24,F,Uasin Gishu,5,54,46,19126.95,16269.4,1104.21,13,1558.36,2144.45,20009.59,0.7532,0,0.6577,0,1
MFI_KE_006367,24,F,Kiambu,65,37,39,4025.13,3297.97,2783.18,7,1351.24,1476.85,9976.38,0.8793,0,0.788,0,1
MFI_KE_006368,19,F,Kiambu,3,41,49,8746.91,7534.86,3222.83,8,1560.83,1765.32,10474.07,0.6195,7,0.9979,0,1
MFI_KE_006369,31,F,Kericho,27,2,4,37516.63,31075.91,161.14,0,0.0,0.0,0.0,1.0,101,0.4713,0,5
MFI_KE_006370,31,M,Nakuru,12,35,41,27577.19,25719.03,595.35,8,3000.36,5781.21,24283.32,0.6761,11,0.7536,0,1
MFI_KE_006371,28,M,Kiambu,12,35,46,10431.25,10277.62,5055.25,9,3193.41,4081.64,26708.37,0.6273,1,0.9337,1,1
MFI_KE_006372,53,F,Kericho,9,25,15,45184.23,34458.17,12495.88,5,52408.59,72457.96,222586.72,0.9769,3,0.5753,0,2
MFI_KE_006373,46,F,Laikipia,2,25,21,28664.68,24324.45,4759.89,2,23119.95,29982.55,41403.77,0.9918,2,0.8832,0,2
MFI_KE_006374,39,M,Embu,5,3,2,1188.64,902.54,267.87,1,1213.06,2102.42,1284.56,0.7931,296,0.6879,0,5
MFI_KE_006375,20,F,Mombasa,2,46,40,13002.27,13159.77,2318.24,6,1538.59,2473.97,8887.07,0.5527,0,0.9579,0,1
MFI_KE_006376,25,M,Kisumu,5,37,48,6119.69,5122.99,4566.44,8,1911.5,2399.06,17750.93,0.6911,3,0.8439,0,1
MFI_KE_006377,38,F,Mombasa,3,82,81,206914.44,159925.69,31228.03,4,86341.0,116005.69,390444.77,0.9623,3,0.5674,0,4
MFI_KE_006378,59,F,Embu,4,2,5,43349.47,44133.98,11760.22,1,34622.97,54304.42,33790.44,0.8572,22,0.5192,1,3
MFI_KE_006379,24,F,Migori,16,50,47,12959.07,9854.32,572.95,13,2361.94,4066.89,29779.12,0.6133,2,0.8172,0,1
MFI_KE_006380,24,F,Uasin Gishu,9,52,32,12748.86,12923.28,259.64,8,4572.88,6899.22,37188.88,0.7734,2,0.8458,0,1
MFI_KE_006381,52,M,Turkana,5,19,11,139316.2,105962.67,2872.64,2,38558.72,45733.16,69778.76,0.9678,3,0.6472,1,2
MFI_KE_006382,22,M,Nairobi,20,21,22,120844.59,125678.21,15666.83,7,42405.2,78540.59,308236.15,0.8869,15,0.4891,1,2
MFI_KE_006383,32,F,Mombasa,43,44,38,13511.96,12141.59,1595.84,9,916.62,1100.84,9558.32,0.7987,0,0.8338,0,1
MFI_KE_006384,30,F,Kisumu,16,46,47,24954.38,19589.92,2037.51,11,1066.18,1980.78,12125.92,0.9508,0,0.7196,0,1
MFI_KE_006385,54,M,Nyeri,17,10,8,33945.82,24883.73,20878.73,1,73831.03,142638.54,68483.75,0.7973,13,0.2393,1,3
MFI_KE_006386,23,F,Kiambu,23,51,52,26652.96,26710.89,1943.21,6,1985.39,3377.58,12915.19,0.8136,0,0.8997,0,1
MFI_KE_006387,34,M,Kisumu,10,89,73,218752.95,216310.88,24107.78,8,104227.55,128341.87,974535.82,0.8357,1,0.7132,1,4
MFI_KE_006388,32,M,Uasin Gishu,2,2,3,374.17,265.93,653.44,0,0.0,0.0,0.0,1.0,50,0.5409,0,5
MFI_KE_006389,20,F,Turkana,13,41,37,12869.52,11073.17,2125.91,13,2330.26,2542.36,27562.55,0.5977,0,0.8094,0,1
MFI_KE_006390,32,M,Uasin Gishu,10,42,51,8454.7,6118.0,748.0,5,1032.01,1386.08,6144.37,0.8446,2,0.7297,0,1
MFI_KE_006391,24,F,Kisii,12,29,20,79095.85,59990.96,9882.63,2,23442.56,27054.7,48849.66,0.901,4,0.869,0,2
MFI_KE_006392,43,F,Murang'a,12,8,9,94597.45,77919.62,7440.43,3,72999.31,76145.67,204082.48,0.7323,8,0.518,0,3
MFI_KE_006393,60,F,Murang'a,17,9,2,390509.13,379990.35,7898.43,2,153567.89,253094.41,330389.27,0.7724,2,0.2089,0,3
MFI_KE_006394,34,M,Laikipia,10,87,79,57845.98,52087.55,66403.26,5,141804.76,271733.46,650118.0,0.7337,0,0.561,1,4
MFI_KE_006395,26,M,Kisumu,77,42,58,5001.43,4300.93,7325.23,14,3561.71,3571.27,47131.52,0.6228,0,0.8187,0,1
MFI_KE_006396,26,F,Uasin Gishu,13,31,49,5573.74,5216.14,8394.15,12,2178.06,3729.31,25716.98,0.731,0,0.8699,0,1
MFI_KE_006397,41,M,Embu,20,7,10,89757.54,84064.14,3902.64,1,76611.59,147695.93,61689.37,0.7174,12,0.6694,1,3
MFI_KE_006398,35,M,Murang'a,21,8,7,26996.8,21803.36,2159.05,2,164994.38,293574.44,389434.8,0.8023,3,0.467,0,3
MFI_KE_006399,66,M,Nyeri,10,14,5,40369.19,42167.82,2711.22,1,136833.73,218584.28,123952.5,0.7424,17,0.585,1,3
MFI_KE_006400,38,F,Nakuru,1,1,3,3051.0,2317.42,520.6,0,0.0,0.0,0.0,1.0,15,0.6088,0,5
MFI_KE_006401,62,M,Migori,1,1,6,1927.11,1603.34,827.71,2,2048.69,3720.11,4228.09,0.3867,26,0.7185,0,5
MFI_KE_006402,22,F,Kilifi,1,1,2,1751.93,1552.67,1748.72,0,0.0,0.0,0.0,1.0,80,0.6584,0,5
MFI_KE_006403,34,M,Mombasa,44,78,64,92757.13,77707.19,241686.83,8,160485.6,284146.36,1052160.41,0.789,0,0.5873,0,4
MFI_KE_006404,23,F,Uasin Gishu,2,51,53,11040.21,8611.88,6039.76,6,2894.16,5339.16,18981.44,0.8272,1,0.933,0,1
MFI_KE_006405,49,M,Migori,10,13,21,70044.9,60807.13,8711.37,2,40262.92,45110.51,96289.59,0.9953,11,0.7407,0,2
MFI_KE_006406,33,M,Embu,2,38,47,7020.66,5672.14,2122.07,5,2286.96,2847.5,9995.61,0.7824,2,0.9632,0,1
MFI_KE_006407,45,F,Kericho,12,82,57,136523.75,142008.67,29334.6,3,336810.41,519495.65,1016486.02,0.9545,2,0.5257,1,4
MFI_KE_006408,51,F,Embu,3,7,6,128467.53,90036.14,2253.51,1,70436.25,104468.52,81411.54,0.878,5,0.6635,1,3
MFI_KE_006409,46,M,Turkana,6,77,82,516633.3,496052.91,34600.1,10,307630.12,543515.16,3281654.84,0.9338,0,0.4949,0,4
MFI_KE_006410,42,F,Meru,23,28,20,138875.58,103484.02,16116.18,0,0.0,0.0,0.0,0.9466,2,0.7315,0,2
MFI_KE_006411,29,M,Garissa,7,5,6,47831.23,46036.11,6690.56,2,134731.54,245989.89,264127.8,0.7737,17,0.6556,1,3
MFI_KE_006412,21,F,Uasin Gishu,45,44,53,7621.05,6147.25,1884.64,5,4349.02,5147.06,24527.76,0.7004,1,0.8189,0,1
MFI_KE_006413,46,F,Turkana,14,93,79,254916.44,249172.1,24952.09,6,286905.82,506575.24,1521058.44,0.9005,0,0.4847,0,4
MFI_KE_006414,46,F,Murang'a,4,8,3,20875.7,21241.52,11863.37,6,128416.94,243032.77,651838.04,0.6731,13,0.3328,1,3
MFI_KE_006415,61,F,Machakos,7,7,7,110156.92,89175.31,1944.3,4,64303.02,69905.65,298455.48,0.6844,8,0.6261,1,3
MFI_KE_006416,24,F,Nairobi,2,2,1,1232.82,962.08,1401.67,0,0.0,0.0,0.0,1.0,98,0.5907,0,5
MFI_KE_006417,42,M,Laikipia,19,21,15,28684.29,22271.12,3944.92,2,34553.75,37574.11,77489.78,0.9689,9,0.6043,0,2
MFI_KE_006418,26,F,Nairobi,25,44,38,15248.73,11877.06,1334.61,9,1620.42,1750.03,14565.88,0.7679,1,0.9686,0,1
MFI_KE_006419,18,M,Homa Bay,3,48,50,6045.95,5483.87,6287.1,9,2095.33,2584.15,18189.71,0.8468,0,0.7918,0,1
MFI_KE_006420,43,M,Bomet,1,6,1,3350.83,2561.83,1360.05,0,0.0,0.0,0.0,1.0,73,0.7786,0,5
MFI_KE_006421,32,M,Kiambu,49,27,21,20908.57,15115.54,26571.78,4,22222.2,30936.09,97586.94,0.9725,5,0.4473,0,2
MFI_KE_006422,28,F,Kilifi,6,65,78,174675.42,125815.9,52497.11,6,208073.62,392959.15,1365328.1,0.9505,8,0.5239,1,4
MFI_KE_006423,52,F,Kilifi,14,4,9,130889.01,126802.47,4333.78,2,50425.21,100076.95,89082.15,0.6635,11,0.4061,1,3
MFI_KE_006424,24,M,Meru,4,42,46,60554.24,44186.14,712.81,6,6076.17,11929.25,42500.24,0.723,4,0.5785,0,1
MFI_KE_006425,37,F,Bungoma,38,42,49,53925.61,53912.73,2781.43,8,1258.21,1259.64,11053.53,0.4798,3,0.803,0,1
MFI_KE_006426,46,F,Migori,2,81,62,332281.78,266302.01,15202.59,4,312608.43,421125.0,1338972.91,0.8785,6,0.6986,0,4
MFI_KE_006427,34,F,Kisii,7,7,5,69818.13,54955.98,6004.16,3,104993.28,154050.28,348333.31,0.607,6,0.1905,0,3
MFI_KE_006428,65,M,Bungoma,55,7,2,517220.87,524954.85,6731.56,2,49826.61,74639.3,106607.22,0.8815,10,0.6478,1,3
MFI_KE_006429,38,F,Kisumu,23,31,18,73853.29,73097.06,73181.17,4,50736.87,71477.68,165582.24,0.8569,26,0.3303,0,2
MFI_KE_006430,35,F,Uasin Gishu,10,17,31,45654.0,40437.68,11844.66,0,0.0,0.0,0.0,0.9728,12,0.6979,0,2
MFI_KE_006431,18,M,Mombasa,18,37,46,3871.15,3445.37,2166.79,7,4107.81,7831.7,34063.55,0.7582,0,0.6842,0,1
MFI_KE_006432,30,M,Kisumu,30,41,51,9077.1,8550.12,1089.33,9,1084.82,1370.24,10770.96,0.5676,0,0.7307,0,1
MFI_KE_006433,30,M,Garissa,1,2,1,5795.51,4156.04,475.0,1,1148.02,1781.59,1075.69,0.7984,16,0.4871,0,5
MFI_KE_006434,37,F,Kiambu,34,28,22,48409.84,50597.35,10126.93,2,28655.94,50191.07,64253.24,0.9946,4,0.8137,0,2
MFI_KE_006435,23,F,Bungoma,18,37,46,23854.45,24888.91,6693.59,9,881.36,1499.71,9232.44,0.5935,3,0.89,0,1
MFI_KE_006436,25,F,Kericho,2,65,65,417434.39,327786.6,15069.44,5,531054.14,892232.69,2824075.21,0.6358,1,0.5311,0,4
MFI_KE_006437,30,M,Kiambu,12,39,50,6059.89,5242.6,7469.38,6,2550.61,3673.3,14393.98,0.7004,5,0.7192,0,1
MFI_KE_006438,29,F,Mombasa,97,29,20,67033.29,54612.11,21643.99,5,46941.93,92629.51,193412.16,0.9651,17,0.6861,1,2
MFI_KE_006439,46,M,Kitui,7,73,75,504029.43,382411.49,39844.52,3,189689.34,224867.74,600785.74,0.8601,1,0.4921,1,4
MFI_KE_006440,53,F,Laikipia,7,5,2,21239.45,20646.57,6267.74,5,48363.02,62923.74,276735.97,0.8274,10,0.4717,0,3
MFI_KE_006441,33,F,Bungoma,17,14,20,111514.68,78995.15,4984.98,1,30952.82,43153.6,27999.26,0.8749,23,0.492,1,2
MFI_KE_006442,25,F,Laikipia,4,11,7,159680.46,147643.82,15594.03,3,45275.2,79716.17,128399.24,0.9388,2,0.6814,1,3
MFI_KE_006443,28,M,Kericho,3,32,11,48961.02,39528.99,35233.1,2,53314.74,101477.7,107503.38,0.7552,1,0.6461,0,2
MFI_KE_006444,28,M,Mombasa,38,29,19,79703.41,57230.33,25824.8,2,91218.15,156985.63,162902.27,0.9205,3,0.3911,0,2
MFI_KE_006445,32,F,Nyeri,2,22,11,20233.39,14201.08,6933.24,1,23095.78,41714.92,24612.62,0.9826,4,0.7659,0,2
MFI_KE_006446,28,F,Kisumu,4,29,17,42159.25,38885.33,7797.43,5,30512.98,50055.59,160946.86,0.9448,19,0.4006,1,2
MFI_KE_006447,23,F,Mombasa,10,45,53,51880.3,41743.77,3299.96,9,2259.03,3511.68,17059.14,0.4586,0,0.9755,0,1
MFI_KE_006448,30,F,Kakamega,25,40,62,18041.73,17210.66,3257.71,14,3288.78,4417.82,50273.28,0.5388,0,0.9625,0,1
MFI_KE_006449,44,M,Kakamega,54,73,72,607360.48,601365.54,24519.8,5,141243.21,275994.09,704026.83,0.8281,1,0.6373,0,4
MFI_KE_006450,20,F,Kisumu,14,44,46,41078.08,39848.47,2646.51,6,1586.16,3020.18,8412.79,0.466,2,0.8924,1,1
MFI_KE_006451,23,M,Turkana,23,45,58,13362.15,13627.37,1211.82,10,5283.74,7853.98,56200.07,0.6569,0,0.8617,1,1
MFI_KE_006452,29,M,Migori,8,10,3,105793.22,84223.12,46183.33,6,75073.18,107042.04,408776.67,0.8366,7,0.5108,0,3
MFI_KE_006453,73,F,Kericho,4,7,7,34020.45,35497.83,5923.15,2,78903.83,127407.77,161652.64,0.6887,10,0.532,1,3
MFI_KE_006454,44,F,Meru,19,10,10,20666.14,17055.27,8045.58,1,67828.35,69277.89,65975.14,0.629,2,0.2487,1,3
MFI_KE_006455,27,F,Migori,19,40,57,9199.58,7521.71,3173.15,9,1124.63,2004.5,9454.42,0.6721,1,0.661,1,1
MFI_KE_006456,33,M,Meru,8,5,6,56209.51,40624.94,4193.09,0,0.0,0.0,0.0,0.9206,13,0.5973,1,3
MFI_KE_006457,30,F,Uasin Gishu,3,43,52,3292.01,2924.17,749.35,7,1202.47,1427.3,8598.88,0.9037,0,0.9892,0,1
MFI_KE_006458,37,M,Embu,5,21,17,110604.5,80354.69,8844.01,2,85627.58,135203.69,159051.92,0.9002,1,0.7693,0,2
MFI_KE_006459,75,F,Embu,41,9,6,27455.51,23801.78,6996.9,3,81023.33,93297.96,198291.55,0.8388,6,0.6129,1,3
MFI_KE_006460,31,M,Uasin Gishu,3,2,5,2244.86,2181.71,448.71,1,3580.65,5779.8,2924.66,0.4723,113,0.9048,0,5
MFI_KE_006461,28,F,Uasin Gishu,4,30,52,51427.26,36019.63,3780.26,8,2831.92,5419.41,25332.9,0.5758,1,0.896,0,1
MFI_KE_006462,57,F,Kisii,7,10,8,98219.01,96919.68,7177.25,2,39685.43,66413.75,75714.04,0.6908,5,0.4298,1,3
MFI_KE_006463,23,F,Mombasa,12,44,50,12352.88,12135.9,3049.73,6,963.85,1694.04,4745.59,0.4357,0,0.9377,0,1
MFI_KE_006464,25,M,Murang'a,21,35,61,7665.26,7401.31,174.4,4,1290.3,1509.87,4717.77,0.479,0,0.8524,0,1
MFI_KE_006465,57,F,Kitui,2,6,4,250945.85,235591.04,4363.65,0,0.0,0.0,0.0,0.6793,1,0.5444,1,3
MFI_KE_006466,36,F,Machakos,6,9,4,36183.3,28960.55,1404.26,2,56151.82,89208.45,107664.03,0.6054,17,0.5622,0,3
MFI_KE_006467,24,F,Uasin Gishu,7,42,54,6704.55,5528.57,4123.21,5,4180.61,7226.43,24953.6,0.5363,7,0.5982,0,1
MFI_KE_006468,55,F,Meru,16,7,5,54069.08,43788.28,4055.81,2,90278.81,147291.36,204009.43,0.5886,15,0.1856,1,3
MFI_KE_006469,30,F,Meru,3,0,7,20163.02,16240.68,539.52,1,1275.44,1745.76,1246.16,0.698,44,0.827,0,5
MFI_KE_006470,50,F,Machakos,44,9,9,37636.07,38070.64,6707.41,2,184140.47,344996.52,345096.05,0.5277,14,0.4342,0,3
MFI_KE_006471,26,F,Nairobi,28,44,55,3987.55,2944.75,6549.54,11,2688.92,4876.73,25391.05,0.7559,0,0.9149,0,1
MFI_KE_006472,43,F,Turkana,11,25,22,27827.68,23839.94,17668.09,3,15651.95,23977.24,52887.76,0.9797,6,0.4447,0,2
MFI_KE_006473,29,M,Nakuru,34,22,22,49282.23,51166.64,8751.43,4,78104.06,129111.7,319264.21,0.9152,7,0.8305,1,2
MFI_KE_006474,22,M,Homa Bay,6,13,8,69992.58,51520.35,6500.39,3,43328.77,74875.29,145734.87,0.7087,1,0.326,0,3
MFI_KE_006475,24,F,Nairobi,4,52,42,11259.93,9767.54,2475.85,5,1848.08,3675.0,10106.7,0.1789,2,0.6279,0,1
MFI_KE_006476,54,M,Kericho,1,2,4,6756.7,5634.53,733.36,0,0.0,0.0,0.0,1.0,33,0.604,0,5
MFI_KE_006477,26,M,Uasin Gishu,18,38,48,11440.82,9535.98,4875.26,4,1585.6,2999.32,5296.44,0.528,4,0.5385,0,1
MFI_KE_006478,51,F,Bomet,4,26,20,180912.47,149737.77,19658.51,3,25390.42,29849.22,75196.72,0.9938,8,0.5766,1,2
MFI_KE_006479,33,F,Bomet,9,0,3,1405.81,1403.81,703.19,0,0.0,0.0,0.0,1.0,122,0.6188,0,5
MFI_KE_006480,55,F,Kitui,7,27,23,74626.78,62679.08,6136.84,5,42369.78,55853.62,203335.03,0.9638,28,0.5635,0,2
MFI_KE_006481,34,M,Machakos,6,88,62,663491.04,647852.0,15726.29,3,205900.58,319268.67,609329.38,0.8049,1,0.4715,0,4
MFI_KE_006482,28,M,Bungoma,2,8,8,36091.14,29162.88,2241.04,0,0.0,0.0,0.0,0.8796,3,0.4284,0,3
MFI_KE_006483,22,M,Migori,37,45,56,20317.09,18329.05,2990.11,5,2526.58,3611.69,14661.04,0.8752,1,0.7748,1,1
MFI_KE_006484,22,M,Laikipia,7,6,4,34304.73,34737.62,1621.63,1,82554.0,151701.79,92820.3,0.6562,25,0.4937,1,3
MFI_KE_006485,18,F,Kiambu,1,2,4,1487.47,1368.36,468.77,1,980.3,1134.8,990.37,0.3009,33,0.6209,0,5
MFI_KE_006486,30,F,Nairobi,11,27,28,164510.61,134357.84,8975.39,2,43372.32,44835.29,103085.81,0.7672,4,0.4743,0,2
MFI_KE_006487,23,M,Nakuru,22,39,60,9317.47,8929.16,6610.0,7,1762.44,2037.62,11145.2,0.3757,1,0.8006,0,1
MFI_KE_006488,46,F,Meru,29,6,6,22257.39,16416.56,3156.12,3,38120.06,62041.13,124751.17,0.7237,1,0.6303,0,3
MFI_KE_006489,60,F,Turkana,3,10,8,69659.83,61781.39,2288.78,2,35437.39,66799.08,70593.99,0.6184,5,0.4342,1,3
MFI_KE_006490,26,M,Kiambu,41,29,45,8822.37,8021.5,1657.14,3,1415.74,2010.81,3865.92,0.8101,0,0.922,0,1
MFI_KE_006491,37,F,Bungoma,19,76,71,363327.02,325654.4,12681.79,6,115340.09,123220.39,571894.09,0.9707,0,0.2972,0,4
MFI_KE_006492,18,F,Nakuru,39,49,59,61552.12,61479.1,1729.99,13,1390.11,2329.35,20081.78,0.6659,1,0.8691,0,1
MFI_KE_006493,48,M,Turkana,1,3,4,361.93,329.69,1495.46,0,0.0,0.0,0.0,1.0,244,0.6592,0,5
MFI_KE_006494,27,M,Kericho,37,30,41,7976.49,6367.3,758.88,4,5770.55,11453.55,25183.0,0.8146,4,0.9077,1,1
MFI_KE_006495,36,F,Kilifi,31,29,16,23961.67,24824.12,40771.82,1,16007.84,29995.27,14027.01,0.9792,1,0.4582,1,2
MFI_KE_006496,38,F,Mombasa,2,18,22,92847.66,75262.79,46068.03,1,43813.1,76367.18,52260.47,0.98,3,0.8198,1,2
MFI_KE_006497,50,M,Kitui,12,22,22,61625.33,62682.61,25195.46,9,26208.21,48495.22,219472.49,0.9542,4,0.4438,0,2
MFI_KE_006498,66,M,Homa Bay,35,3,6,52266.2,49668.37,5372.23,3,38294.58,71322.84,95149.31,0.4223,3,0.5653,0,3
MFI_KE_006499,31,M,Migori,26,17,18,44746.27,35245.39,30323.83,3,17022.98,20892.7,52133.78,0.9812,10,0.915,0,2
MFI_KE_006500,55,F,Garissa,31,8,7,41659.33,30440.87,3846.74,2,93515.14,107749.62,217843.13,0.7745,2,0.5148,0,3
MFI_KE_006501,23,F,Kilifi,26,30,13,28474.52,21724.15,9087.01,2,30534.26,43213.0,53408.52,0.9653,2,0.7854,0,2
MFI_KE_006502,50,F,Turkana,22,30,20,72124.32,50575.22,8219.33,1,25348.52,27254.6,25936.36,0.9933,7,0.4002,0,2
MFI_KE_006503,47,F,Kakamega,10,72,61,571880.68,438938.32,14990.31,7,111536.71,192084.23,904188.45,0.9386,5,0.5732,1,4
MFI_KE_006504,39,M,Kisii,32,20,19,70543.65,56432.38,9367.56,2,23088.18,42961.09,39797.19,0.9586,1,0.6602,0,2
MFI_KE_006505,33,M,Machakos,1,0,5,878.33,682.06,126.95,0,0.0,0.0,0.0,1.0,51,0.707,0,5
MFI_KE_006506,21,F,Meru,51,47,57,3505.49,3456.23,1477.46,8,1798.75,2128.01,16372.89,0.6679,9,0.7881,0,1
MFI_KE_006507,67,F,Kericho,4,6,4,56686.73,54123.03,6018.27,5,133329.8,170898.28,708395.52,0.596,16,0.3282,1,3
MFI_KE_006508,39,M,Uasin Gishu,13,72,76,856710.64,749886.57,21093.6,7,294704.21,565486.54,2191161.47,0.7685,2,0.7419,1,4
MFI_KE_006509,26,M,Kisumu,9,23,33,29024.39,25420.81,4108.27,1,13258.32,19365.87,12160.35,0.7936,3,0.7001,0,2
MFI_KE_006510,31,F,Kericho,4,6,4,14946.42,15471.7,4344.25,3,59821.11,84389.99,171570.32,0.5578,17,0.7617,1,3
MFI_KE_006511,57,M,Garissa,12,8,5,158310.41,138358.57,1322.07,3,33343.38,38316.34,89117.34,0.778,6,0.5805,1,3
MFI_KE_006512,42,F,Bomet,8,1,2,437.1,416.86,1133.36,3,3611.12,5630.68,8746.96,0.0955,10,0.829,0,5
MFI_KE_006513,23,M,Kiambu,8,39,48,5717.97,5189.25,2663.64,14,3722.91,6293.58,47787.79,0.7551,1,0.6474,0,1
MFI_KE_006514,31,M,Migori,7,8,3,208605.03,213661.69,405.66,3,48479.25,68048.0,129200.15,0.7567,16,0.7187,0,3
MFI_KE_006515,48,M,Kilifi,5,24,19,222020.55,179932.46,5537.33,2,51503.31,70683.23,117273.93,0.9585,6,0.7275,0,2
MFI_KE_006516,42,M,Homa Bay,6,7,7,35344.09,33092.61,1844.17,5,94706.46,136440.63,480408.68,0.6646,3,0.5153,0,3
MFI_KE_006517,19,F,Uasin Gishu,54,44,42,12434.27,9578.67,2038.47,7,1902.0,2612.72,14350.99,0.5903,9,0.6118,1,1
MFI_KE_006518,20,F,Kiambu,6,30,53,38655.62,32563.52,5614.03,13,1581.0,1628.08,17009.77,0.6841,2,0.8957,0,1
MFI_KE_006519,27,M,Kitui,11,2,3,23440.08,22088.99,572.7,1,870.67,1684.57,787.05,0.7031,67,0.6458,0,5
MFI_KE_006520,36,M,Trans Nzoia,13,72,79,358294.02,344126.67,54872.0,7,121426.33,156846.11,723048.46,0.9219,0,0.3392,1,4
MFI_KE_006521,42,F,Kisii,33,25,19,36211.52,34555.8,23436.25,3,47349.89,65933.33,116100.43,0.9887,6,0.6694,0,2
MFI_KE_006522,36,M,Murang'a,6,29,14,169271.13,161378.48,19918.34,3,43917.28,85218.68,115340.74,0.9926,3,0.5409,0,2
MFI_KE_006523,28,F,Homa Bay,23,22,17,184056.08,159244.91,10069.28,3,40194.33,79595.52,140778.8,0.9633,13,0.4094,0,2
MFI_KE_006524,49,M,Turkana,6,5,4,80054.81,56548.39,3650.38,1,93640.14,128080.64,99871.44,0.8152,6,0.4155,1,3
MFI_KE_006525,30,M,Uasin Gishu,15,49,54,5802.94,5578.7,5248.17,8,1347.76,2020.82,12588.16,0.7215,3,0.589,1,1
MFI_KE_006526,27,M,Uasin Gishu,9,45,50,19398.74,14973.64,205.59,10,2747.67,3191.39,30546.82,0.7968,5,0.8355,0,1
MFI_KE_006527,42,F,Machakos,12,21,21,63796.13,48767.71,18252.36,1,37644.85,58332.28,32185.27,0.8974,18,0.5535,0,2
MFI_KE_006528,28,M,Kiambu,11,41,56,62192.5,60162.21,1647.48,6,3970.57,7797.3,21969.19,0.5972,2,0.8083,0,1
MFI_KE_006529,33,M,Nakuru,68,38,46,16365.11,12340.94,794.51,10,3386.87,4438.7,32053.19,0.7089,2,0.827,0,1
MFI_KE_006530,29,M,Kitui,8,21,22,52606.62,48001.14,15564.32,3,65511.4,124225.52,159728.02,0.9702,11,0.48,0,2
MFI_KE_006531,26,F,Homa Bay,4,18,25,48566.87,36947.62,3628.86,2,34341.11,53037.55,58582.96,0.9194,9,0.7526,1,2
MFI_KE_006532,18,M,Murang'a,44,38,46,7760.1,6383.16,904.88,10,1533.03,1648.04,12844.75,0.7294,5,0.9834,0,1
MFI_KE_006533,24,F,Mombasa,31,35,52,1226.28,1248.18,462.27,7,1830.81,3006.81,13903.86,0.7829,1,0.8354,0,1
MFI_KE_006534,32,M,Mombasa,14,43,41,6711.31,6508.15,636.45,11,2595.8,2927.49,23490.93,0.6247,4,0.8806,0,1
MFI_KE_006535,48,M,Embu,3,7,4,31608.35,32896.65,27157.3,2,44620.17,87992.13,103209.22,0.6902,18,0.3744,1,3
MFI_KE_006536,38,M,Kakamega,26,22,26,281320.15,280393.89,42720.66,3,34600.86,39896.61,89296.69,0.9907,8,0.8583,0,2
MFI_KE_006537,58,M,Trans Nzoia,22,10,5,46835.14,37160.62,1178.5,3,57617.63,97828.22,139364.25,0.8844,13,0.2536,0,3
MFI_KE_006538,31,F,Kiambu,2,23,41,6542.58,6658.42,1427.82,4,1490.85,2042.08,4848.67,0.5749,1,0.9833,0,1
MFI_KE_006539,51,M,Embu,32,17,18,39441.15,40525.64,15900.65,4,124526.49,244864.32,538730.72,0.984,5,0.7194,0,2
MFI_KE_006540,26,M,Embu,1,1,1,5777.2,4101.44,297.03,1,1637.57,2855.15,1543.82,0.6586,24,0.3952,0,5
MFI_KE_006541,29,M,Kisumu,45,47,48,44477.35,46618.76,2450.69,10,1680.54,2933.32,19926.16,0.5306,4,0.9356,0,1
MFI_KE_006542,37,M,Kisumu,18,48,48,3687.33,3736.86,4621.48,5,2662.61,4896.18,13898.49,0.5931,0,0.8524,0,1
MFI_KE_006543,34,F,Embu,19,9,12,16124.64,15599.59,3662.43,2,68483.27,104139.0,134767.51,0.4615,2,0.2177,1,3
MFI_KE_006544,40,F,Garissa,24,27,61,13718.93,13315.58,7893.74,9,2961.63,4039.51,26848.66,0.7376,7,0.9461,0,1
MFI_KE_006545,29,M,Mombasa,28,86,75,96773.11,69926.9,94708.89,9,174622.77,184043.61,1409895.9,0.8734,1,0.3405,1,4
MFI_KE_006546,36,M,Kisumu,2,37,55,11809.0,8565.73,783.34,5,1311.67,1446.63,7309.95,0.7668,1,0.8962,0,1
MFI_KE_006547,19,M,Kiambu,13,53,47,3501.51,3556.76,4391.93,5,2867.51,5284.51,17154.06,0.7639,3,0.9208,0,1
MFI_KE_006548,32,F,Nairobi,5,20,13,55404.03,48640.8,16519.06,5,66353.5,92826.9,276000.19,0.9924,1,0.7866,0,2
MFI_KE_006549,39,F,Laikipia,28,8,7,227180.98,167384.61,1663.51,0,0.0,0.0,0.0,0.7307,6,0.3579,1,3
MFI_KE_006550,45,F,Kericho,11,26,22,44416.71,41488.21,10791.97,4,21263.86,23213.06,89352.74,0.9738,15,0.7231,1,2
MFI_KE_006551,34,M,Kericho,5,7,4,2379.37,1973.06,664.81,0,0.0,0.0,0.0,1.0,67,0.6221,0,5
MFI_KE_006552,48,F,Murang'a,21,6,6,19096.97,15295.4,11716.53,6,34503.07,36058.03,186693.0,0.8433,1,0.349,0,3
MFI_KE_006553,44,F,Migori,2,7,5,199124.36,166565.9,9929.21,0,0.0,0.0,0.0,0.6956,4,0.5036,0,3
MFI_KE_006554,32,M,Meru,4,25,19,44809.19,42046.07,19301.01,3,49871.39,79723.49,134864.72,0.8934,8,0.8705,0,2
MFI_KE_006555,58,M,Kericho,4,8,9,53853.85,37879.99,7270.38,3,90291.42,176330.66,305529.85,0.835,1,0.2787,1,3
MFI_KE_006556,27,F,Mombasa,17,91,68,499441.26,442540.56,75353.91,7,250825.11,432813.76,1432890.27,0.8047,1,0.7882,1,4
MFI_KE_006557,31,F,Mombasa,27,35,50,18205.82,17215.83,1876.0,8,2439.91,3931.06,16602.66,0.8285,0,0.9024,1,1
MFI_KE_006558,40,M,Trans Nzoia,17,21,14,36081.58,33932.3,9378.49,5,44329.12,46828.39,185103.17,0.9443,14,0.8035,1,2
MFI_KE_006559,26,M,Meru,18,41,69,5216.04,4521.67,2698.21,13,2898.7,4792.09,45191.39,0.6124,1,0.7814,0,1
MFI_KE_006560,34,F,Nakuru,58,49,45,5915.64,5193.95,3533.7,15,943.93,1687.51,16279.86,0.7504,5,0.8904,0,1
MFI_KE_006561,26,F,Kilifi,14,53,43,21079.78,19431.31,846.19,6,1915.76,2121.4,9586.85,0.3546,2,0.9688,0,1
MFI_KE_006562,30,M,Nairobi,52,47,41,4012.04,4056.86,3719.43,8,900.09,913.98,7510.92,0.7234,1,0.3914,0,1
MFI_KE_006563,22,F,Trans Nzoia,9,16,20,61311.16,52122.67,11913.76,3,68653.96,109153.76,237817.69,0.9513,4,0.8142,1,2
MFI_KE_006564,30,F,Kiambu,37,39,49,25964.95,18865.75,2351.3,10,2475.42,2818.76,22545.66,0.3606,0,0.9317,0,1
MFI_KE_006565,22,F,Nyeri,3,82,54,510848.14,452312.13,46159.46,2,100113.83,180275.17,209255.79,0.7868,1,0.6459,0,4
MFI_KE_006566,22,F,Kisumu,19,44,59,11536.67,8705.98,1552.88,5,5978.78,7627.66,27662.51,0.6913,2,0.7161,0,1
MFI_KE_006567,30,F,Nakuru,40,41,59,15369.15,12706.59,3814.92,6,2546.52,3412.43,16936.82,0.6317,2,0.8974,0,1
MFI_KE_006568,20,M,Kisumu,6,39,45,8102.84,6008.83,634.88,4,2471.33,4002.78,11175.93,0.4207,3,0.9007,0,1
MFI_KE_006569,18,F,Kilifi,11,41,42,8025.31,6817.36,1739.97,10,2335.99,2987.56,25666.95,0.5092,0,0.8406,0,1
MFI_KE_006570,38,M,Meru,15,31,18,86824.96,69655.21,136706.39,2,53489.11,90322.96,91735.97,0.9993,1,0.6378,1,2
MFI_KE_006571,25,F,Uasin Gishu,27,41,50,13683.55,12980.78,3927.29,6,1594.72,2060.23,9002.43,0.6528,1,0.9671,0,1
MFI_KE_006572,43,M,Murang'a,8,8,10,87675.6,67875.33,10801.6,2,59730.76,105922.45,123447.66,0.8336,11,0.2303,1,3
MFI_KE_006573,44,M,Kisumu,8,18,29,76004.96,68938.06,11763.98,4,23475.43,37732.16,106157.54,0.9897,29,0.8147,0,2
MFI_KE_006574,18,M,Kericho,7,0,2,1011.69,854.34,1528.53,1,1492.82,2923.42,1551.71,0.2764,34,0.796,0,5
MFI_KE_006575,56,F,Machakos,15,5,5,732385.63,691811.8,6484.28,0,0.0,0.0,0.0,0.7594,5,0.5065,1,3
MFI_KE_006576,34,F,Kisii,33,7,11,36158.69,27240.18,1923.31,3,49839.71,50233.39,178345.61,0.8499,5,0.594,1,3
MFI_KE_006577,32,F,Kilifi,8,33,59,48154.66,33759.42,1164.14,9,1191.85,1652.7,11314.92,0.8381,8,0.7091,0,1
MFI_KE_006578,35,F,Turkana,27,24,19,60387.61,53497.45,44574.72,2,24858.0,32501.43,57766.5,0.9429,3,0.7395,1,2
MFI_KE_006579,45,F,Kakamega,21,19,21,65022.97,60645.97,10933.21,3,40359.17,59959.53,101095.94,0.9903,5,0.5288,0,2
MFI_KE_006580,29,M,Nakuru,16,34,46,9695.34,7734.95,1405.27,5,2738.09,3174.5,13514.55,0.7705,2,0.9289,0,1
MFI_KE_006581,21,F,Nairobi,47,29,55,6747.57,6253.22,5726.88,9,1689.64,1818.38,14656.67,0.701,3,0.9209,0,1
MFI_KE_006582,34,F,Embu,26,29,11,107403.66,82780.53,6696.76,3,91380.69,119313.61,298880.77,0.9927,8,0.788,0,2
MFI_KE_006583,34,F,Mombasa,11,34,20,29501.57,28305.07,11175.91,3,40298.75,53994.91,132584.78,0.8944,10,0.816,1,2
MFI_KE_006584,38,F,Kitui,18,81,72,583521.49,461568.23,16478.89,4,142616.37,237002.93,577243.28,0.845,5,0.5086,0,4
MFI_KE_006585,27,F,Nakuru,76,83,61,181840.07,176503.0,67545.1,3,130326.28,134590.32,314488.16,0.9651,0,0.8194,1,4
MFI_KE_006586,24,M,Kisumu,6,38,60,7891.87,8205.66,1835.01,6,3493.85,4875.62,24326.44,0.5325,0,0.8299,0,1
MFI_KE_006587,30,F,Mombasa,5,3,3,3738.28,3362.47,1216.56,1,2068.14,2133.53,2033.04,0.3234,56,0.6486,0,5
MFI_KE_006588,33,F,Murang'a,33,58,84,339868.97,295698.74,24642.84,2,72776.98,119417.79,132769.55,0.9117,1,0.7197,1,4
MFI_KE_006589,47,F,Laikipia,10,7,6,79571.36,61087.65,3601.71,3,80377.24,122377.52,219550.98,0.7904,15,0.3982,1,3
MFI_KE_006590,37,F,Turkana,8,9,5,160914.19,162605.46,14113.93,2,96629.13,121468.99,214197.79,0.6221,1,0.5275,1,3
MFI_KE_006591,21,F,Uasin Gishu,13,37,45,10955.93,9767.56,536.37,11,1770.71,3303.5,20560.59,0.6099,2,0.9651,0,1
MFI_KE_006592,40,M,Meru,5,9,4,68284.1,57790.44,4298.93,1,46242.92,67924.13,48634.52,0.9298,6,0.1195,1,3
MFI_KE_006593,23,M,Nairobi,34,38,43,39851.7,31352.5,3271.21,9,2383.78,4037.46,17322.03,0.6712,2,0.7321,0,1
MFI_KE_006594,37,M,Meru,8,8,7,150445.52,130720.41,12480.51,1,57685.32,88911.37,52955.24,0.5743,5,0.3415,0,3
MFI_KE_006595,33,F,Mombasa,5,30,59,19758.56,16121.12,2679.17,7,3290.28,6421.27,25316.57,0.5405,3,0.7857,0,1
MFI_KE_006596,22,M,Migori,17,10,5,404102.71,311554.41,14569.59,3,49650.59,55892.99,143470.31,0.8986,12,0.6663,0,3
MFI_KE_006597,40,M,Garissa,15,6,9,20955.5,17903.75,2195.0,2,143146.39,217034.15,301833.13,0.9311,3,0.6528,0,3
MFI_KE_006598,46,F,Kericho,17,96,73,171192.61,148444.55,32427.77,3,198337.44,275788.25,660599.95,0.9069,6,0.5171,0,4
MFI_KE_006599,48,F,Nyeri,18,82,67,258997.89,182965.21,7610.23,3,103464.66,197009.14,336954.64,0.9748,0,0.5997,1,4
MFI_KE_006600,44,F,Machakos,4,27,18,255993.71,204000.75,11923.13,4,105671.04,133286.48,432803.22,0.9862,11,0.7527,0,2
MFI_KE_006601,27,F,Uasin Gishu,7,34,56,37285.06,32057.97,885.93,8,1615.59,1680.13,13591.26,0.8131,0,0.9725,0,1
MFI_KE_006602,42,M,Turkana,4,25,22,210319.85,193954.76,5775.62,1,25789.13,43921.8,24864.36,0.9239,6,0.4795,0,2
MFI_KE_006603,42,M,Bomet,3,3,3,4751.55,4223.47,104.87,0,0.0,0.0,0.0,1.0,30,0.5974,0,5
MFI_KE_006604,26,F,Kisumu,35,37,54,16190.48,12038.04,5765.5,17,2714.31,4693.48,55133.18,0.6861,0,0.8461,0,1
MFI_KE_006605,30,F,Kiambu,20,39,36,3057.43,2577.01,269.38,4,4520.81,8964.2,16585.17,0.4324,0,0.8853,0,1
MFI_KE_006606,28,F,Kakamega,54,76,69,528045.55,487228.67,16578.08,7,183420.01,357760.82,1399441.0,0.8365,0,0.8724,1,4
MFI_KE_006607,39,M,Nairobi,9,21,16,29932.16,28206.48,26540.63,4,32861.9,39397.78,125548.92,0.9919,9,0.7467,0,2
MFI_KE_006608,34,M,Kisumu,32,30,49,9226.48,9586.46,4673.06,7,1774.93,2663.58,12667.03,0.7463,6,0.7848,0,1
MFI_KE_006609,29,M,Kericho,2,64,67,165116.88,138272.37,46263.1,6,72985.02,132773.21,416240.36,0.9366,0,0.4332,0,4
MFI_KE_006610,22,F,Kiambu,9,42,49,16609.43,15730.54,350.13,15,2076.0,2709.17,28842.64,0.8675,2,0.5845,0,1
MFI_KE_006611,48,F,Nyeri,3,1,2,3773.91,2946.0,1283.43,1,1859.23,2887.06,2220.23,0.2141,44,0.604,0,5
MFI_KE_006612,23,M,Nairobi,23,44,45,26694.57,26783.08,1627.36,8,2715.98,5296.84,24996.8,0.8388,0,0.9226,0,1
MFI_KE_006613,18,M,Bomet,2,3,1,1962.34,1865.11,604.38,0,0.0,0.0,0.0,1.0,12,0.6484,0,5
MFI_KE_006614,20,F,Kiambu,5,37,50,6075.99,4492.46,854.64,10,4212.23,4387.44,41176.03,0.6102,2,0.7222,1,1
MFI_KE_006615,34,F,Kisii,75,9,7,277721.4,283264.89,6039.27,3,87056.73,172560.19,312514.31,0.8353,3,0.2076,1,3
MFI_KE_006616,26,F,Kiambu,12,44,51,19717.66,16100.03,400.45,12,1557.41,1857.72,16986.24,0.6393,5,0.9279,0,1
MFI_KE_006617,49,F,Bungoma,2,8,3,195288.2,193102.08,27518.66,1,34023.32,54670.15,35040.57,0.9393,13,0.4124,1,3
MFI_KE_006618,23,F,Mombasa,80,42,51,10974.44,10704.11,984.31,8,1652.3,3035.2,11756.22,0.5769,0,0.7238,0,1
MFI_KE_006619,31,F,Mombasa,19,35,52,6094.57,5107.22,814.57,11,2185.18,3697.76,28220.08,0.5189,2,0.6946,0,1
MFI_KE_006620,45,F,Machakos,12,86,71,193386.64,180638.55,138696.27,3,121032.52,208195.68,299394.49,0.9335,1,0.5857,0,4
MFI_KE_006621,27,M,Kisumu,23,44,45,4774.5,4545.73,2716.75,6,3792.37,7122.26,23834.84,0.4972,0,0.9575,0,1
MFI_KE_006622,32,F,Nakuru,26,40,50,4858.15,3788.43,591.86,12,2686.22,3671.67,37810.61,0.6363,0,0.9477,0,1
MFI_KE_006623,47,M,Turkana,10,13,10,69684.73,50759.3,8225.91,0,0.0,0.0,0.0,0.5441,15,0.2065,0,3
MFI_KE_006624,25,F,Nakuru,13,50,40,12227.59,10248.03,1301.85,5,1696.43,2473.08,8225.42,0.5582,0,0.8239,0,1
MFI_KE_006625,35,F,Machakos,41,86,77,300511.17,230223.56,36076.21,6,76516.83,131502.21,370459.72,0.8504,0,0.6112,1,4
MFI_KE_006626,27,M,Kilifi,8,41,44,15285.11,11463.96,967.78,5,2092.94,3199.02,11362.95,0.6565,0,0.9575,0,1
MFI_KE_006627,22,F,Uasin Gishu,5,36,48,9789.49,8365.89,891.92,7,1422.0,2721.48,7978.88,0.8238,0,0.7532,0,1
MFI_KE_006628,43,M,Bungoma,7,77,60,950220.96,698963.65,49515.51,5,126905.97,181737.63,662585.1,0.7437,2,0.545,0,4
MFI_KE_006629,74,M,Bungoma,19,8,5,73711.21,63090.21,2522.7,2,67798.68,69704.43,143485.74,0.838,5,0.5811,1,3
MFI_KE_006630,32,F,Mombasa,13,38,44,17985.71,16461.39,6339.56,6,3704.5,3821.58,20153.06,0.8214,5,0.6443,0,1
MFI_KE_006631,18,F,Kisumu,10,31,63,32593.22,29088.86,5875.95,6,4336.64,7850.95,28240.2,0.7152,4,0.7695,0,1
MFI_KE_006632,26,M,Laikipia,3,45,49,18974.62,15430.53,488.21,10,2037.18,3744.47,16674.89,0.6821,4,0.8372,0,1
MFI_KE_006633,50,F,Bomet,7,13,5,38510.97,28512.92,5514.65,4,28845.96,49246.21,119170.46,0.8086,1,0.5804,1,3
MFI_KE_006634,61,F,Uasin Gishu,50,75,80,110235.71,101628.16,39307.44,8,116266.69,160528.11,1060464.56,0.7984,2,0.4373,0,4
MFI_KE_006635,53,F,Laikipia,31,26,17,118043.39,109656.39,23569.23,9,52187.84,87943.47,462841.18,0.706,2,0.4995,1,2
MFI_KE_006636,40,F,Meru,61,12,10,183271.35,147653.28,36347.45,3,67540.8,90206.1,185532.1,0.8867,7,0.6884,0,3
MFI_KE_006637,26,M,Bomet,1,0,1,382.96,371.09,215.71,0,0.0,0.0,0.0,1.0,12,0.8553,0,5
MFI_KE_006638,33,F,Bungoma,32,17,22,39926.63,28309.17,12042.4,3,26785.62,37805.91,85302.25,0.9292,2,0.7426,1,2
MFI_KE_006639,34,M,Nairobi,29,52,41,6616.97,4699.78,3975.87,6,2248.46,4306.87,15298.96,0.7289,2,0.6284,0,1
MFI_KE_006640,51,M,Migori,24,71,70,112745.76,91347.66,18739.42,2,310122.5,367340.88,500285.24,0.7634,1,0.3136,0,4
MFI_KE_006641,21,F,Kisumu,9,47,47,12394.78,10754.62,5151.35,4,2233.46,2698.03,9244.77,0.7706,1,0.678,0,1
MFI_KE_006642,44,M,Bungoma,2,85,61,814871.63,735253.08,21047.91,7,108654.01,174307.93,736843.3,0.9593,0,0.4286,0,4
MFI_KE_006643,26,F,Nakuru,59,34,52,16355.02,15428.41,1282.61,6,1935.76,2265.86,13497.94,0.7324,2,0.9966,0,1
MFI_KE_006644,35,F,Laikipia,70,90,77,720007.36,579504.06,25126.46,5,146340.78,229910.54,708461.12,0.8681,1,0.3392,0,4
MFI_KE_006645,34,M,Turkana,2,6,3,175551.46,142067.65,3820.65,1,113798.97,178737.25,107406.72,0.8632,6,0.452,0,3
MFI_KE_006646,62,M,Laikipia,10,10,9,30944.39,26504.12,4356.56,2,79777.67,152651.27,164951.63,0.9738,33,0.2908,0,3
MFI_KE_006647,26,F,Migori,2,27,14,68784.22,66336.69,6204.64,3,26236.92,32507.03,66818.92,0.9452,46,0.7611,1,2
MFI_KE_006648,32,M,Garissa,6,21,21,87500.29,72972.15,7274.58,1,43133.57,43595.05,38526.49,0.9673,9,0.82,0,2
MFI_KE_006649,59,F,Bungoma,10,4,3,144192.97,129908.72,8884.12,1,53012.87,81468.68,58064.64,0.9638,14,0.3613,1,3
MFI_KE_006650,33,M,Homa Bay,4,24,14,44872.77,44522.6,17918.37,5,34526.21,68708.16,156317.78,0.8951,3,0.412,1,2
MFI_KE_006651,27,F,Mombasa,18,40,58,118311.98,102027.61,1190.5,10,1502.44,2361.71,13957.75,0.501,4,0.7419,0,1
MFI_KE_006652,24,F,Mombasa,27,59,51,6816.33,5200.91,2250.96,7,1725.55,2505.63,13054.21,0.6246,1,0.7573,0,1
MFI_KE_006653,45,F,Meru,22,16,22,128246.11,96750.04,18016.26,2,42556.4,44403.61,86291.01,0.9918,7,0.878,0,2
MFI_KE_006654,34,M,Laikipia,9,11,4,52515.06,45181.74,22847.13,3,92855.42,180704.8,228799.7,0.6895,10,0.5884,1,3
MFI_KE_006655,32,M,Kisumu,21,21,20,40439.21,38516.16,15496.43,1,22777.01,30043.55,24772.82,0.9742,14,0.9078,1,2
MFI_KE_006656,22,F,Meru,39,22,20,29195.75,27911.2,3749.27,2,19970.34,33827.38,34087.69,0.9153,2,0.7102,0,2
MFI_KE_006657,52,F,Kericho,15,6,8,30559.77,26727.51,1377.49,3,45960.99,87557.53,112689.73,0.9341,13,0.4233,1,3
MFI_KE_006658,46,F,Machakos,7,82,72,300957.68,233204.89,168759.03,4,154098.49,249874.95,545186.8,0.916,2,0.6922,1,4
MFI_KE_006659,36,F,Machakos,10,35,26,26325.8,22911.06,27322.74,1,29602.05,32693.97,32952.58,0.9691,13,0.471,0,2
MFI_KE_006660,24,M,Kilifi,4,1,2,1052.83,796.86,753.55,0,0.0,0.0,0.0,1.0,15,0.7795,0,5
MFI_KE_006661,33,F,Bomet,26,22,14,65079.53,55760.21,12023.97,2,18167.79,34791.59,29673.03,0.9976,20,0.4383,0,2
MFI_KE_006662,39,F,Embu,3,76,61,1027201.53,794879.07,208864.37,4,81444.25,124028.5,327970.68,0.8283,1,0.5485,1,4
MFI_KE_006663,24,F,Mombasa,22,47,58,2631.74,2712.1,3139.13,5,1796.96,3317.65,10340.3,0.7684,0,0.9597,1,1
MFI_KE_006664,37,F,Migori,17,22,18,97591.8,101628.74,25591.42,0,0.0,0.0,0.0,0.8867,2,0.8276,0,2
MFI_KE_006665,45,M,Embu,22,66,54,130088.03,104405.25,15139.63,6,134291.71,214162.83,893373.16,0.7266,0,0.5376,0,4
MFI_KE_006666,51,M,Embu,11,9,4,50234.18,39394.01,1729.67,0,0.0,0.0,0.0,0.8575,7,0.4975,1,3
MFI_KE_006667,19,F,Uasin Gishu,64,33,58,6577.93,5246.1,5190.84,9,3514.49,6803.86,31998.45,0.3438,4,0.871,0,1
MFI_KE_006668,35,M,Bungoma,29,27,25,56800.51,59407.02,2457.07,4,27957.1,47571.45,127710.36,0.9926,3,0.6446,0,2
MFI_KE_006669,33,M,Uasin Gishu,14,33,42,1826.23,1315.73,2292.3,9,2621.44,2915.14,24647.74,0.5563,2,0.7741,0,1
MFI_KE_006670,26,F,Uasin Gishu,7,33,53,31554.7,29383.11,3333.08,10,2154.59,3393.08,21071.24,0.4395,2,0.8516,0,1
MFI_KE_006671,28,F,Nairobi,28,30,44,2598.96,1954.69,1927.01,6,1656.97,3114.1,9215.04,0.7462,7,0.8809,0,1
MFI_KE_006672,26,M,Bungoma,20,25,22,134842.59,140960.78,10860.27,5,21672.88,22148.18,103857.07,0.9655,6,0.3929,0,2
MFI_KE_006673,27,F,Homa Bay,26,8,5,9489.32,6851.9,4129.41,2,58279.1,105662.17,125938.95,0.8746,12,0.4004,1,3
MFI_KE_006674,18,M,Nakuru,48,36,49,64098.96,54044.65,864.31,11,1549.07,2142.8,17010.99,0.3287,4,0.9806,0,1
MFI_KE_006675,31,M,Turkana,23,20,14,101650.27,83919.64,5370.31,4,48930.29,50694.19,201693.82,0.8679,4,0.7922,1,2
MFI_KE_006676,31,F,Kitui,17,9,2,20097.33,17570.46,9793.62,3,86782.09,137268.99,245437.66,0.4507,1,0.1317,1,3
MFI_KE_006677,38,F,Bungoma,14,82,75,305423.01,227905.19,51242.62,3,175989.18,317746.47,450829.4,0.835,1,0.6952,0,4
MFI_KE_006678,43,M,Machakos,3,92,75,267792.44,275248.37,87173.51,4,283581.4,455172.25,949749.36,0.8614,1,0.6617,0,4
MFI_KE_006679,34,F,Bomet,2,21,9,64985.15,63182.4,6062.04,1,81190.7,126459.98,72884.72,0.9949,23,0.4763,0,2
MFI_KE_006680,25,F,Kisumu,5,25,50,3004.91,3092.48,679.65,7,2543.1,3160.23,15690.61,0.7973,10,0.9279,0,1
MFI_KE_006681,36,M,Embu,6,61,84,242552.92,203354.53,78621.73,2,198224.13,323626.65,455552.34,0.9058,1,0.6911,1,4
MFI_KE_006682,29,M,Murang'a,3,2,3,4342.07,3088.2,2025.43,0,0.0,0.0,0.0,1.0,18,0.7152,0,5
MFI_KE_006683,46,F,Turkana,22,28,17,220946.44,227842.74,35723.28,1,26918.76,31775.33,27376.59,0.9024,25,0.7878,1,2
MFI_KE_006684,22,F,Nairobi,3,2,7,2342.46,1808.28,722.46,1,2650.62,3142.69,2937.91,0.121,58,0.7443,0,5
MFI_KE_006685,51,M,Bomet,3,2,0,3996.69,4100.48,2399.0,0,0.0,0.0,0.0,1.0,34,0.7877,1,5
MFI_KE_006686,30,M,Mombasa,5,91,83,217414.09,221382.32,13886.49,4,89720.41,103151.88,346277.19,0.6618,0,0.8365,0,4
MFI_KE_006687,25,F,Nakuru,9,40,41,5196.65,4477.56,16921.5,8,6131.44,11623.33,51393.52,0.4794,2,0.9354,0,1
MFI_KE_006688,41,M,Turkana,12,31,32,73937.82,66206.13,19023.05,5,74319.72,94146.98,386636.55,0.9792,4,0.4145,0,2
MFI_KE_006689,18,F,Laikipia,2,1,3,1399.17,1014.99,458.73,1,853.86,861.29,996.03,0.8813,37,0.4078,0,5
MFI_KE_006690,42,F,Kisumu,56,76,71,196210.69,192065.16,47447.67,7,309252.63,597512.48,2482514.38,0.9393,0,0.4126,0,4
MFI_KE_006691,42,F,Turkana,33,19,17,34162.84,29837.35,35736.84,1,27235.69,47968.76,26097.31,0.8783,24,0.7641,1,2
MFI_KE_006692,33,M,Embu,24,24,17,45512.62,42214.86,11877.56,2,92852.18,122119.06,219747.49,0.9648,4,0.7077,0,2
MFI_KE_006693,21,M,Nakuru,7,33,55,32528.86,30309.62,1332.5,8,1188.75,1903.2,7951.68,0.5409,0,0.9047,0,1
MFI_KE_006694,36,M,Mombasa,10,30,19,65472.78,50025.41,14617.47,3,84078.32,166100.86,225632.94,0.947,3,0.433,0,2
MFI_KE_006695,34,F,Trans Nzoia,24,32,38,21627.72,19937.25,870.07,10,2215.32,3403.51,18935.73,0.4714,5,0.8491,0,1
MFI_KE_006696,27,F,Meru,16,38,49,23950.36,18686.49,3583.23,7,2082.22,3258.99,16763.55,0.4982,2,0.951,0,1
MFI_KE_006697,25,M,Nairobi,9,80,83,468872.02,405934.96,35660.06,5,143932.54,236562.97,680994.28,0.8516,2,0.7401,1,4
MFI_KE_006698,38,M,Kakamega,1,1,4,1251.24,1228.12,4155.89,1,2436.24,4277.54,2233.61,0.645,78,0.7801,0,5
MFI_KE_006699,28,M,Uasin Gishu,30,27,50,24445.07,17213.78,1045.58,11,1268.85,2106.92,14172.13,0.6992,2,0.9592,0,1
MFI_KE_006700,38,M,Uasin Gishu,1,4,4,20323.35,16470.49,322.56,2,1898.63,2534.19,3386.88,0.7032,51,0.9007,0,5
MFI_KE_006701,47,M,Bomet,2,0,2,22976.33,22542.81,1669.08,2,2167.65,4329.04,4792.56,0.2647,73,0.4165,0,5
MFI_KE_006702,51,M,Kitui,2,2,5,3326.42,3234.64,2625.3,0,0.0,0.0,0.0,1.0,15,0.3891,0,5
MFI_KE_006703,33,F,Garissa,8,31,26,67938.83,55495.65,4237.39,4,39623.33,43032.04,136122.6,0.987,4,0.6317,0,2
MFI_KE_006704,42,F,Homa Bay,20,14,17,78194.96,68632.59,17353.67,6,20095.4,32089.73,112038.19,0.9797,6,0.5126,0,2
MFI_KE_006705,51,F,Kiambu,25,75,77,233987.14,228195.92,25054.86,8,191529.66,208735.04,1662739.44,0.8783,2,0.6846,0,4
MFI_KE_006706,35,M,Machakos,6,78,54,150067.38,134637.3,36454.84,4,127771.47,174657.88,460436.84,0.7864,0,0.4906,0,4
MFI_KE_006707,40,F,Meru,21,12,10,55568.92,49647.47,785.3,1,41391.41,76190.72,42931.6,0.7096,9,0.4921,1,3
MFI_KE_006708,39,F,Kisii,28,29,19,133712.98,119492.04,6507.8,1,42853.26,70357.93,36241.05,0.846,7,0.5947,0,2
MFI_KE_006709,47,F,Embu,13,20,22,95640.56,68495.28,15410.2,2,60991.9,108729.18,109281.93,0.9575,9,0.788,0,2
MFI_KE_006710,27,M,Machakos,3,25,20,34369.23,26508.81,11609.1,3,33425.21,38818.65,83408.19,0.9128,6,0.7415,0,2
MFI_KE_006711,43,M,Nyeri,12,91,87,961084.74,967007.87,34939.54,7,189697.85,367458.14,1149504.91,0.7847,1,0.4546,0,4
MFI_KE_006712,49,F,Laikipia,18,30,28,46883.44,42910.72,51404.5,2,18137.78,29334.44,37564.78,0.9307,11,0.731,0,2
MFI_KE_006713,36,F,Kisumu,9,25,24,99385.06,98615.02,8864.69,1,21520.65,35374.28,17409.7,0.9978,21,0.4516,1,2
MFI_KE_006714,36,M,Kericho,1,2,2,2354.47,1873.25,268.02,0,0.0,0.0,0.0,1.0,40,0.6115,0,5
MFI_KE_006715,30,M,Garissa,63,26,25,109603.56,98656.45,18940.93,3,31661.01,54486.95,78977.38,0.9468,1,0.843,0,2
MFI_KE_006716,46,M,Trans Nzoia,55,86,75,126943.05,115983.42,39872.46,1,196093.97,249793.44,200886.18,0.8204,3,0.5958,0,4
MFI_KE_006717,28,M,Kilifi,10,46,57,40291.37,34063.07,1558.73,3,1440.86,2285.01,4825.2,0.8025,2,0.89,0,1
MFI_KE_006718,44,M,Bomet,4,29,16,45061.07,33496.1,6231.8,4,31739.29,45358.77,136291.74,0.8331,5,0.4161,0,2
MFI_KE_006719,47,M,Migori,9,3,9,11078.25,8608.59,12097.78,0,0.0,0.0,0.0,0.9263,15,0.2501,1,3
MFI_KE_006720,34,F,Uasin Gishu,3,70,67,143874.4,129870.18,61616.8,6,163871.54,290568.21,1100709.72,0.8379,3,0.2958,1,4
MFI_KE_006721,33,F,Kisii,14,76,64,130033.18,131232.35,22099.92,5,209064.23,366509.14,1021776.22,0.9264,0,0.6841,0,4
MFI_KE_006722,29,M,Meru,4,1,4,4206.67,3959.84,235.95,0,0.0,0.0,0.0,1.0,119,0.7467,0,5
MFI_KE_006723,26,M,Kitui,3,5,3,371.23,293.79,1076.04,0,0.0,0.0,0.0,1.0,213,0.6137,0,5
MFI_KE_006724,35,M,Mombasa,17,38,46,14823.66,12152.63,1013.57,5,1786.03,1990.16,10490.22,0.5699,4,0.719,1,1
MFI_KE_006725,35,M,Kilifi,19,19,21,58718.7,51051.43,4392.64,2,39293.19,59440.83,73872.39,0.9664,3,0.8682,0,2
MFI_KE_006726,24,F,Kisumu,12,3,1,6517.61,5376.72,1305.32,0,0.0,0.0,0.0,1.0,44,0.5389,0,5
MFI_KE_006727,64,F,Machakos,14,8,5,18599.11,13740.36,2268.6,0,0.0,0.0,0.0,0.9481,14,0.3622,1,3
MFI_KE_006728,31,M,Uasin Gishu,11,17,19,60849.03,50465.73,23908.7,3,67301.2,75405.41,167422.3,0.9235,9,0.1314,1,2
MFI_KE_006729,28,F,Embu,18,91,75,212119.53,190148.56,69750.33,5,143887.82,177251.74,749642.76,0.8622,2,0.2272,0,4
MFI_KE_006730,56,M,Migori,28,8,4,329790.91,345953.82,1569.84,2,27573.99,31308.33,48093.41,0.9049,8,0.3439,1,3
MFI_KE_006731,34,M,Nakuru,15,45,51,10721.39,10946.91,530.14,7,3133.47,4139.72,20083.9,0.8611,3,0.9853,0,1
MFI_KE_006732,44,F,Kisii,8,2,2,2273.47,2240.05,260.98,0,0.0,0.0,0.0,1.0,20,0.5051,0,5
MFI_KE_006733,29,F,Murang'a,6,26,58,25711.02,26136.47,1657.54,7,4677.06,9056.45,31059.79,0.5322,1,0.8816,0,1
MFI_KE_006734,35,F,Kiambu,3,45,53,3766.54,2999.58,1751.77,10,3346.64,6571.86,31334.05,0.6676,2,0.8942,0,1
MFI_KE_006735,32,M,Kiambu,1,1,1,4892.15,4595.32,382.32,0,0.0,0.0,0.0,1.0,105,0.7564,0,5
MFI_KE_006736,24,M,Kisii,16,31,46,14508.85,11772.49,3391.57,8,2837.48,3712.64,21329.69,0.629,0,0.9438,0,1
MFI_KE_006737,27,M,Nakuru,3,33,52,78046.73,69466.27,839.74,3,2196.5,3838.33,6097.97,0.7141,1,0.9758,0,1
MFI_KE_006738,26,M,Kisumu,8,24,23,28269.06,21040.48,17031.26,1,16612.05,30477.94,17888.14,0.9735,25,0.5477,0,2
MFI_KE_006739,18,M,Nairobi,4,42,58,23243.65,19442.97,717.56,5,1957.62,3480.89,11664.41,0.7708,1,0.9807,1,1
MFI_KE_006740,35,F,Nyeri,6,12,20,82723.39,70623.76,18234.7,3,9510.52,17259.35,33610.01,0.8991,24,0.8154,0,2
MFI_KE_006741,28,M,Kiambu,39,37,36,19553.94,18584.44,3119.3,8,2340.88,2698.53,16170.61,0.5931,7,0.9126,0,1
MFI_KE_006742,18,F,Nyeri,8,52,45,7139.15,5003.49,3190.21,10,1828.54,3580.55,16433.77,0.9104,0,0.5573,0,1
MFI_KE_006743,26,F,Murang'a,28,34,46,4104.59,3750.11,2677.67,9,998.25,1972.52,8461.25,0.5548,2,0.7917,0,1
MFI_KE_006744,24,M,Murang'a,2,13,32,128780.7,106746.47,21312.26,1,11205.92,15020.15,9319.96,0.9809,9,0.7061,0,2
MFI_KE_006745,45,F,Turkana,8,2,7,1696.47,1529.5,144.8,1,1321.05,1745.41,1554.1,0.9126,68,0.4859,1,5
MFI_KE_006746,23,F,Nairobi,13,46,58,89439.13,74131.44,1610.02,11,1513.79,1657.15,13993.83,0.8522,2,0.9781,0,1
MFI_KE_006747,34,M,Uasin Gishu,7,72,57,415062.71,306610.14,43853.33,5,236416.9,286097.31,993141.98,0.7314,1,0.3374,0,4
MFI_KE_006748,20,M,Uasin Gishu,2,37,57,15148.05,15600.38,2053.49,7,1765.58,2536.58,10838.61,0.8999,1,0.8508,0,1
MFI_KE_006749,30,M,Nairobi,6,35,48,10187.9,7666.23,1287.19,11,3004.35,3196.69,33358.8,0.5233,12,0.9497,0,1
MFI_KE_006750,29,F,Homa Bay,3,16,19,16060.38,12817.79,32464.75,1,21263.21,30249.67,18494.92,0.9803,3,0.7525,0,2
MFI_KE_006751,62,M,Machakos,23,83,58,754963.77,776497.56,15470.29,8,171349.41,217310.06,1491079.72,0.9361,0,0.3951,1,4
MFI_KE_006752,47,M,Garissa,5,88,72,171148.89,175728.81,147501.12,6,217486.53,346352.78,1069990.51,0.8538,2,0.5511,0,4
MFI_KE_006753,35,F,Kitui,8,24,28,57255.03,56990.37,15189.0,3,23467.29,33764.17,78051.76,0.9938,2,0.5734,0,2
MFI_KE_006754,42,F,Uasin Gishu,31,90,67,244815.63,185328.25,44627.37,4,320647.53,635299.53,1415571.74,0.7537,0,0.3258,0,4
MFI_KE_006755,43,M,Uasin Gishu,32,24,10,275560.76,242149.73,29267.78,0,0.0,0.0,0.0,0.869,20,0.8033,0,2
MFI_KE_006756,51,M,Trans Nzoia,3,3,3,435.68,350.56,341.07,2,1122.33,2092.88,1955.69,0.5606,28,0.7793,0,5
MFI_KE_006757,40,M,Bungoma,27,7,3,20954.7,17567.11,1653.1,2,103323.21,175689.61,236300.35,0.7251,1,0.3337,1,3
MFI_KE_006758,43,M,Mombasa,26,22,15,113125.44,88788.5,17487.28,3,38442.52,59933.55,136690.74,0.9389,8,0.5264,0,2
MFI_KE_006759,36,F,Garissa,5,2,3,5548.56,4687.33,465.5,0,0.0,0.0,0.0,1.0,34,0.5718,0,5
MFI_KE_006760,55,F,Bungoma,6,5,7,13824.83,10263.52,3560.44,2,51639.38,97501.16,102249.8,0.7409,6,0.4309,0,3
MFI_KE_006761,28,F,Kisumu,59,40,45,38172.44,27921.23,1733.65,9,1773.09,3181.76,18976.58,0.5511,1,0.7984,0,1
MFI_KE_006762,31,F,Migori,5,34,33,35953.84,32614.68,697.27,7,931.5,1672.05,6614.58,0.7383,1,0.9029,0,1
MFI_KE_006763,48,M,Nyeri,61,6,4,182809.29,174288.1,21066.06,1,64365.43,90066.3,65993.71,0.9421,1,0.3939,1,3
MFI_KE_006764,39,F,Embu,5,21,16,70085.16,64700.7,7751.2,1,44149.71,45387.41,37709.32,0.8701,5,0.3267,0,2
MFI_KE_006765,45,F,Meru,28,27,18,85103.72,65247.18,4640.95,4,27300.84,44585.73,125952.36,0.9771,8,0.8378,1,2
MFI_KE_006766,36,M,Mombasa,35,31,51,36424.46,26044.41,756.31,11,3413.48,3542.62,45029.98,0.7158,1,0.8938,0,1
MFI_KE_006767,22,M,Kericho,16,44,54,15587.91,16096.27,25633.79,6,3725.19,6709.01,18190.63,0.7215,4,0.8013,0,1
MFI_KE_006768,39,M,Bungoma,5,5,2,1802.82,1785.76,66.59,0,0.0,0.0,0.0,1.0,133,0.2278,0,5
MFI_KE_006769,54,M,Kiambu,23,18,17,24624.78,18635.7,20856.41,4,58748.12,95030.21,254364.17,0.9856,14,0.4764,1,2
MFI_KE_006770,36,F,Nakuru,4,22,21,65258.93,46215.73,33472.74,2,33089.21,47210.15,74375.61,0.9963,8,0.4188,1,2
MFI_KE_006771,19,M,Nakuru,17,44,64,43898.61,34694.57,1162.1,11,1109.76,1899.92,14629.7,0.7828,0,0.8893,0,1
MFI_KE_006772,24,F,Machakos,1,0,2,2313.74,1689.57,250.15,1,1539.23,1778.81,1282.89,0.3327,17,0.7156,0,5
MFI_KE_006773,29,M,Mombasa,19,46,60,12488.5,12419.16,969.15,4,5884.96,8567.32,24709.56,0.6286,3,0.76,0,1
MFI_KE_006774,45,M,Mombasa,1,7,2,2054.0,1762.89,459.7,1,1920.69,3138.99,2049.26,0.16,332,0.5441,0,5
MFI_KE_006775,75,M,Machakos,17,10,8,56566.25,56062.49,10319.0,0,0.0,0.0,0.0,0.8572,5,0.1923,1,3
MFI_KE_006776,18,M,Embu,3,44,46,9379.65,7884.73,3942.42,8,1658.43,2330.08,14512.7,0.5488,2,0.9561,0,1
MFI_KE_006777,43,F,Bungoma,69,26,25,111975.14,110328.71,5133.21,2,18237.86,25417.26,29886.87,0.8739,1,0.7724,0,2
MFI_KE_006778,44,M,Kitui,4,11,5,13940.73,10835.83,6072.78,0,0.0,0.0,0.0,0.806,2,0.6287,1,3
MFI_KE_006779,33,M,Murang'a,14,31,17,101250.19,105430.69,28130.73,0,0.0,0.0,0.0,0.9329,13,0.6706,1,2
MFI_KE_006780,29,F,Nairobi,12,38,47,9470.49,9041.99,3530.49,4,3475.76,3691.22,13433.04,0.8391,0,0.7982,0,1
MFI_KE_006781,25,F,Mombasa,23,40,50,50667.79,43294.1,722.14,8,3293.01,3392.98,25099.81,0.5983,0,0.8821,0,1
MFI_KE_006782,49,F,Kilifi,4,81,78,175715.43,130935.68,36547.66,3,118222.13,119715.88,325758.19,0.8942,0,0.5425,0,4
MFI_KE_006783,26,M,Kiambu,13,35,60,21746.77,18102.65,769.08,10,2608.97,4449.25,21270.22,0.4637,13,0.8653,0,1
MFI_KE_006784,40,M,Homa Bay,1,2,2,9211.46,7637.7,1221.25,0,0.0,0.0,0.0,1.0,41,0.9173,0,5
MFI_KE_006785,19,M,Kitui,6,2,4,1062.56,1065.89,276.02,0,0.0,0.0,0.0,1.0,105,0.7397,0,5
MFI_KE_006786,28,M,Kisumu,4,43,47,13705.05,10188.44,1305.15,4,2728.04,5088.27,11948.87,0.6783,0,0.7768,0,1
MFI_KE_006787,40,F,Murang'a,7,10,4,34325.26,36014.27,3641.86,0,0.0,0.0,0.0,0.9029,18,0.3183,1,3
MFI_KE_006788,18,F,Embu,1,1,3,1144.48,824.99,548.0,0,0.0,0.0,0.0,1.0,361,0.4929,0,5
MFI_KE_006789,19,F,Nairobi,6,43,43,9759.85,8877.31,61450.34,4,1864.09,2073.31,6800.63,0.4042,1,0.965,0,1
MFI_KE_006790,29,M,Homa Bay,8,12,8,49837.64,47752.42,15139.54,0,0.0,0.0,0.0,0.4553,1,0.354,1,3
MFI_KE_006791,54,F,Garissa,15,81,64,212491.8,207586.49,20230.15,7,406229.78,467546.44,2677507.1,0.809,1,0.7188,0,4
MFI_KE_006792,36,M,Laikipia,1,0,1,12455.72,9399.32,261.29,1,2553.66,3128.39,2480.03,0.3528,21,0.864,0,5
MFI_KE_006793,19,M,Garissa,13,36,59,14759.2,14942.58,1934.91,7,2864.78,3600.86,23433.99,0.5227,0,0.9862,0,1
MFI_KE_006794,18,M,Kakamega,1,0,2,16239.74,16491.13,745.37,0,0.0,0.0,0.0,1.0,84,0.4176,0,5
MFI_KE_006795,26,M,Mombasa,7,56,45,9171.46,8836.18,1948.49,6,1552.52,2677.44,9080.11,0.4941,6,0.8365,0,1
MFI_KE_006796,41,M,Garissa,43,85,70,129500.73,100856.19,12203.16,8,137694.33,227980.84,1177078.13,0.8868,1,0.7234,0,4
MFI_KE_006797,27,M,Nakuru,61,48,60,27873.99,20469.31,1976.09,9,2540.28,3314.83,26293.66,0.7601,1,0.799,0,1
MFI_KE_006798,18,M,Trans Nzoia,16,43,56,17287.76,15334.76,1127.48,8,4059.44,5749.31,30641.57,0.4764,1,0.8958,0,1
MFI_KE_006799,29,F,Meru,4,33,42,7251.72,6151.76,781.53,17,1579.72,2953.95,31579.63,0.7342,1,0.9853,0,1
MFI_KE_006800,39,F,Kilifi,17,1,3,966.68,759.59,1291.13,1,2074.18,2644.68,1793.06,0.6466,23,0.5391,0,5
MFI_KE_006801,45,F,Laikipia,5,25,18,81696.07,72455.85,9725.89,3,24344.43,43953.9,68102.96,0.9033,31,0.7116,0,2
MFI_KE_006802,48,F,Turkana,11,5,4,8203.01,7328.24,2589.34,5,47506.84,76892.79,214030.06,0.6877,4,0.4511,1,3
MFI_KE_006803,37,M,Kericho,62,18,25,48928.89,46214.48,3288.6,3,32322.23,37878.51,87872.27,0.9417,9,0.8708,0,2
MFI_KE_006804,27,M,Murang'a,12,4,1,962.85,802.93,769.3,0,0.0,0.0,0.0,1.0,162,0.6817,0,5
MFI_KE_006805,48,M,Turkana,14,19,15,74978.36,67802.01,13612.93,1,17804.75,20311.36,16075.17,0.9674,8,0.2871,0,2
MFI_KE_006806,29,F,Garissa,38,32,19,54824.62,39027.68,7870.17,3,32572.88,54964.23,103131.78,0.9876,6,0.8306,0,2
MFI_KE_006807,26,M,Nakuru,5,35,63,29038.7,20539.11,1041.66,6,1734.42,3362.64,8764.33,0.9189,1,0.8849,0,1
MFI_KE_006808,35,F,Kakamega,4,3,4,4366.07,3454.02,623.11,0,0.0,0.0,0.0,1.0,19,0.6261,0,5
MFI_KE_006809,49,M,Kitui,57,23,30,73220.27,72976.61,21641.2,1,49437.06,58759.57,47948.5,0.9702,31,0.6427,0,2
MFI_KE_006810,21,F,Nairobi,18,42,44,9584.05,9857.01,1772.94,4,2617.1,4281.43,11092.19,0.415,4,0.9525,1,1
MFI_KE_006811,36,F,Meru,19,22,19,20024.36,14090.41,5170.8,3,20987.14,26788.64,69452.15,0.9832,2,0.4994,1,2
MFI_KE_006812,27,F,Kilifi,2,53,48,18163.01,17049.13,3145.58,9,3313.63,5286.0,25451.51,0.5489,3,0.9616,0,1
MFI_KE_006813,42,M,Murang'a,5,8,2,142999.59,119052.9,10992.49,3,184865.35,311221.96,545365.88,0.7604,4,0.4448,0,3
MFI_KE_006814,36,M,Nairobi,12,27,25,98018.68,94977.2,59490.27,1,28505.41,55273.1,32925.74,0.9513,5,0.4755,0,2
MFI_KE_006815,38,F,Mombasa,18,20,24,134054.39,117466.5,7759.7,2,20978.38,41361.72,46550.47,0.9351,3,0.6196,0,2
MFI_KE_006816,42,F,Trans Nzoia,8,3,3,7921.19,6155.13,1385.07,0,0.0,0.0,0.0,1.0,53,0.5982,0,5
MFI_KE_006817,28,M,Kilifi,10,9,5,65510.37,57553.83,13629.22,2,56352.34,94828.28,113018.7,0.9425,3,0.1968,1,3
MFI_KE_006818,25,M,Kisumu,48,46,51,9666.21,9591.22,1668.4,13,2130.92,4118.7,25765.9,0.4434,1,0.9936,0,1
MFI_KE_006819,30,F,Uasin Gishu,51,46,42,25130.61,24178.74,5299.4,9,1101.78,1538.76,9576.35,0.7176,0,0.8314,0,1
MFI_KE_006820,70,F,Kericho,11,7,6,84669.51,75757.46,12069.23,2,94325.56,139092.63,220208.05,0.8238,1,0.4252,0,3
MFI_KE_006821,37,F,Kitui,3,3,1,13287.63,11773.04,1319.6,0,0.0,0.0,0.0,1.0,202,0.77,0,5
MFI_KE_006822,39,M,Kiambu,3,72,63,234109.09,222946.65,41401.17,5,115856.14,219642.45,603818.15,0.605,0,0.4529,0,4
MFI_KE_006823,40,F,Uasin Gishu,13,23,28,21179.08,18843.26,9150.72,2,77862.13,87829.38,142623.64,0.949,3,0.6045,0,2
MFI_KE_006824,43,F,Kitui,4,27,19,96863.83,90103.67,16645.8,6,47028.31,53472.57,266988.6,0.9482,3,0.6649,0,2
MFI_KE_006825,20,F,Nakuru,12,41,65,7167.35,7405.89,3211.51,10,4579.93,7302.71,49165.78,0.6081,0,0.9378,0,1
MFI_KE_006826,26,F,Embu,14,29,13,35648.22,35268.86,20143.31,2,14437.36,26759.34,25047.69,0.9676,7,0.587,1,2
MFI_KE_006827,63,M,Laikipia,16,11,4,61978.13,47471.01,11389.05,2,71593.85,105757.96,144027.21,0.7878,17,0.5271,1,3
MFI_KE_006828,32,F,Murang'a,28,12,4,59526.49,49412.97,4205.3,1,41917.68,62370.51,49081.22,0.886,10,0.2449,1,3
MFI_KE_006829,51,M,Garissa,11,5,10,227410.43,168648.35,3591.21,3,75766.13,93506.13,259633.09,0.8306,1,0.3974,1,3
MFI_KE_006830,25,M,Trans Nzoia,36,7,5,34151.76,30321.75,12597.85,4,43655.01,60562.02,155948.97,0.7372,3,0.306,1,3
MFI_KE_006831,40,M,Machakos,7,22,26,186561.45,159483.52,16730.71,4,12983.77,17299.97,45147.46,0.9988,3,0.5865,0,2
MFI_KE_006832,36,M,Laikipia,4,2,1,2753.91,2729.1,1783.43,1,2248.96,2342.74,2403.47,0.3681,71,0.9566,0,5
MFI_KE_006833,55,F,Laikipia,2,84,77,422341.04,419314.45,126920.45,4,70934.13,123290.36,338837.64,0.7667,0,0.5969,1,4
MFI_KE_006834,29,F,Nakuru,2,27,23,75668.62,71461.25,36280.97,1,75296.42,94180.72,60857.05,0.9943,7,0.7635,1,2
MFI_KE_006835,35,M,Kakamega,10,23,20,44764.07,37275.18,21047.53,2,185498.26,277695.82,353210.2,0.9959,2,0.6558,0,2
MFI_KE_006836,26,F,Nairobi,19,4,4,13991.98,11089.43,318.48,0,0.0,0.0,0.0,1.0,60,0.8046,0,5
MFI_KE_006837,23,F,Bomet,1,0,3,576.27,425.62,218.43,1,4294.95,4809.25,4216.84,0.3844,105,0.5262,1,5
MFI_KE_006838,34,M,Kakamega,7,26,26,28361.08,21670.4,15433.2,1,27189.07,45709.58,27180.08,0.9669,35,0.7292,1,2
MFI_KE_006839,24,M,Kisumu,49,44,52,28270.93,25252.02,821.67,6,1730.93,2206.35,11013.46,0.4908,5,0.7529,0,1
MFI_KE_006840,32,F,Machakos,2,13,15,65315.6,49425.43,17505.02,2,25196.34,42174.23,55691.41,0.9529,3,0.7513,1,2
MFI_KE_006841,25,F,Mombasa,10,39,45,14805.92,14487.62,1016.09,6,3163.73,4969.28,21833.03,0.8258,13,0.8961,0,1
MFI_KE_006842,34,F,Meru,13,26,22,52249.84,49300.25,12378.25,2,50084.43,90576.01,90223.94,0.9593,3,0.512,0,2
MFI_KE_006843,54,M,Homa Bay,32,8,8,45396.94,40745.98,2574.82,2,64975.09,123236.3,120035.41,0.8218,3,0.1939,0,3
MFI_KE_006844,28,M,Kiambu,17,27,36,18048.59,13634.47,1667.68,9,1616.86,2939.0,16195.26,0.5274,2,0.8876,0,1
MFI_KE_006845,47,F,Nyeri,36,2,4,79125.1,77446.95,3043.5,2,42095.9,52364.14,74383.55,0.6387,4,0.5695,0,3
MFI_KE_006846,26,M,Homa Bay,22,48,57,10292.69,8509.46,5032.35,2,1884.02,2790.87,3130.24,0.635,1,0.7988,0,1
MFI_KE_006847,26,F,Kiambu,28,41,61,5760.19,4957.13,6442.33,8,1391.51,2212.85,10221.51,0.7295,0,0.6934,0,1
MFI_KE_006848,32,F,Nakuru,20,86,76,78268.48,69544.87,49153.94,6,284941.85,379138.84,1854249.33,0.7863,1,0.6329,1,4
MFI_KE_006849,32,M,Embu,22,49,53,18019.42,18510.32,1629.88,9,3911.71,6368.2,28291.73,0.565,9,0.9293,1,1
MFI_KE_006850,52,F,Bomet,1,2,1,540.31,378.42,587.39,1,842.45,1371.16,974.56,0.9538,210,0.4278,0,5
MFI_KE_006851,30,F,Machakos,5,0,3,1553.03,1325.15,146.28,1,500.0,573.02,571.1,0.7072,77,0.6923,0,5
MFI_KE_006852,44,F,Embu,30,87,77,620839.42,527925.45,100005.49,10,207907.19,212447.2,2104212.0,0.7544,0,0.322,1,4
MFI_KE_006853,40,M,Meru,10,17,21,104231.14,102796.93,8017.56,2,20096.17,29650.77,43286.96,0.9868,1,0.8416,0,2
MFI_KE_006854,68,F,Trans Nzoia,7,7,5,97014.55,96420.2,12103.51,2,90377.83,91594.75,215840.09,0.8878,14,0.8319,1,3
MFI_KE_006855,26,F,Murang'a,2,76,77,330154.76,262409.03,26119.32,8,306092.05,484936.13,2079735.14,0.7691,4,0.6724,0,4
MFI_KE_006856,35,M,Trans Nzoia,6,10,7,203583.64,156807.26,5135.14,2,32590.93,42456.25,73031.73,0.897,10,0.4621,1,3
MFI_KE_006857,29,M,Trans Nzoia,17,76,73,205809.29,168895.12,16639.98,10,76545.25,106662.82,672071.63,0.7174,2,0.8329,0,4
MFI_KE_006858,24,M,Uasin Gishu,7,31,52,76787.28,56041.17,415.78,9,1810.55,2151.66,13907.91,0.7089,0,0.9713,0,1
MFI_KE_006859,34,M,Machakos,26,20,23,103294.65,92206.06,6895.03,1,15742.45,27583.72,15435.81,0.9733,15,0.6949,0,2
MFI_KE_006860,48,M,Turkana,23,9,4,21516.44,21593.54,33242.45,1,109797.01,193025.8,94317.99,0.937,8,0.5997,0,3
MFI_KE_006861,43,F,Machakos,8,16,20,48955.04,38921.99,12832.74,0,0.0,0.0,0.0,0.99,7,0.5502,0,2
MFI_KE_006862,21,F,Nairobi,25,27,44,16182.32,12480.12,1667.67,5,2886.87,4130.55,14066.86,0.4988,2,0.9293,0,1
MFI_KE_006863,44,M,Laikipia,1,5,2,20154.2,20663.41,398.73,0,0.0,0.0,0.0,1.0,34,0.7684,0,5
MFI_KE_006864,32,F,Nairobi,11,38,53,56402.76,41489.45,1532.51,10,2973.28,3098.98,28832.24,0.7208,11,0.7681,1,1
MFI_KE_006865,34,F,Nyeri,4,88,77,97651.23,96859.78,21451.02,7,282467.07,356209.45,2293654.96,0.6899,1,0.3788,1,4
MFI_KE_006866,32,F,Nairobi,3,40,55,3378.41,3452.54,1297.07,9,1623.93,2991.26,13345.88,0.8123,0,0.9301,0,1
MFI_KE_006867,48,F,Machakos,2,6,12,48584.78,39414.47,15445.6,4,104580.13,189211.54,493574.14,0.6688,2,0.6712,1,3
MFI_KE_006868,38,M,Garissa,64,27,21,78890.39,70580.55,10142.98,1,48292.52,67412.09,52604.54,0.9041,10,0.8012,1,2
MFI_KE_006869,24,F,Uasin Gishu,11,33,41,10201.14,8742.73,1707.52,7,2435.08,2627.41,14838.02,0.5651,7,0.7208,0,1
MFI_KE_006870,28,F,Kisumu,9,38,48,24229.63,19272.73,714.56,10,4887.58,6069.52,47773.57,0.4324,3,0.8734,0,1
MFI_KE_006871,43,F,Kakamega,6,23,14,98860.87,81625.42,47136.59,3,21271.8,34012.92,55811.52,0.9981,11,0.639,1,2
MFI_KE_006872,51,F,Nyeri,21,11,8,74465.5,64318.0,9687.72,2,76229.49,104069.94,124577.73,0.5269,7,0.3611,0,3
MFI_KE_006873,22,F,Machakos,22,18,18,65508.82,56703.14,14888.43,4,70101.31,79453.36,310471.91,0.9896,7,0.7415,0,2
MFI_KE_006874,32,M,Kitui,6,5,5,553535.77,574209.64,3903.83,1,58612.96,77089.95,48034.85,0.7228,3,0.4001,0,3
MFI_KE_006875,18,F,Kisii,4,1,6,1388.52,1378.07,207.87,0,0.0,0.0,0.0,1.0,11,0.7177,0,5
MFI_KE_006876,34,F,Kilifi,2,15,16,105827.6,103582.81,9157.07,0,0.0,0.0,0.0,0.9014,1,0.6474,0,2
MFI_KE_006877,29,M,Kilifi,43,28,18,234449.96,208346.2,13380.77,5,58987.97,79771.54,271926.75,0.8941,3,0.4507,0,2
MFI_KE_006878,22,M,Kilifi,27,34,52,9091.71,8829.8,2994.35,9,3165.05,3908.66,22885.87,0.7776,2,0.7525,1,1
MFI_KE_006879,25,F,Machakos,3,3,2,3032.96,2761.46,1203.76,0,0.0,0.0,0.0,1.0,126,0.7628,0,5
MFI_KE_006880,22,F,Embu,12,65,65,259728.12,222338.77,12872.36,2,110639.74,195683.69,258703.06,0.8118,2,0.886,1,4
MFI_KE_006881,35,M,Mombasa,6,30,19,266630.31,254818.63,46368.29,1,32857.33,47177.28,31409.53,0.9915,1,0.6336,0,2
MFI_KE_006882,28,F,Kisii,3,26,24,78111.79,58165.3,9087.62,1,41194.1,61109.37,39408.0,0.9393,3,0.4891,0,2
MFI_KE_006883,35,F,Uasin Gishu,22,22,15,33331.95,30540.95,12445.37,3,37873.45,54662.32,127644.33,0.9127,20,0.7694,1,2
MFI_KE_006884,33,F,Embu,22,7,9,40805.43,29773.03,1419.42,2,112193.07,118723.91,207730.75,0.7826,12,0.3169,1,3
MFI_KE_006885,50,M,Garissa,47,8,7,11534.13,11099.8,21693.67,2,62520.13,98637.76,108742.16,0.8955,3,0.4178,1,3
MFI_KE_006886,27,F,Mombasa,44,26,44,30459.41,29259.31,27692.24,8,1260.7,2209.9,11998.43,0.5356,1,0.531,0,1
MFI_KE_006887,34,F,Kilifi,6,34,45,52348.55,44586.85,448.6,9,1318.9,2261.93,13561.85,0.3333,1,0.9377,1,1
MFI_KE_006888,30,M,Nakuru,19,42,49,2702.91,2836.83,305.29,9,2080.01,3314.6,22204.84,0.8167,6,0.8454,0,1
MFI_KE_006889,52,F,Turkana,3,1,2,13826.58,14288.76,60.34,1,1058.7,1272.93,1158.52,0.5698,14,0.6446,0,5
MFI_KE_006890,22,M,Nairobi,19,35,56,30221.43,25667.73,3609.94,8,1199.79,1658.18,10746.82,0.744,5,0.9375,1,1
MFI_KE_006891,26,F,Kisumu,19,40,49,6476.19,6618.64,2090.12,7,2652.2,2781.65,16589.45,0.7022,0,0.8025,0,1
MFI_KE_006892,24,M,Uasin Gishu,14,38,38,20747.91,17044.99,1876.05,6,1487.66,2375.32,7641.33,0.6614,0,0.8777,0,1
MFI_KE_006893,48,F,Bomet,22,10,7,59480.21,58847.42,6189.53,1,89086.71,166885.39,93259.31,0.6507,7,0.3128,1,3
MFI_KE_006894,41,F,Homa Bay,19,13,2,26459.1,24481.16,2970.55,3,60218.78,87109.8,157471.72,0.5773,22,0.6642,1,3
MFI_KE_006895,33,M,Kericho,1,2,1,793.4,637.18,1751.04,0,0.0,0.0,0.0,1.0,20,0.8358,0,5
MFI_KE_006896,24,F,Kericho,23,97,74,701237.85,559663.8,20088.29,4,295251.49,406489.88,1392355.06,0.6759,3,0.9132,1,4
MFI_KE_006897,25,F,Mombasa,33,42,53,63656.82,66185.65,363.61,14,3226.66,6365.39,41736.87,0.2988,0,0.9138,0,1
MFI_KE_006898,40,F,Bungoma,3,86,64,201243.17,207823.82,51424.09,3,151390.05,232505.85,364546.44,0.6345,0,0.6375,0,4
MFI_KE_006899,28,F,Bomet,5,10,6,189033.2,163054.73,4594.94,3,90951.44,140925.63,319236.16,0.69,27,0.4233,0,3
MFI_KE_006900,56,M,Migori,6,2,1,2824.76,2533.22,1860.35,1,1316.24,1454.29,1194.34,0.5215,230,0.4873,0,5
MFI_KE_006901,23,M,Kiambu,16,47,42,39080.26,40262.46,1657.85,5,1740.51,3185.13,8943.53,0.5947,1,0.951,0,1
MFI_KE_006902,50,F,Kisii,6,7,6,35990.96,34685.37,1984.87,0,0.0,0.0,0.0,0.851,3,0.582,1,3
MFI_KE_006903,41,F,Meru,4,10,1,85439.65,80102.06,2996.73,6,35475.92,40679.02,195663.86,0.6212,8,0.5383,1,3
MFI_KE_006904,28,F,Kisumu,3,37,52,18794.94,19373.5,1919.2,8,2046.2,2463.3,17505.54,0.308,0,0.8494,0,1
MFI_KE_006905,57,M,Nyeri,2,5,3,2687.77,2101.94,632.12,1,1518.93,2748.28,1612.34,0.631,27,0.7666,0,5
MFI_KE_006906,42,F,Migori,4,73,74,324708.82,303931.22,41471.28,2,63526.47,102365.56,140292.6,0.8294,0,0.6792,0,4
MFI_KE_006907,34,M,Kakamega,42,68,78,146621.51,122423.62,37428.4,5,248959.08,451068.2,1352251.65,0.9047,1,0.7834,1,4
MFI_KE_006908,25,M,Nyeri,14,2,11,29508.45,29947.64,3156.16,2,33018.93,52813.05,72846.5,0.7106,10,0.7017,1,3
MFI_KE_006909,25,F,Kisii,6,7,7,84459.24,61448.5,1445.78,3,97218.72,169851.05,297319.27,0.898,9,0.4499,0,3
MFI_KE_006910,27,M,Uasin Gishu,42,29,45,8515.47,6250.17,2589.68,6,3133.63,4930.99,21444.41,0.7358,10,0.739,0,1
MFI_KE_006911,18,F,Nakuru,29,45,53,20482.39,19734.99,3619.94,13,1965.23,3772.56,29506.21,0.4395,5,0.9719,0,1
MFI_KE_006912,28,M,Murang'a,43,30,19,26035.1,23758.98,37025.52,2,43588.28,48102.2,76644.75,0.8531,3,0.4779,0,2
MFI_KE_006913,24,F,Machakos,2,31,16,73280.41,55948.49,5286.28,5,46418.18,50621.9,212428.59,0.967,3,0.5013,1,2
MFI_KE_006914,42,F,Nakuru,39,25,17,70733.43,54989.6,6161.1,3,14568.71,21036.99,47812.36,0.9982,19,0.8356,1,2
MFI_KE_006915,45,F,Kisii,33,9,2,140228.46,142040.03,940.87,2,31333.63,37070.17,60516.69,0.818,18,0.3347,0,3
MFI_KE_006916,37,M,Bomet,1,1,2,12552.03,11657.01,869.11,0,0.0,0.0,0.0,1.0,80,0.5192,0,5
MFI_KE_006917,22,F,Homa Bay,2,4,1,7424.52,5714.55,637.45,0,0.0,0.0,0.0,1.0,95,0.8049,0,5
MFI_KE_006918,39,F,Meru,2,0,5,6735.69,6314.22,2962.72,1,1490.12,1685.13,1555.82,0.0868,99,0.5111,0,5
MFI_KE_006919,31,F,Nyeri,14,22,19,93056.17,74124.92,23051.39,3,37684.19,73949.93,122312.01,0.9745,9,0.4525,1,2
MFI_KE_006920,33,F,Bungoma,40,77,60,81003.47,61354.05,65486.74,5,78287.12,110989.43,357681.58,0.8724,0,0.2318,0,4
MFI_KE_006921,23,F,Mombasa,11,29,53,29639.0,22974.89,4240.4,7,1247.79,1867.12,10273.09,0.631,3,0.9762,0,1
MFI_KE_006922,34,F,Kitui,4,21,30,174800.43,139678.9,8915.88,1,39133.46,65200.43,42151.24,0.9905,1,0.7605,0,2
MFI_KE_006923,24,F,Kisumu,9,40,47,11756.29,11413.78,1214.1,10,2521.74,2901.3,21212.44,0.7151,4,0.9913,0,1
MFI_KE_006924,42,M,Kakamega,9,21,18,70848.5,62897.61,7705.19,4,53021.93,65682.35,197218.95,0.8553,4,0.6795,1,2
MFI_KE_006925,32,F,Nakuru,1,7,3,1146.61,961.11,1113.28,0,0.0,0.0,0.0,1.0,72,0.544,0,5
MFI_KE_006926,30,F,Machakos,4,26,15,53018.15,41418.77,3216.76,3,27573.8,34064.49,96308.58,0.9869,6,0.4287,0,2
MFI_KE_006927,33,F,Nyeri,2,84,69,282642.0,291099.47,26609.81,5,173312.56,319763.69,960292.0,0.8417,0,0.1048,1,4
MFI_KE_006928,28,F,Kilifi,31,28,45,32006.22,32725.88,1225.92,11,2086.42,2328.46,25730.28,0.4354,2,0.9374,1,1
MFI_KE_006929,38,M,Kiambu,26,24,21,45174.44,40399.6,33923.64,2,26443.81,43864.51,53217.99,0.9938,8,0.7827,0,2
MFI_KE_006930,24,M,Bomet,7,77,72,394622.66,329720.5,26133.47,8,37297.23,44378.65,295765.41,0.9365,4,0.673,0,4
MFI_KE_006931,28,F,Uasin Gishu,4,44,47,6277.51,6566.3,2886.38,8,1659.64,3170.7,14825.49,0.7087,0,0.8752,0,1
MFI_KE_006932,48,F,Homa Bay,27,66,70,324297.55,313964.06,65554.66,5,144657.03,203951.4,714636.3,0.7813,4,0.589,0,4
MFI_KE_006933,27,M,Kisumu,23,38,61,3475.62,3239.31,1008.73,5,1199.38,1952.9,5648.16,0.7923,4,0.8879,0,1
MFI_KE_006934,39,M,Migori,38,7,5,32794.33,30328.11,2918.84,3,64302.73,102722.51,221101.1,0.7872,8,0.704,1,3
MFI_KE_006935,56,F,Turkana,7,9,4,39220.91,29602.8,13634.28,1,66766.45,115482.16,74451.72,0.9273,1,0.7172,0,3
MFI_KE_006936,26,F,Bungoma,1,0,4,4260.43,3745.55,1268.22,0,0.0,0.0,0.0,1.0,59,0.809,0,5
MFI_KE_006937,35,F,Nakuru,55,25,19,68586.43,67777.1,26255.05,4,62004.63,81182.55,259089.34,0.9537,11,0.5198,0,2
MFI_KE_006938,40,F,Murang'a,5,25,15,32813.27,25339.14,5316.16,3,30159.71,38112.9,85315.42,0.9199,6,0.7236,0,2
MFI_KE_006939,40,F,Bomet,22,35,24,69504.62,50144.55,7369.67,1,22180.92,38787.22,22101.39,0.8642,8,0.663,1,2
MFI_KE_006940,23,F,Nairobi,44,36,38,55494.1,47857.67,504.89,8,829.61,958.5,6634.85,0.497,2,0.8733,0,1
MFI_KE_006941,70,F,Nairobi,1,2,2,18419.45,17195.83,89.42,1,1174.46,1539.56,952.57,0.8311,91,0.1901,0,5
MFI_KE_006942,52,M,Garissa,7,77,81,116207.47,114227.16,19220.28,3,157285.65,275112.46,433242.56,0.9004,2,0.4719,0,4
MFI_KE_006943,41,F,Kisumu,1,2,2,1322.15,963.87,1365.31,0,0.0,0.0,0.0,1.0,11,0.5287,0,5
MFI_KE_006944,23,M,Kisumu,7,40,35,45670.98,32005.29,545.09,4,2675.08,4306.18,9596.17,0.8469,0,0.8348,0,1
MFI_KE_006945,40,F,Laikipia,1,2,2,2278.78,1674.41,369.59,0,0.0,0.0,0.0,1.0,40,0.8479,0,5
MFI_KE_006946,31,M,Turkana,22,4,5,169618.61,162254.43,775.48,3,75356.73,117421.96,248261.07,0.7417,18,0.3077,0,3
MFI_KE_006947,26,M,Nairobi,6,33,55,13853.54,10959.95,4693.69,4,1100.61,1375.14,3542.86,0.7794,0,0.9632,0,1
MFI_KE_006948,25,M,Nairobi,23,26,50,25206.32,19680.97,907.82,8,5315.2,10353.32,49039.84,0.7743,5,0.8539,0,1
MFI_KE_006949,59,F,Kilifi,15,2,2,474.61,376.73,1266.77,1,1669.37,2461.27,1863.54,0.5953,45,0.8328,0,5
MFI_KE_006950,35,F,Laikipia,1,2,2,4853.09,3706.05,3214.19,0,0.0,0.0,0.0,1.0,63,0.2681,0,5
MFI_KE_006951,32,F,Trans Nzoia,1,1,3,10785.33,9051.45,349.28,0,0.0,0.0,0.0,1.0,11,0.8471,0,5
MFI_KE_006952,32,M,Kitui,3,2,2,5970.19,5354.72,1146.26,1,3002.24,3164.21,2554.9,0.2649,34,0.8093,0,5
MFI_KE_006953,29,F,Nairobi,33,42,49,8872.46,6914.27,613.72,8,4029.94,4669.8,28836.06,0.8018,1,0.8584,0,1
MFI_KE_006954,31,F,Kisii,9,79,65,155765.45,142002.31,22280.19,5,286218.33,295674.35,1353758.63,0.8016,3,0.4849,1,4
MFI_KE_006955,24,F,Laikipia,5,32,21,133159.58,129059.12,25211.1,1,23796.07,32558.24,21475.81,0.9407,4,0.5053,0,2
MFI_KE_006956,22,M,Nairobi,6,41,49,17407.25,17711.24,6612.76,6,2063.41,4091.1,10178.74,0.6922,4,0.8456,0,1
MFI_KE_006957,24,M,Nakuru,18,52,58,4369.77,3646.14,311.59,7,2137.12,3933.83,12872.36,0.5389,3,0.992,0,1
MFI_KE_006958,21,M,Nakuru,18,43,46,6642.68,5516.33,496.7,4,2549.35,2832.39,10401.27,0.5922,1,0.9866,0,1
MFI_KE_006959,32,F,Kiambu,73,43,43,7113.53,6194.83,1802.02,13,4748.49,5443.81,56596.27,0.7679,5,0.8607,0,1
MFI_KE_006960,21,M,Kisumu,11,37,62,3670.73,2703.12,2759.78,8,1217.36,1906.87,11515.55,0.7736,0,0.874,0,1
MFI_KE_006961,49,F,Kakamega,2,15,19,34448.69,33470.87,4753.51,3,16500.83,22461.75,48553.0,0.7322,11,0.2763,1,2
MFI_KE_006962,24,F,Kilifi,4,36,58,39147.75,29101.11,1590.3,9,3199.81,5647.04,28217.75,0.6528,3,0.8901,0,1
MFI_KE_006963,26,M,Kericho,15,41,45,12974.67,13603.76,6133.48,7,1400.47,2577.26,10143.19,0.5053,0,0.6818,0,1
MFI_KE_006964,52,M,Migori,5,19,21,51263.29,38333.84,20619.75,0,0.0,0.0,0.0,0.9336,4,0.7801,0,2
MFI_KE_006965,28,M,Kiambu,3,44,54,14118.36,13192.85,2771.62,6,1720.39,2039.13,9798.01,0.4972,0,0.9008,0,1
MFI_KE_006966,48,F,Nyeri,8,71,69,578364.71,522550.02,40588.68,5,126072.59,202030.9,523404.58,0.7725,0,0.5316,0,4
MFI_KE_006967,27,F,Kisumu,8,22,50,107139.31,107210.23,869.82,13,1232.09,1493.79,14995.19,0.6678,5,0.9062,0,1
MFI_KE_006968,28,F,Turkana,20,71,68,718429.42,615486.22,50022.3,3,140446.59,162600.22,415399.64,0.9284,1,0.4649,1,4
MFI_KE_006969,29,M,Meru,42,40,50,6753.88,6409.12,1136.84,11,1051.18,1788.35,10023.32,0.7495,10,0.9939,0,1
MFI_KE_006970,18,F,Kisumu,2,5,4,1121.04,822.06,1889.57,0,0.0,0.0,0.0,1.0,15,0.8523,0,5
MFI_KE_006971,40,F,Laikipia,3,6,7,69735.73,69886.23,3986.44,0,0.0,0.0,0.0,0.9465,11,0.5045,0,3
MFI_KE_006972,27,M,Nyeri,1,1,2,2071.48,2048.47,5936.15,1,1522.04,2329.05,1641.35,0.6327,96,0.3497,0,5
MFI_KE_006973,46,M,Murang'a,12,31,26,184176.4,173345.71,13310.3,5,25322.23,39228.44,116133.78,0.9258,3,0.5574,1,2
MFI_KE_006974,24,M,Mombasa,10,55,47,21898.51,17679.13,981.61,9,1508.55,2402.99,14769.7,0.6418,0,0.7523,0,1
MFI_KE_006975,49,F,Trans Nzoia,13,12,1,199461.2,144986.39,605.29,2,64336.22,101000.96,141552.01,0.7141,10,0.5748,1,3
MFI_KE_006976,31,F,Nairobi,16,39,52,6417.86,6506.71,1246.56,5,1100.7,2108.33,6455.99,0.5578,4,0.6122,0,1
MFI_KE_006977,28,M,Kericho,5,2,4,1335.26,1086.41,419.38,1,949.99,1772.78,1079.86,0.6367,22,0.5864,1,5
MFI_KE_006978,27,F,Trans Nzoia,33,3,1,74424.95,77263.39,7723.22,0,0.0,0.0,0.0,0.5596,4,0.703,0,3
MFI_KE_006979,21,M,Kisumu,18,48,52,5259.64,4369.97,1579.03,6,1846.35,2155.76,10188.05,0.6316,0,0.9427,0,1
MFI_KE_006980,29,M,Nakuru,1,2,3,3749.92,2973.94,4995.98,0,0.0,0.0,0.0,1.0,131,0.8237,0,5
MFI_KE_006981,34,F,Murang'a,1,2,2,1455.58,1298.79,1056.75,0,0.0,0.0,0.0,1.0,74,0.8231,0,5
MFI_KE_006982,48,M,Nyeri,48,9,6,91222.9,67604.15,1318.96,6,73551.69,77893.2,512278.97,0.6204,7,0.3713,1,3
MFI_KE_006983,20,M,Homa Bay,1,2,2,9866.04,9735.28,284.15,0,0.0,0.0,0.0,1.0,18,0.5544,0,5
MFI_KE_006984,36,F,Kericho,1,1,4,4709.59,4364.4,339.81,0,0.0,0.0,0.0,1.0,53,0.6625,0,5
MFI_KE_006985,67,F,Trans Nzoia,3,5,4,147925.2,137778.32,2304.3,1,67151.03,84023.9,78583.3,0.8075,26,0.3223,0,3
MFI_KE_006986,42,M,Nakuru,5,3,2,2013.91,1932.37,1158.69,0,0.0,0.0,0.0,1.0,88,0.7911,0,5
MFI_KE_006987,38,F,Turkana,3,1,2,2243.83,2149.06,1728.69,0,0.0,0.0,0.0,1.0,35,0.6968,0,5
MFI_KE_006988,39,F,Laikipia,12,1,3,589.52,430.57,2425.12,1,889.32,1388.02,817.38,0.1814,17,0.3372,0,5
MFI_KE_006989,60,F,Bungoma,24,7,5,61771.16,54840.39,591.43,5,37475.04,48940.98,157518.48,0.7528,10,0.4529,1,3
MFI_KE_006990,34,M,Embu,11,24,20,72205.65,75318.09,4116.05,1,62428.62,102632.0,56595.26,0.9931,2,0.5754,0,2
MFI_KE_006991,27,F,Uasin Gishu,7,37,45,19119.87,19724.29,2264.41,9,3042.3,4115.75,31263.95,0.8201,0,0.9799,0,1
MFI_KE_006992,36,M,Kisii,10,85,73,559927.12,416232.39,19330.19,3,259969.87,479107.42,857369.57,0.8888,5,0.423,1,4
MFI_KE_006993,36,F,Garissa,14,25,18,108630.75,94576.44,18963.08,3,79833.61,154964.13,198407.69,0.8749,4,0.4356,1,2
MFI_KE_006994,24,M,Trans Nzoia,5,2,2,1142.09,1086.97,476.93,0,0.0,0.0,0.0,1.0,84,0.4188,0,5
MFI_KE_006995,56,M,Murang'a,42,8,3,26014.88,22430.11,2126.28,2,68757.23,106299.07,153399.15,0.4379,1,0.7444,1,3
MFI_KE_006996,42,F,Bomet,14,74,75,889636.81,886185.9,62079.71,5,93216.19,180301.54,422411.94,0.7862,1,0.3656,0,4
MFI_KE_006997,39,F,Nakuru,28,14,18,114316.04,101049.13,6087.48,3,23946.21,25685.78,67074.4,0.9599,18,0.6965,0,2
MFI_KE_006998,44,M,Kisii,2,21,16,38592.2,29189.46,27247.94,4,11584.89,18788.71,53023.43,0.8732,17,0.5865,1,2
MFI_KE_006999,18,M,Nairobi,24,30,56,9338.41,9059.82,1494.12,6,1891.99,3776.68,13336.19,0.7069,5,0.5236,0,1
MFI_KE_007000,44,F,Machakos,6,75,59,403966.6,290004.17,49837.24,7,230291.53,317756.68,1873878.68,0.4682,0,0.6904,1,4
MFI_KE_007001,35,M,Kiambu,13,38,59,16089.95,12529.59,237.5,5,4970.23,6835.65,28925.87,0.5627,1,0.9186,0,1
MFI_KE_007002,32,M,Bungoma,17,26,13,117762.36,83852.17,17820.51,4,25677.3,29360.71,85414.14,0.9304,9,0.7947,1,2
MFI_KE_007003,28,M,Kiambu,34,39,50,2376.03,1988.27,1372.11,12,1242.08,2001.02,11925.88,0.7762,4,0.7267,0,1
MFI_KE_007004,18,F,Nakuru,19,53,62,15285.37,12668.51,1669.19,7,3325.65,3360.07,24402.18,0.5386,0,0.8824,0,1
MFI_KE_007005,18,F,Nairobi,30,42,61,11250.18,9304.2,7388.55,6,1016.7,1423.99,5220.39,0.7696,1,0.8041,0,1
MFI_KE_007006,39,F,Nakuru,7,24,20,86050.54,89875.01,3928.56,2,34225.77,65334.9,55312.71,0.8861,2,0.5002,1,2
MFI_KE_007007,35,F,Nyeri,4,26,22,17834.98,15567.6,10830.96,1,44442.97,81322.45,39125.6,0.923,15,0.7196,0,2
MFI_KE_007008,27,F,Mombasa,4,48,45,7756.27,6514.6,1909.24,8,1726.62,1960.83,12454.54,0.4925,0,0.8776,1,1
MFI_KE_007009,33,F,Homa Bay,24,18,16,48642.7,38601.81,42739.04,4,33939.95,54721.13,139387.58,0.949,3,0.4874,0,2
MFI_KE_007010,31,F,Uasin Gishu,30,45,62,6309.0,5725.7,1302.9,12,2304.64,4390.8,27143.87,0.8438,4,0.8987,0,1
MFI_KE_007011,22,M,Migori,4,2,3,3235.68,2601.93,227.64,1,1262.32,2231.82,1017.46,0.6884,76,0.2703,0,5
MFI_KE_007012,35,F,Laikipia,37,37,21,106176.01,94078.36,5093.85,3,30761.82,32220.18,82847.02,0.9102,4,0.8361,0,2
MFI_KE_007013,41,M,Embu,29,28,12,50305.28,41229.86,8635.86,1,48660.04,68412.13,45134.32,0.9981,2,0.5724,1,2
MFI_KE_007014,33,F,Kisii,88,29,22,62818.08,53091.51,12091.91,3,27878.26,41972.19,75880.62,0.7947,4,0.5712,1,2
MFI_KE_007015,22,M,Murang'a,23,29,22,56305.01,53187.51,7816.16,2,21403.07,30996.23,35003.49,0.7705,27,0.8408,0,2
MFI_KE_007016,36,F,Bomet,27,25,19,117131.65,107832.69,20406.46,2,37287.15,62969.8,79499.87,0.8465,2,0.7548,0,2
MFI_KE_007017,19,M,Bungoma,1,1,2,16416.17,14398.54,331.01,1,2327.83,3832.18,1933.17,0.3342,98,0.6639,0,5
MFI_KE_007018,36,F,Trans Nzoia,24,20,28,33058.13,23556.96,55969.38,4,28702.74,38743.17,119618.51,0.8469,7,0.603,1,2
MFI_KE_007019,29,M,Kericho,5,21,18,151908.82,126992.13,5341.05,2,21819.06,22063.26,38085.04,0.9159,2,0.7556,1,2
MFI_KE_007020,19,M,Kisumu,48,38,38,66312.45,52047.49,19098.97,8,1869.92,2944.16,15289.81,0.8201,0,0.9147,0,1
MFI_KE_007021,33,F,Trans Nzoia,24,9,7,5211.27,5459.39,7282.68,4,90489.63,129360.24,296015.58,0.8772,16,0.3622,1,3
MFI_KE_007022,30,F,Nairobi,20,46,55,19188.05,16037.16,2267.97,12,2422.57,4586.6,31273.91,0.5363,4,0.7701,0,1
MFI_KE_007023,31,M,Kilifi,48,83,72,202955.22,166563.79,41332.86,8,167396.77,184802.04,1080349.04,0.8493,3,0.63,1,4
MFI_KE_007024,45,F,Nairobi,21,78,52,75468.18,68154.01,10039.94,7,170668.51,177981.75,1402597.85,0.9884,1,0.4994,0,4
MFI_KE_007025,35,F,Murang'a,18,7,2,42412.19,29987.99,1264.51,1,69544.32,71150.08,61997.12,0.9351,15,0.4499,1,3
MFI_KE_007026,18,M,Mombasa,1,0,6,18984.38,14015.59,1594.11,0,0.0,0.0,0.0,1.0,31,0.4634,0,5
MFI_KE_007027,57,M,Laikipia,2,8,8,75730.66,70428.01,5956.97,3,135953.38,242195.65,332224.58,0.6702,5,0.3582,1,3
MFI_KE_007028,25,F,Nairobi,64,43,35,14524.85,10983.48,870.08,9,1296.22,1495.05,11613.25,0.5953,2,0.9507,0,1
MFI_KE_007029,45,F,Kericho,27,7,5,149820.18,142477.45,7608.19,1,35675.74,58511.06,30542.68,0.8853,3,0.303,0,3
MFI_KE_007030,24,F,Garissa,8,38,42,29322.99,24641.8,4136.1,8,1934.21,3254.58,13962.03,0.7004,0,0.8913,0,1
MFI_KE_007031,37,F,Laikipia,12,2,9,17921.65,13593.18,28489.13,2,62172.36,118740.14,134114.23,0.6147,3,0.6318,1,3
MFI_KE_007032,27,F,Uasin Gishu,16,69,65,187628.87,142747.78,44164.05,8,205725.91,359048.37,1651780.08,0.871,0,0.3785,1,4
MFI_KE_007033,24,F,Kisumu,4,55,50,28167.11,23799.62,1346.03,9,1465.03,2458.17,15667.24,0.732,0,0.8893,0,1
MFI_KE_007034,40,F,Kisumu,3,3,3,2733.05,2435.34,339.62,4,1652.38,1714.29,6629.23,0.5778,54,0.5094,0,5
MFI_KE_007035,44,M,Machakos,9,6,6,16551.15,14282.12,6089.13,3,42856.71,45067.44,148734.76,0.6521,6,0.2727,1,3
MFI_KE_007036,22,M,Bomet,48,44,46,5328.5,3864.38,388.38,10,2408.04,3626.29,25183.66,0.6641,4,0.9844,0,1
MFI_KE_007037,55,F,Machakos,47,6,4,28895.7,27605.99,6269.26,2,66275.84,71742.19,131334.13,0.8932,10,0.195,1,3
MFI_KE_007038,19,F,Uasin Gishu,6,62,58,5726.08,5657.83,1338.21,6,2632.99,4919.36,18150.48,0.5582,0,0.8903,0,1
MFI_KE_007039,21,M,Homa Bay,17,43,55,43382.42,41713.75,957.7,3,1590.59,2712.71,4078.67,0.5309,4,0.9917,0,1
MFI_KE_007040,22,F,Uasin Gishu,108,50,38,13592.18,11344.48,1399.74,11,2721.13,3294.43,24539.38,0.6582,9,0.8636,0,1
MFI_KE_007041,33,M,Nakuru,1,1,4,3692.93,3316.99,1362.02,1,1289.49,1404.55,1458.16,0.5874,33,0.7201,0,5
MFI_KE_007042,50,F,Kilifi,36,5,5,113937.62,95944.59,2007.2,1,271374.54,531769.41,290564.54,0.866,7,0.3826,1,3
MFI_KE_007043,23,F,Kisumu,4,29,54,35360.68,25657.76,843.31,7,9323.16,13009.44,61847.19,0.9624,0,0.9144,0,1
MFI_KE_007044,55,F,Bungoma,4,8,6,44002.33,41403.5,1703.47,0,0.0,0.0,0.0,0.7544,4,0.4031,1,3
MFI_KE_007045,24,M,Kiambu,4,31,47,9271.94,8389.03,1440.62,12,1780.68,1930.31,21249.31,0.4565,1,0.6271,0,1
MFI_KE_007046,22,M,Uasin Gishu,13,30,45,16002.17,15227.94,768.25,6,2615.94,2700.67,14020.24,0.9939,3,0.979,0,1
MFI_KE_007047,42,F,Kisii,25,3,9,41597.99,35738.9,4588.66,4,38359.83,49279.15,123120.99,0.8199,7,0.4146,1,3
MFI_KE_007048,34,F,Homa Bay,33,26,21,70626.92,57779.22,14050.92,2,40944.85,44226.99,83461.32,0.9436,2,0.898,1,2
MFI_KE_007049,37,M,Homa Bay,4,81,62,240732.33,228269.16,21466.75,3,143151.61,237750.09,513849.79,0.8437,1,0.5791,0,4
MFI_KE_007050,48,M,Machakos,1,1,2,2112.6,2159.21,1357.1,1,1585.73,2307.4,1447.78,0.629,45,0.9076,0,5
MFI_KE_007051,32,F,Mombasa,53,79,68,298260.6,264487.38,34391.68,4,97824.81,109180.78,321901.92,0.825,1,0.407,0,4
MFI_KE_007052,39,F,Turkana,1,1,3,470.8,411.5,298.97,1,2068.56,2564.85,2436.06,0.7487,46,0.8173,0,5
MFI_KE_007053,40,M,Bungoma,7,6,8,14846.85,11476.9,13950.99,2,29729.95,43869.89,63916.92,0.8762,5,0.5917,1,3
MFI_KE_007054,20,M,Nakuru,35,46,47,16812.75,13552.49,4963.53,14,2699.35,4452.0,41224.56,0.8535,0,0.9156,0,1
MFI_KE_007055,41,F,Turkana,1,4,1,5979.48,5687.68,1286.19,1,546.79,792.76,522.11,0.5561,59,0.8028,0,5
MFI_KE_007056,56,M,Migori,8,11,5,32027.51,24299.67,3521.87,2,44884.03,78148.13,103512.41,0.7612,3,0.2902,1,3
MFI_KE_007057,38,M,Migori,7,68,65,305266.95,298271.32,38600.54,5,138874.55,264764.45,799647.36,0.9109,0,0.3624,1,4
MFI_KE_007058,40,F,Meru,13,8,6,61823.42,63794.31,7113.93,1,102401.45,113176.48,119288.19,0.9238,7,0.6929,1,3
MFI_KE_007059,35,F,Kitui,11,16,21,48039.31,49846.57,36716.98,2,26201.61,49827.32,54378.76,0.9858,3,0.503,0,2
MFI_KE_007060,34,F,Kakamega,20,29,31,91272.69,84714.09,9918.46,2,75203.36,115933.95,179127.92,0.9362,6,0.5733,1,2
MFI_KE_007061,22,F,Meru,15,23,22,47240.41,34039.66,6051.93,4,38080.06,58998.53,136826.66,0.9775,2,0.494,0,2
MFI_KE_007062,34,F,Turkana,12,20,16,48201.07,45840.51,17637.67,2,28510.86,35139.43,58797.84,0.9399,1,0.6432,0,2
MFI_KE_007063,25,M,Garissa,15,83,68,49933.45,36008.07,13897.43,7,110590.51,117280.73,636854.67,0.7026,0,0.3458,1,4
MFI_KE_007064,25,F,Mombasa,16,37,44,4064.37,3884.19,1290.74,7,1119.66,1249.55,7431.99,0.2905,2,0.7445,1,1
MFI_KE_007065,59,M,Kakamega,22,8,9,28593.11,21701.96,24523.81,2,72329.06,112337.85,123752.96,0.8414,7,0.5058,1,3
MFI_KE_007066,42,M,Meru,2,3,3,735.56,700.0,606.77,0,0.0,0.0,0.0,1.0,365,0.6861,0,5
MFI_KE_007067,46,F,Homa Bay,11,8,5,70762.04,69227.7,28480.05,1,93072.18,121791.37,99159.25,0.8341,2,0.4008,0,3
MFI_KE_007068,41,M,Turkana,5,1,2,10373.48,10084.57,311.8,0,0.0,0.0,0.0,1.0,99,0.7927,0,5
MFI_KE_007069,50,M,Murang'a,5,28,16,75508.71,59995.7,17981.15,3,25649.58,28743.5,74178.88,0.9239,5,0.8973,0,2
MFI_KE_007070,48,M,Migori,3,23,18,51558.59,53172.78,5549.68,3,46569.72,76852.76,129033.22,0.9565,24,0.7354,0,2
MFI_KE_007071,27,F,Kakamega,57,29,25,17570.07,13348.71,3219.15,4,26901.5,29443.43,92254.58,0.9463,24,0.6015,0,2
MFI_KE_007072,36,M,Mombasa,25,47,49,55924.5,39220.57,1626.39,10,2577.51,4688.92,23954.52,0.582,0,0.7881,0,1
MFI_KE_007073,41,F,Turkana,18,72,73,282627.03,273644.93,67208.39,4,87091.36,166639.91,381621.45,0.9754,2,0.3516,0,4
MFI_KE_007074,46,F,Turkana,33,72,75,495080.95,378965.82,61983.93,5,108105.55,214475.21,525093.69,0.7508,5,0.5478,1,4
MFI_KE_007075,45,M,Bungoma,2,16,22,69088.73,67684.69,11062.21,3,47685.92,85557.78,167637.4,0.965,5,0.4578,0,2
MFI_KE_007076,44,F,Murang'a,4,1,3,24084.28,23288.72,419.22,0,0.0,0.0,0.0,1.0,21,0.5236,0,5
MFI_KE_007077,28,F,Garissa,26,75,71,111838.06,112134.4,37706.63,5,110975.05,148411.71,663289.72,0.8913,0,0.2528,0,4
MFI_KE_007078,28,M,Kisumu,30,35,43,21395.33,21541.89,3605.36,10,2071.41,2464.53,19254.43,0.8673,4,0.9019,0,1
MFI_KE_007079,59,F,Bomet,23,6,5,6755.56,6336.08,5623.01,2,43911.97,87434.38,97898.55,0.822,11,0.2916,1,3
MFI_KE_007080,51,F,Machakos,9,29,19,33022.18,33972.71,19821.94,4,41015.64,62600.85,191039.36,0.9646,2,0.3913,0,2
MFI_KE_007081,44,F,Trans Nzoia,16,9,5,206533.31,190126.6,5766.05,1,36644.88,52303.19,32643.84,0.4567,1,0.296,1,3
MFI_KE_007082,41,F,Bungoma,21,24,20,57177.8,47174.62,13216.09,3,40657.59,50678.7,117401.96,0.9962,7,0.6911,0,2
MFI_KE_007083,47,F,Nakuru,35,80,79,775434.12,725837.12,40790.05,4,64713.16,104519.8,268018.58,0.7695,0,0.6538,0,4
MFI_KE_007084,31,F,Embu,15,13,8,59575.41,46611.56,4410.29,2,90536.21,105803.96,204236.11,0.8403,6,0.5385,1,3
MFI_KE_007085,30,F,Laikipia,19,33,58,20277.71,18553.67,2701.76,3,2368.6,2499.91,7870.02,0.5338,4,0.9561,0,1
MFI_KE_007086,18,F,Nairobi,25,48,45,14809.71,10517.16,1351.76,8,528.75,795.89,4707.99,0.8883,1,0.5004,0,1
MFI_KE_007087,23,F,Nakuru,8,50,44,23051.2,23198.1,1516.31,10,2331.99,3533.07,20484.21,0.5501,0,0.7346,0,1
MFI_KE_007088,33,F,Uasin Gishu,120,26,18,247763.21,244928.52,14825.6,1,107365.32,195668.55,123702.8,0.9617,31,0.5855,0,2
MFI_KE_007089,48,M,Kitui,3,3,2,600.24,518.4,138.49,1,5029.36,7972.51,4391.64,0.2323,31,0.4117,0,5
MFI_KE_007090,22,F,Nairobi,3,44,32,23071.35,23049.32,2242.54,4,5251.91,8122.28,24979.07,0.4655,0,0.7756,0,1
MFI_KE_007091,25,M,Kiambu,18,40,49,15742.1,16513.89,1008.65,11,1858.41,2229.45,18799.75,0.7426,0,0.838,0,1
MFI_KE_007092,20,F,Nairobi,46,42,42,47720.71,43676.43,202.59,8,1608.38,2715.34,10387.43,0.6527,4,0.8813,0,1
MFI_KE_007093,22,M,Kiambu,21,41,39,36552.38,31105.39,1388.04,5,1735.39,2237.63,8312.06,0.5336,2,0.9919,0,1
MFI_KE_007094,30,M,Laikipia,6,3,2,7364.53,5514.08,1339.52,1,2540.41,2963.09,2740.43,0.8123,122,0.8624,0,5
MFI_KE_007095,51,F,Homa Bay,108,26,10,44208.68,43345.2,16122.99,0,0.0,0.0,0.0,0.9225,24,0.5425,1,2
MFI_KE_007096,22,F,Trans Nzoia,10,9,4,38152.17,35243.43,6437.34,1,25173.67,36003.68,24805.07,0.9312,9,0.4442,1,3
MFI_KE_007097,25,F,Uasin Gishu,40,45,47,5234.87,5360.54,4048.85,6,786.53,807.4,5190.2,0.5617,2,0.9403,0,1
MFI_KE_007098,38,F,Machakos,11,20,12,58680.6,42025.42,20279.44,4,60044.59,71935.65,245521.22,0.9739,18,0.5121,0,2
MFI_KE_007099,37,M,Murang'a,14,20,22,34400.81,24683.6,3822.5,6,111853.74,131290.73,756369.66,0.8641,10,0.5647,0,2
MFI_KE_007100,55,M,Homa Bay,55,9,1,75186.09,74547.23,4208.04,2,67301.59,129150.83,132390.91,0.808,5,0.721,1,3
MFI_KE_007101,37,M,Garissa,3,17,24,46593.26,46219.66,9589.13,2,22694.08,23555.61,48043.41,0.9901,2,0.7547,0,2
MFI_KE_007102,51,M,Kisumu,2,74,59,375750.18,363573.72,115640.96,5,194370.17,311829.42,1139910.33,0.8713,0,0.1598,1,4
MFI_KE_007103,38,M,Migori,1,2,2,1763.19,1361.53,1001.7,1,2653.12,2893.2,3099.87,0.4106,46,0.7876,0,5
MFI_KE_007104,27,F,Bungoma,10,26,21,190777.86,195601.67,26272.69,1,55091.9,73273.44,64616.8,0.9527,11,0.6996,0,2
MFI_KE_007105,29,M,Murang'a,2,46,62,10782.53,7834.05,2775.45,6,1071.02,1676.13,7128.96,0.4625,4,0.8859,1,1
MFI_KE_007106,55,F,Kitui,21,6,2,29057.95,24017.44,7608.29,1,26178.68,39038.14,30990.37,0.6914,4,0.3007,0,3
MFI_KE_007107,54,M,Trans Nzoia,9,83,91,352750.62,256552.38,6789.43,7,99480.54,157810.33,664608.9,0.9497,0,0.6789,1,4
MFI_KE_007108,30,M,Nairobi,44,52,47,19863.72,19724.7,2267.67,4,1963.16,2151.49,9402.82,0.7015,0,0.7806,0,1
MFI_KE_007109,47,F,Mombasa,7,92,67,138463.18,132171.54,45967.91,7,99781.93,187183.36,755769.66,0.8489,0,0.5847,1,4
MFI_KE_007110,22,M,Kisii,23,22,20,85981.62,88823.66,24774.89,4,63853.45,120589.43,287647.0,0.8131,10,0.5927,1,2
MFI_KE_007111,49,M,Nakuru,99,22,14,29775.26,26583.16,37341.38,6,48000.81,85612.55,252315.38,0.9447,2,0.5782,0,2
MFI_KE_007112,30,M,Garissa,105,21,12,58868.1,56610.61,20578.65,2,58548.73,107329.79,115016.34,0.9553,16,0.4433,0,2
MFI_KE_007113,42,F,Embu,2,9,4,256106.11,238678.26,34906.88,3,41413.0,49787.2,117086.05,0.7498,12,0.432,1,3
MFI_KE_007114,23,M,Machakos,7,23,16,58974.94,58336.02,5690.47,3,33454.26,45553.13,114424.05,0.9577,6,0.8053,0,2
MFI_KE_007115,39,M,Kilifi,22,31,16,87185.59,66195.01,10628.99,5,40194.38,77273.33,201336.62,0.9729,7,0.6561,0,2
MFI_KE_007116,27,M,Kitui,29,27,10,15280.38,12846.25,5810.96,4,16859.53,19322.72,68374.36,0.9933,24,0.6593,0,2
MFI_KE_007117,24,M,Nairobi,6,41,49,6596.42,5290.58,5868.65,13,656.62,693.64,7809.59,0.8946,0,0.9299,1,1
MFI_KE_007118,61,F,Kisii,3,4,4,3031.45,3153.84,3310.19,0,0.0,0.0,0.0,1.0,93,0.5992,0,5
MFI_KE_007119,47,M,Kakamega,22,82,57,394377.61,375799.56,28159.17,5,161912.44,168639.91,767476.54,0.84,0,0.5798,0,4
MFI_KE_007120,24,F,Mombasa,6,38,38,17232.62,16438.72,527.26,13,2202.61,3955.53,25153.0,0.8636,0,0.8568,0,1
MFI_KE_007121,25,F,Kisii,77,83,59,236593.42,232402.46,53616.55,7,116660.3,135584.35,846438.01,0.8543,4,0.6416,1,4
MFI_KE_007122,54,F,Trans Nzoia,4,4,4,42391.24,32736.72,8631.22,2,67059.79,126378.27,147723.26,0.6984,5,0.3826,1,3
MFI_KE_007123,24,F,Garissa,3,50,49,22762.4,22553.8,610.74,5,1935.18,2053.89,10684.45,0.6972,0,0.7866,0,1
MFI_KE_007124,46,M,Kiambu,6,20,20,122761.38,92348.02,6927.57,3,25546.5,49676.88,88272.18,0.9641,19,0.8832,0,2
MFI_KE_007125,28,M,Kitui,15,51,51,6967.16,6323.14,1510.15,12,1103.47,1412.1,13042.1,0.8476,0,0.9316,0,1
MFI_KE_007126,33,F,Mombasa,19,23,26,62097.23,44386.83,5118.21,1,12958.79,16662.2,12768.72,0.9688,3,0.6694,0,2
MFI_KE_007127,19,F,Nakuru,18,43,31,11701.79,8848.31,582.0,6,792.5,1525.77,4852.51,0.7732,3,0.9216,0,1
MFI_KE_007128,21,F,Kisumu,5,36,46,3821.5,3601.33,10050.98,10,1579.72,2563.18,17078.29,0.6369,4,0.9406,0,1
MFI_KE_007129,40,F,Nyeri,33,20,20,51261.59,37035.92,25340.86,2,47925.7,73956.65,90313.46,0.9329,6,0.743,0,2
MFI_KE_007130,34,M,Homa Bay,18,3,3,22692.08,17525.92,6073.25,1,59628.36,102258.12,47868.45,0.8436,10,0.2035,1,3
MFI_KE_007131,45,F,Bungoma,2,7,5,32173.44,27301.93,5928.36,2,75253.85,126938.18,179377.37,0.8291,11,0.4098,1,3
MFI_KE_007132,47,F,Homa Bay,2,16,22,65753.07,61230.95,46826.95,5,59988.21,88353.46,254509.19,0.9412,9,0.3305,0,2
MFI_KE_007133,19,M,Migori,1,1,4,664.68,645.71,637.52,0,0.0,0.0,0.0,1.0,40,0.5801,0,5
MFI_KE_007134,48,F,Turkana,19,6,2,62103.45,58565.16,1966.14,3,124850.54,239919.76,301121.7,0.7103,1,0.1301,0,3
MFI_KE_007135,18,F,Migori,4,1,1,6872.81,7133.93,312.04,0,0.0,0.0,0.0,1.0,83,0.6725,0,5
MFI_KE_007136,53,M,Kakamega,29,8,8,80548.62,59318.98,1411.1,4,52499.61,87921.71,189644.23,0.8024,5,0.6479,1,3
MFI_KE_007137,23,F,Kisumu,5,41,63,17817.68,15324.77,3479.89,5,1330.79,2001.86,6044.82,0.7814,10,0.9382,0,1
MFI_KE_007138,27,M,Mombasa,20,35,55,5011.3,4107.22,2696.23,7,1980.8,3526.37,11595.34,0.7275,2,0.9881,0,1
MFI_KE_007139,42,F,Homa Bay,8,77,75,133123.47,117093.42,25185.0,4,72568.3,143435.81,268104.24,0.6096,0,0.4075,0,4
MFI_KE_007140,63,F,Kitui,3,2,3,13269.7,11383.72,508.53,1,900.37,1555.52,900.68,0.5851,57,0.3444,0,5
MFI_KE_007141,35,F,Bomet,15,28,22,83140.62,85088.03,16207.95,4,53998.35,83743.87,231980.87,0.977,3,0.6464,0,2
MFI_KE_007142,30,F,Kisii,6,82,68,529266.74,530191.41,9637.24,3,149306.93,150292.07,508176.74,0.9473,0,0.418,1,4
MFI_KE_007143,49,F,Murang'a,9,22,19,84223.56,76835.47,27373.63,0,0.0,0.0,0.0,0.9371,4,0.5646,0,2
MFI_KE_007144,39,F,Nyeri,32,21,26,76087.85,61925.33,3998.05,2,25495.85,49779.41,51300.74,0.9506,25,0.393,1,2
MFI_KE_007145,24,F,Laikipia,2,41,59,7491.52,6804.69,2239.01,11,1326.5,2223.25,16617.26,0.5663,1,0.998,0,1
MFI_KE_007146,49,M,Trans Nzoia,28,21,13,64014.94,49973.87,6556.81,4,27135.89,33764.5,97499.71,0.9746,1,0.7342,1,2
MFI_KE_007147,39,F,Kericho,13,12,20,79221.8,74606.32,16590.14,1,35083.45,38038.3,34954.38,0.8096,11,0.4768,1,2
MFI_KE_007148,32,M,Kisii,6,1,2,4827.68,3819.22,358.26,1,658.47,1210.41,757.01,0.5454,37,0.6416,0,5
MFI_KE_007149,50,M,Turkana,2,1,2,683.27,568.82,1314.06,0,0.0,0.0,0.0,1.0,76,0.5331,0,5
MFI_KE_007150,29,F,Turkana,26,24,25,16932.27,13309.75,41924.04,2,51097.9,87749.04,87731.93,0.8665,22,0.3925,0,2
MFI_KE_007151,29,M,Uasin Gishu,5,30,52,20824.64,15256.85,3701.97,12,1468.25,2723.77,18139.85,0.8151,4,0.947,0,1
MFI_KE_007152,32,M,Mombasa,1,5,2,1123.59,881.61,331.75,0,0.0,0.0,0.0,1.0,30,0.3962,0,5
MFI_KE_007153,27,M,Migori,3,71,54,374065.63,378356.87,79265.03,9,224234.65,267511.59,2026299.96,0.8681,0,0.4213,1,4
MFI_KE_007154,51,M,Kilifi,8,95,61,386574.09,275262.33,28023.92,5,243250.92,361612.21,1434615.25,0.6699,2,0.3539,1,4
MFI_KE_007155,49,F,Turkana,2,19,22,26516.77,24217.27,4090.52,7,29190.73,53647.89,197311.32,0.9993,10,0.372,1,2
MFI_KE_007156,35,F,Murang'a,32,22,21,96385.73,70761.63,17894.41,0,0.0,0.0,0.0,0.9467,10,0.471,0,2
MFI_KE_007157,57,F,Nairobi,7,93,74,161806.05,150712.88,49230.18,5,129291.45,241477.56,701850.99,0.453,7,0.674,1,4
MFI_KE_007158,29,M,Kiambu,2,39,51,10030.68,9143.87,509.36,3,1311.98,2208.19,3422.68,0.8453,2,0.6994,0,1
MFI_KE_007159,41,M,Machakos,4,2,5,2212.7,1718.57,281.19,0,0.0,0.0,0.0,1.0,51,0.7478,0,5
MFI_KE_007160,18,F,Nakuru,21,47,48,11719.41,11727.34,2369.85,11,5289.07,6466.68,63072.36,0.5017,0,0.9034,0,1
MFI_KE_007161,24,F,Mombasa,6,36,48,13012.0,12360.64,713.27,6,1336.89,1454.15,7549.63,0.8298,1,0.652,0,1
MFI_KE_007162,36,F,Nairobi,2,2,1,4717.68,4082.94,818.57,0,0.0,0.0,0.0,1.0,19,0.3846,0,5
MFI_KE_007163,47,F,Trans Nzoia,6,7,4,141216.47,127782.25,3536.08,1,97380.55,174735.8,92778.4,0.9308,1,0.5244,1,3
MFI_KE_007164,53,F,Kakamega,5,9,9,436916.81,365842.47,13951.34,0,0.0,0.0,0.0,0.8326,4,0.4631,1,3
MFI_KE_007165,24,F,Mombasa,2,39,51,41291.07,35317.9,1159.81,2,2342.56,3421.31,5121.62,0.644,1,0.9283,0,1
MFI_KE_007166,38,F,Kitui,10,85,70,435469.45,349283.5,59215.56,3,196401.34,212096.37,571411.27,0.9078,0,0.5052,1,4
MFI_KE_007167,26,F,Embu,1,1,3,1647.59,1265.98,357.79,0,0.0,0.0,0.0,1.0,24,0.8761,0,5
MFI_KE_007168,26,M,Nairobi,6,26,50,8452.89,7879.56,1748.66,8,1855.93,2041.13,16434.2,0.8481,1,0.8846,0,1
MFI_KE_007169,29,M,Nyeri,15,40,53,3066.13,2432.73,8429.38,5,2662.06,3591.03,14583.37,0.8831,0,0.9931,1,1
MFI_KE_007170,34,M,Nyeri,2,70,65,210116.95,218227.84,32982.01,3,163894.62,276303.04,393691.2,0.9331,3,0.485,1,4
MFI_KE_007171,23,F,Nakuru,3,49,34,12901.56,12092.2,2328.52,13,2630.26,4176.76,32496.31,0.6148,2,0.7881,1,1
MFI_KE_007172,27,M,Kakamega,21,5,11,580000.72,460074.42,2915.86,0,0.0,0.0,0.0,0.795,1,0.6457,0,3
MFI_KE_007173,47,F,Bomet,12,10,6,67164.89,65144.74,1075.25,2,18885.32,25872.88,30618.68,0.7851,1,0.5176,1,3
MFI_KE_007174,63,M,Kitui,34,7,7,41454.14,39990.64,23363.46,1,26495.0,27025.57,23906.45,0.6193,2,0.591,1,3
MFI_KE_007175,28,F,Garissa,3,0,3,34129.37,25864.63,408.89,0,0.0,0.0,0.0,1.0,41,0.8528,1,5
MFI_KE_007176,45,M,Kitui,6,0,3,1574.25,1221.72,1555.04,0,0.0,0.0,0.0,1.0,14,0.5427,0,5
MFI_KE_007177,44,F,Migori,17,19,18,198096.76,152310.09,7199.94,4,50554.59,61547.09,175160.67,0.9533,14,0.6769,1,2
MFI_KE_007178,28,F,Kiambu,10,31,58,56382.73,52087.52,3850.62,7,3885.3,5868.39,25382.89,0.5297,3,0.8863,0,1
MFI_KE_007179,33,F,Uasin Gishu,9,31,51,7552.68,5320.36,466.0,7,1842.32,3385.95,14547.62,0.7534,2,0.9392,0,1
MFI_KE_007180,37,F,Meru,23,9,4,33664.95,34373.26,18343.03,2,82292.86,148848.76,167651.72,0.7085,3,0.5152,1,3
MFI_KE_007181,20,M,Uasin Gishu,19,35,49,34349.87,33356.2,7123.73,2,1310.41,1676.07,2987.49,0.8034,1,0.9873,0,1
MFI_KE_007182,41,M,Bungoma,14,22,15,32159.35,22699.56,11209.74,2,23213.98,33168.46,53577.78,0.9402,6,0.5695,0,2
MFI_KE_007183,39,M,Embu,7,21,21,51755.07,40607.78,9541.33,2,32413.12,52109.63,65396.04,0.9952,13,0.7234,1,2
MFI_KE_007184,22,F,Turkana,8,3,11,26483.31,26138.95,1799.52,4,54383.63,96465.15,222011.26,0.2856,9,0.4746,1,3
MFI_KE_007185,61,F,Garissa,7,8,9,619733.07,513044.17,7151.43,1,70064.19,109078.67,80737.61,0.7637,2,0.1636,0,3
MFI_KE_007186,44,F,Garissa,94,28,20,70468.33,59374.44,11254.86,1,30956.31,32900.21,31592.26,0.962,4,0.8185,0,2
MFI_KE_007187,32,F,Bomet,7,87,78,488288.26,429977.13,28538.76,10,194581.03,198883.42,2060086.07,0.7125,5,0.3808,0,4
MFI_KE_007188,25,F,Bungoma,24,9,4,33011.19,29202.6,3620.84,2,56226.47,106683.54,108943.96,0.583,7,0.2921,0,3
MFI_KE_007189,22,F,Machakos,11,23,17,130622.47,123406.9,12549.09,4,26353.23,36473.61,124471.49,0.9843,5,0.3549,0,2
MFI_KE_007190,28,F,Uasin Gishu,30,38,38,28131.97,28085.27,1235.99,5,1930.1,2929.38,9515.5,0.8733,0,0.8136,0,1
MFI_KE_007191,23,M,Turkana,38,36,52,10781.26,9989.66,1817.88,9,2983.24,4160.24,28168.78,0.7695,2,0.7411,0,1
MFI_KE_007192,26,M,Turkana,66,48,40,11568.36,8563.12,3196.09,5,5252.23,9109.77,29525.06,0.278,0,0.9783,0,1
MFI_KE_007193,53,F,Embu,3,21,22,45453.93,40541.95,18707.48,5,22736.98,36333.68,111030.56,0.9755,1,0.8437,0,2
MFI_KE_007194,18,M,Mombasa,2,0,1,4321.96,3441.52,502.36,0,0.0,0.0,0.0,1.0,28,0.6567,0,5
MFI_KE_007195,51,F,Trans Nzoia,25,77,69,396862.95,343888.67,45058.54,7,65009.65,97374.56,522882.13,0.8593,0,0.6161,0,4
MFI_KE_007196,21,M,Uasin Gishu,54,37,44,25235.4,20222.01,2306.07,5,1882.77,2847.25,9065.83,0.7547,1,0.9856,0,1
MFI_KE_007197,36,F,Nakuru,4,24,21,115108.04,88081.01,7703.7,7,105505.71,139256.3,598964.39,0.9459,1,0.6756,0,2
MFI_KE_007198,52,F,Garissa,38,91,68,124068.5,129682.88,21761.27,3,159670.73,266627.6,569220.3,0.9699,1,0.5391,0,4
MFI_KE_007199,30,F,Kiambu,7,33,51,10907.79,10827.16,3100.96,11,1894.52,2092.13,24711.88,0.6255,1,0.9376,0,1
MFI_KE_007200,28,F,Kisumu,16,40,56,6351.56,5844.88,1519.86,8,4043.74,4649.64,31365.95,0.648,0,0.7682,0,1
MFI_KE_007201,32,F,Kilifi,10,7,1,149600.93,145687.46,74683.31,1,97794.58,158518.11,108330.05,0.7278,9,0.7991,0,3
MFI_KE_007202,32,F,Nairobi,9,36,50,11809.28,11860.67,572.84,9,1910.19,2696.37,16986.37,0.6483,5,0.7836,1,1
MFI_KE_007203,18,F,Garissa,5,3,2,1890.86,1971.34,1338.13,0,0.0,0.0,0.0,1.0,76,0.5917,0,5
MFI_KE_007204,33,M,Nakuru,3,45,42,2523.95,2276.87,3247.09,11,1041.49,1936.4,9749.15,0.7064,1,0.7821,0,1
MFI_KE_007205,30,F,Laikipia,19,19,19,67562.82,50104.9,11189.98,2,39903.66,61412.63,92430.11,0.8609,10,0.7204,1,2
MFI_KE_007206,24,F,Kiambu,36,44,42,8758.49,6589.11,1431.51,5,2006.23,2891.65,8832.36,0.5331,2,0.7728,0,1
MFI_KE_007207,28,M,Kiambu,38,23,45,8499.77,8268.61,15277.45,7,1433.74,1756.77,9734.59,0.8624,0,0.9669,0,1
MFI_KE_007208,24,M,Trans Nzoia,5,45,46,19078.96,18502.81,2186.06,17,952.38,1507.26,13442.05,0.3737,2,0.8795,0,1
MFI_KE_007209,22,M,Kilifi,6,27,17,78628.77,66144.1,8787.27,3,16849.44,22086.39,46786.54,0.9733,8,0.7948,0,2
MFI_KE_007210,64,F,Kitui,16,9,4,555261.02,546258.49,1609.35,1,73814.24,75685.83,73961.73,0.9239,11,0.3931,1,3
MFI_KE_007211,36,M,Kitui,2,1,1,8341.04,5900.4,3417.81,0,0.0,0.0,0.0,1.0,33,0.5279,0,5
MFI_KE_007212,38,F,Kisii,15,11,5,92441.58,82327.47,12070.59,2,98274.38,196041.93,221764.74,0.8193,9,0.3261,1,3
MFI_KE_007213,31,M,Nyeri,28,80,70,271180.23,236195.53,28952.97,6,168944.56,172395.91,1184859.55,0.954,1,0.6704,0,4
MFI_KE_007214,53,M,Trans Nzoia,20,76,64,288334.07,231864.82,15409.53,6,157606.74,178576.73,821226.59,0.8983,4,0.5241,0,4
MFI_KE_007215,34,F,Murang'a,44,10,6,772719.04,724586.68,17377.3,1,44630.39,73467.82,36474.38,0.657,5,0.6483,1,3
MFI_KE_007216,39,M,Laikipia,3,72,66,394225.84,315234.93,52133.58,9,184835.2,354367.52,1359577.14,0.8175,1,0.5742,0,4
MFI_KE_007217,41,M,Trans Nzoia,34,6,5,89918.14,67446.66,16635.37,0,0.0,0.0,0.0,0.7586,14,0.4606,1,3
MFI_KE_007218,45,F,Nyeri,10,1,5,3990.11,4040.03,517.12,0,0.0,0.0,0.0,1.0,59,0.4966,0,5
MFI_KE_007219,21,M,Mombasa,20,36,59,24012.78,18182.52,3020.28,5,1465.75,2213.35,7754.82,0.6156,1,0.9438,0,1
MFI_KE_007220,52,M,Nyeri,8,9,9,24250.43,19141.74,33590.56,3,27866.41,34593.46,69620.71,0.8615,10,0.3802,1,3
MFI_KE_007221,48,F,Bomet,5,65,72,159004.85,116702.35,20074.5,3,208633.31,218302.84,627740.4,0.8035,4,0.6025,0,4
MFI_KE_007222,24,F,Kiambu,55,46,56,4148.18,2991.13,1250.72,11,4500.58,7016.28,54410.74,0.839,3,0.9874,0,1
MFI_KE_007223,42,M,Kakamega,15,22,23,60132.91,49592.17,15608.26,5,32836.72,33917.69,173793.21,0.916,2,0.7351,1,2
MFI_KE_007224,22,F,Nyeri,2,7,9,108215.4,98104.23,7982.84,0,0.0,0.0,0.0,0.6713,2,0.4478,1,3
MFI_KE_007225,35,F,Uasin Gishu,5,4,4,2070.77,1496.62,702.59,1,1048.58,1483.42,1023.8,0.7367,102,0.7422,0,5
MFI_KE_007226,45,M,Kitui,18,30,25,458539.78,396100.01,20055.13,4,30172.68,56515.77,131383.54,0.9835,1,0.8393,1,2
MFI_KE_007227,43,M,Kitui,3,25,22,95672.61,83043.94,18744.3,2,68246.31,125932.54,148040.43,0.9971,7,0.3521,0,2
MFI_KE_007228,20,M,Uasin Gishu,54,24,44,8336.36,7050.15,1548.11,6,1616.06,1931.48,8089.38,0.6252,3,0.9249,0,1
MFI_KE_007229,27,F,Nairobi,25,24,20,100506.84,82225.85,30089.76,1,17733.45,33193.69,18548.01,0.8814,1,0.8336,0,2
MFI_KE_007230,25,F,Kiambu,16,30,15,70972.18,56103.22,28304.95,2,48125.91,89409.29,115125.48,0.9218,10,0.5402,0,2
MFI_KE_007231,27,M,Turkana,27,22,27,77834.35,60517.0,6911.94,4,47864.36,84325.04,203178.66,0.9762,9,0.5806,0,2
MFI_KE_007232,21,F,Kiambu,47,43,60,20017.46,20144.91,5634.83,4,3195.88,3932.75,13702.4,0.3942,0,0.9069,0,1
MFI_KE_007233,47,F,Turkana,18,79,66,108617.59,107402.62,10376.72,7,176567.01,188132.6,1426817.01,0.8653,0,0.6319,0,4
MFI_KE_007234,36,F,Turkana,6,94,70,261703.04,235589.51,32187.46,3,132263.38,250571.32,469708.95,0.8812,3,0.3791,0,4
MFI_KE_007235,19,F,Kilifi,2,3,2,1870.84,1594.43,737.2,1,2279.75,3264.38,1983.78,0.3489,44,0.6607,0,5
MFI_KE_007236,35,M,Kakamega,8,10,9,143778.49,149368.95,1906.72,1,49688.55,69862.62,49362.69,0.6287,27,0.4635,1,3
MFI_KE_007237,22,M,Kiambu,20,78,78,74640.6,61299.25,37553.37,4,87526.64,125873.18,410345.25,0.8245,1,0.352,0,4
MFI_KE_007238,23,M,Mombasa,21,29,49,9935.62,6998.08,2333.21,16,1089.94,1698.95,14199.26,0.8968,1,0.9747,0,1
MFI_KE_007239,37,M,Nakuru,9,28,19,202064.88,199742.34,4837.93,5,22045.46,39802.34,116269.74,0.7968,3,0.5351,0,2
MFI_KE_007240,40,F,Kiambu,2,23,17,103902.83,85568.9,17053.58,2,14861.0,19442.38,25640.77,0.9527,5,0.6201,0,2
MFI_KE_007241,21,M,Bomet,1,5,2,371.59,373.67,667.68,0,0.0,0.0,0.0,1.0,17,0.6204,0,5
MFI_KE_007242,22,F,Nairobi,22,22,20,76684.21,70124.69,20670.91,4,31861.95,32232.88,120325.68,0.9519,16,0.6939,1,2
MFI_KE_007243,46,M,Laikipia,3,25,30,37270.93,35253.96,10104.17,2,20147.43,22397.15,33023.77,0.8352,12,0.5921,0,2
MFI_KE_007244,23,F,Uasin Gishu,2,39,40,40515.91,33282.3,1567.48,7,1112.64,1592.08,6838.86,0.7569,0,0.9633,0,1
MFI_KE_007245,35,F,Embu,2,7,5,52121.45,46389.49,4238.98,1,77860.93,81007.66,67253.33,0.7126,2,0.5154,1,3
MFI_KE_007246,26,F,Uasin Gishu,35,42,56,18444.44,18449.97,4656.26,5,1774.31,2834.5,9726.05,0.4689,0,0.8848,0,1
MFI_KE_007247,37,M,Nairobi,24,27,18,177293.5,133212.72,7055.84,5,70385.33,87369.13,375485.17,0.9489,4,0.5612,0,2
MFI_KE_007248,31,F,Kitui,41,83,68,155714.49,143619.76,20564.9,6,53576.8,99690.91,328395.61,0.8621,1,0.7448,0,4
MFI_KE_007249,27,M,Mombasa,22,48,42,5943.05,5173.68,327.22,9,1484.47,2584.77,14198.18,0.676,1,0.9042,0,1
MFI_KE_007250,21,M,Garissa,28,55,57,14242.59,12748.37,859.79,9,2196.91,2813.67,21270.53,0.5173,7,0.9613,0,1
MFI_KE_007251,65,M,Machakos,22,6,9,31916.7,31562.41,1580.54,5,97885.75,113185.77,570608.96,0.7255,4,0.621,1,3
MFI_KE_007252,33,M,Turkana,16,8,5,195303.89,155539.69,3979.55,2,53425.03,60217.86,100284.12,0.709,1,0.3035,0,3
MFI_KE_007253,33,F,Kisumu,2,30,16,36990.8,31022.94,4744.09,5,32180.7,49530.6,173729.95,0.9242,18,0.6218,0,2
MFI_KE_007254,21,F,Nakuru,86,46,47,10015.53,7945.8,9474.89,6,2289.71,4518.43,12751.93,0.8509,5,0.9028,0,1
MFI_KE_007255,33,M,Turkana,5,25,26,90474.29,66381.63,21980.28,5,39443.8,45869.12,177763.09,0.9656,20,0.8366,0,2
MFI_KE_007256,39,F,Bungoma,25,21,20,121506.7,92325.55,20019.42,2,70477.56,86582.61,120670.99,0.7737,1,0.7563,0,2
MFI_KE_007257,40,M,Machakos,26,29,19,71713.46,53881.85,9104.31,3,14756.45,17650.0,41742.07,0.8652,2,0.6314,0,2
MFI_KE_007258,30,F,Uasin Gishu,8,40,41,19658.16,19482.99,544.26,6,1559.78,2708.6,9096.24,0.5738,0,0.7044,0,1
MFI_KE_007259,18,F,Nakuru,42,39,47,24533.55,25665.55,1075.17,10,1791.7,1870.82,14936.43,0.732,0,0.9147,0,1
MFI_KE_007260,19,F,Kakamega,14,50,51,23393.78,20949.51,1562.25,7,1514.41,2439.1,11122.65,0.5209,2,0.8962,0,1
MFI_KE_007261,34,F,Murang'a,3,8,10,107586.93,76356.59,33844.22,1,31427.95,51261.84,31588.24,0.632,19,0.4568,0,3
MFI_KE_007262,37,M,Bomet,37,27,26,108983.21,84752.77,22888.33,3,54425.6,77734.42,187810.97,0.9031,1,0.6836,0,2
MFI_KE_007263,34,M,Uasin Gishu,31,82,74,333131.66,251204.37,49358.49,2,204255.65,290028.64,368031.58,0.9642,3,0.6975,0,4
MFI_KE_007264,43,M,Garissa,19,16,22,53338.82,49395.78,22384.91,3,20667.41,34893.2,51456.52,0.9295,3,0.6391,0,2
MFI_KE_007265,36,M,Nairobi,15,42,44,4698.96,3543.3,4539.97,7,1107.75,1705.23,7596.01,0.6655,4,0.9801,0,1
MFI_KE_007266,43,M,Embu,28,18,22,24837.2,24329.88,5159.14,4,39347.94,47408.57,142765.64,0.9976,10,0.5789,0,2
MFI_KE_007267,23,F,Kiambu,32,41,57,9357.82,8727.59,600.29,10,1849.41,2030.52,21869.86,0.6529,5,0.985,0,1
MFI_KE_007268,42,F,Kilifi,7,31,14,23150.98,22464.75,32022.19,3,21044.57,41929.23,72239.31,0.9037,1,0.6149,0,2
MFI_KE_007269,23,F,Uasin Gishu,11,43,50,11824.78,11716.47,1688.11,8,2419.66,3996.02,22589.75,0.8618,0,0.7666,0,1
MFI_KE_007270,40,F,Garissa,9,31,27,83261.68,66002.36,4188.72,7,21500.16,36681.84,157606.48,0.9768,27,0.5749,0,2
MFI_KE_007271,50,M,Bomet,10,8,4,28689.28,22711.46,3438.1,4,101807.89,137829.51,387661.69,0.6883,1,0.3895,0,3
MFI_KE_007272,33,F,Uasin Gishu,5,29,55,15633.61,14070.59,779.58,12,2439.95,4062.33,25097.23,0.5514,0,0.8171,0,1
MFI_KE_007273,35,F,Nakuru,120,19,17,30457.38,29610.75,25885.66,3,71075.51,117284.88,180331.32,0.9793,12,0.6319,0,2
MFI_KE_007274,40,F,Nyeri,47,77,58,617897.79,561323.5,62440.08,5,173634.4,207695.08,718275.71,0.9511,0,0.5091,0,4
MFI_KE_007275,23,M,Mombasa,29,33,53,15349.12,14014.57,3224.26,10,2715.36,4614.13,26248.96,0.4772,5,0.851,0,1
MFI_KE_007276,19,M,Uasin Gishu,44,47,49,45005.93,45857.97,2914.33,6,2171.67,3608.23,13580.74,0.4579,7,0.827,0,1
MFI_KE_007277,27,F,Nakuru,35,42,48,20866.9,20365.84,2148.84,1,2441.36,2635.92,2368.82,0.3853,0,0.8211,1,1
MFI_KE_007278,45,F,Kakamega,5,88,59,644995.05,566101.25,9927.0,6,199843.86,310956.84,1371811.95,0.9504,2,0.5402,0,4
MFI_KE_007279,25,F,Mombasa,22,41,52,8140.44,6613.14,4842.58,1,3215.65,3933.66,2609.56,0.7257,1,0.979,0,1
MFI_KE_007280,41,M,Kericho,31,29,13,102343.49,92091.33,12437.93,6,66570.48,103419.24,345235.65,0.9084,7,0.5411,0,2
MFI_KE_007281,22,F,Garissa,2,3,3,5192.24,5341.6,945.16,0,0.0,0.0,0.0,1.0,126,0.7058,0,5
MFI_KE_007282,41,F,Kakamega,2,3,5,62535.15,47796.43,5495.9,0,0.0,0.0,0.0,0.8199,7,0.8435,0,3
MFI_KE_007283,18,F,Bomet,4,3,3,1365.79,1189.07,2829.36,0,0.0,0.0,0.0,1.0,38,0.5497,0,5
MFI_KE_007284,46,F,Kericho,23,9,5,36709.21,36072.02,5398.21,1,52298.8,81176.15,45847.29,0.6417,28,0.1699,1,3
MFI_KE_007285,48,M,Garissa,13,97,77,251424.34,244469.52,14343.06,5,92954.98,139476.55,411056.18,0.9405,7,0.3363,0,4
MFI_KE_007286,65,F,Kericho,3,8,9,34195.47,31588.71,1561.02,3,69913.01,108782.23,216282.06,0.8852,2,0.551,1,3
MFI_KE_007287,26,F,Nyeri,50,40,51,12808.61,9541.67,344.83,10,3057.93,3392.17,31896.79,0.5507,1,0.7702,0,1
MFI_KE_007288,21,F,Homa Bay,1,0,5,4257.59,3178.19,967.91,0,0.0,0.0,0.0,1.0,16,0.7105,0,5
MFI_KE_007289,29,F,Mombasa,1,1,2,3074.11,2179.02,3354.02,2,910.19,1794.07,2049.3,0.4368,127,0.8361,0,5
MFI_KE_007290,51,F,Kisii,71,78,71,1897004.25,1706742.98,9782.81,6,177744.64,260179.82,864861.62,0.7123,0,0.225,0,4
MFI_KE_007291,35,F,Nakuru,13,29,53,14975.46,11790.81,1526.71,8,790.61,867.25,5873.36,0.6462,0,0.9461,0,1
MFI_KE_007292,39,F,Kericho,57,26,21,91751.16,93918.81,26577.5,3,68094.58,79896.19,173816.08,0.9149,4,0.6802,1,2
MFI_KE_007293,53,F,Homa Bay,21,10,6,46387.01,38263.16,1282.52,1,88661.04,123392.88,96978.14,0.7978,1,0.5443,1,3
MFI_KE_007294,28,M,Mombasa,5,42,54,8703.85,6989.61,2749.34,9,1074.77,1793.87,11499.25,0.8382,1,0.8605,1,1
MFI_KE_007295,27,F,Nyeri,6,53,53,8219.99,6917.2,1926.13,7,542.63,798.26,3756.05,0.7781,3,0.7495,0,1
MFI_KE_007296,27,M,Mombasa,14,49,48,3322.27,2993.16,2336.58,8,1540.0,3064.07,13685.9,0.6592,4,0.9035,0,1
MFI_KE_007297,26,F,Nairobi,12,44,55,6041.93,5286.24,804.39,8,1177.21,1580.22,10144.27,0.7831,5,0.9372,0,1
MFI_KE_007298,28,M,Nairobi,13,41,49,22786.71,16465.51,1575.2,6,5445.5,10489.57,26660.15,0.599,2,0.8629,0,1
MFI_KE_007299,59,F,Laikipia,2,6,4,21384.45,20936.55,2005.61,3,71841.35,100153.05,201210.0,0.8478,3,0.5493,0,3
MFI_KE_007300,37,F,Kiambu,2,13,38,52416.08,41032.22,29541.59,2,39310.73,48089.59,92319.14,0.7779,1,0.3985,1,2
MFI_KE_007301,41,F,Turkana,14,19,20,98775.72,74177.69,30504.82,0,0.0,0.0,0.0,0.8634,2,0.4182,0,2
MFI_KE_007302,38,M,Migori,26,6,4,80942.58,69916.22,1110.02,0,0.0,0.0,0.0,0.9446,7,0.555,0,3
MFI_KE_007303,54,F,Meru,25,12,9,70141.32,69865.64,9207.93,1,17192.47,17638.81,18312.66,0.8371,24,0.6142,0,3
MFI_KE_007304,37,M,Embu,60,27,23,119010.33,121771.8,8220.37,3,38361.26,75880.63,124485.42,0.9979,5,0.9238,0,2
MFI_KE_007305,28,F,Uasin Gishu,22,33,43,13087.92,11591.64,593.89,7,2239.62,4150.08,17954.59,0.7782,1,0.8995,0,1
MFI_KE_007306,60,M,Kilifi,6,11,8,202621.28,208799.84,3988.57,1,47455.17,74015.93,41796.76,0.9336,5,0.5271,1,3
MFI_KE_007307,33,F,Machakos,7,71,55,604643.92,586040.74,37372.9,9,134581.96,266588.16,1030595.29,0.9201,7,0.6338,1,4
MFI_KE_007308,22,M,Embu,2,9,6,27917.3,27567.39,1131.53,2,52708.56,80699.42,126412.3,0.8038,16,0.6159,1,3
MFI_KE_007309,32,F,Nairobi,41,37,41,3439.95,2930.99,678.14,11,1925.77,2641.16,21233.94,0.3373,3,0.9921,0,1
MFI_KE_007310,22,M,Bungoma,3,12,6,201973.3,202031.61,19463.39,0,0.0,0.0,0.0,0.6057,14,0.4717,1,3
MFI_KE_007311,50,F,Bomet,4,10,7,120199.84,95587.1,16565.23,0,0.0,0.0,0.0,0.9406,1,0.5092,1,3
MFI_KE_007312,29,F,Mombasa,21,35,55,6413.6,4584.88,1566.22,10,2538.42,3163.07,21873.4,0.5852,0,0.8506,0,1
MFI_KE_007313,31,F,Trans Nzoia,60,26,14,28880.63,22934.75,8836.8,3,48284.16,56387.08,143161.17,0.9804,3,0.5061,0,2
MFI_KE_007314,34,F,Kitui,3,8,6,328046.53,257507.53,4346.92,2,69537.05,93359.81,166009.69,0.8626,14,0.2665,1,3
MFI_KE_007315,33,M,Turkana,77,51,52,11825.9,11751.06,8611.35,5,2036.88,3363.81,11084.4,0.7911,0,0.7338,0,1
MFI_KE_007316,52,F,Trans Nzoia,16,7,5,38556.43,32490.47,2006.21,3,59776.18,100573.77,190732.92,0.7076,4,0.545,1,3
MFI_KE_007317,24,F,Kitui,10,43,63,35229.89,30573.64,8378.99,7,1459.55,1711.18,9824.23,0.656,2,0.8571,0,1
MFI_KE_007318,34,F,Garissa,11,2,2,950.83,731.84,624.2,0,0.0,0.0,0.0,1.0,77,0.7469,0,5
MFI_KE_007319,43,F,Kilifi,4,14,22,113871.38,92632.32,14023.81,4,22414.08,24339.6,99532.86,0.9146,5,0.3374,0,2
MFI_KE_007320,32,F,Kiambu,10,19,21,42113.37,32503.26,23809.05,3,103369.29,119244.18,268183.84,0.9825,23,0.6475,0,2
MFI_KE_007321,27,F,Nakuru,5,32,55,11572.86,9139.11,1241.43,2,1895.24,3356.8,3946.28,0.5218,0,0.842,0,1
MFI_KE_007322,34,F,Uasin Gishu,7,36,62,11869.27,12429.61,1427.47,7,1511.07,1887.25,9945.29,0.6307,1,0.9088,0,1
MFI_KE_007323,58,M,Nyeri,4,12,4,76753.29,56437.58,3392.9,3,38932.56,44005.78,134690.57,0.611,31,0.5019,1,3
MFI_KE_007324,29,F,Uasin Gishu,1,2,3,3241.17,2602.77,952.07,0,0.0,0.0,0.0,1.0,66,0.6879,0,5
MFI_KE_007325,39,F,Uasin Gishu,2,0,8,3027.74,2615.58,491.22,1,2014.04,2657.79,2201.89,0.2667,183,0.7754,0,5
MFI_KE_007326,24,M,Kakamega,26,20,11,78762.74,80237.77,17472.29,3,51058.19,61116.11,133494.32,0.9919,1,0.8406,1,2
MFI_KE_007327,22,M,Nakuru,5,46,65,5887.78,5998.63,1414.68,5,524.45,999.07,2939.53,0.8465,5,0.8164,0,1
MFI_KE_007328,45,M,Kakamega,66,26,23,61052.29,43197.98,13622.6,3,29226.02,55381.28,92505.58,0.9609,27,0.3722,0,2
MFI_KE_007329,20,M,Mombasa,24,32,71,15344.66,12540.59,2014.08,8,4177.44,6839.09,26823.9,0.4171,2,0.8053,0,1
MFI_KE_007330,36,F,Kiambu,6,2,2,3172.77,2660.99,114.55,0,0.0,0.0,0.0,1.0,65,0.4615,0,5
MFI_KE_007331,60,F,Trans Nzoia,28,77,63,64527.41,56554.03,5730.41,5,132883.35,243860.61,611007.8,0.8968,3,0.5448,0,4
MFI_KE_007332,54,M,Murang'a,6,3,0,5691.89,4533.4,2151.06,1,937.9,1094.19,1012.78,0.6366,172,0.2816,0,5
MFI_KE_007333,60,M,Mombasa,11,2,1,1050.15,1052.32,588.88,0,0.0,0.0,0.0,1.0,135,0.635,0,5
MFI_KE_007334,41,M,Machakos,45,91,79,122842.15,111627.0,8483.36,7,172812.07,191129.52,1193614.28,0.7789,2,0.3263,0,4
MFI_KE_007335,48,M,Kiambu,1,4,4,1403.9,1444.55,219.33,1,1494.29,2640.04,1651.86,0.6844,182,0.6175,0,5
MFI_KE_007336,32,M,Bungoma,8,29,20,174932.07,134418.17,16258.95,3,21959.81,24354.1,70047.35,0.8495,12,0.5548,0,2
MFI_KE_007337,30,M,Trans Nzoia,7,27,18,156532.22,147643.23,22371.07,2,44916.33,52934.74,79491.43,0.9603,3,0.742,0,2
MFI_KE_007338,21,F,Mombasa,36,34,41,9613.7,9866.86,972.62,8,2900.02,3928.54,26559.95,0.6161,2,0.987,0,1
MFI_KE_007339,28,M,Kisumu,16,32,23,23081.3,20542.58,5570.91,2,34273.72,44918.42,78853.29,0.9154,9,0.8067,1,2
MFI_KE_007340,27,F,Kisumu,15,44,45,15883.53,11121.54,2058.06,11,2447.78,4398.72,27001.17,0.6378,5,0.9158,0,1
MFI_KE_007341,28,F,Kisumu,7,44,57,18020.62,18668.12,1006.03,13,4219.84,8387.92,49627.25,0.6823,0,0.9404,0,1
MFI_KE_007342,22,F,Nairobi,26,40,42,14943.82,10645.88,3759.9,12,2991.75,5326.25,33299.6,0.4945,3,0.8987,0,1
MFI_KE_007343,24,F,Nairobi,7,37,55,19620.7,19633.55,742.28,5,4918.78,6680.17,24589.88,0.7642,1,0.8567,0,1
MFI_KE_007344,20,M,Nakuru,9,31,54,7152.57,5293.15,1647.68,6,3144.45,4671.37,18878.49,0.8156,0,0.9268,0,1
MFI_KE_007345,49,F,Embu,6,86,64,199275.52,164253.82,77773.93,6,211577.61,236663.48,1393290.24,0.833,0,0.4368,0,4
MFI_KE_007346,32,M,Mombasa,19,33,35,18714.3,17097.09,1099.07,8,1534.46,2787.77,11862.02,0.6338,2,0.9648,1,1
MFI_KE_007347,51,F,Kiambu,3,2,3,5344.52,4378.7,109.19,1,1642.86,2714.54,1668.8,0.3577,123,0.7614,0,5
MFI_KE_007348,30,M,Migori,8,0,2,2794.13,2837.27,471.95,1,1405.24,2576.31,1631.35,0.5276,66,0.9007,0,5
MFI_KE_007349,48,F,Murang'a,55,8,7,51756.0,40612.15,5202.5,6,100350.6,157018.56,710666.08,0.7778,12,0.3273,1,3
MFI_KE_007350,37,M,Bomet,40,72,68,331714.25,288766.75,46825.79,4,70881.03,79835.21,329202.43,0.8447,1,0.6339,1,4
MFI_KE_007351,25,F,Kiambu,55,47,51,10327.16,7242.82,1209.2,6,2684.89,3927.22,18643.99,0.4158,5,0.9625,0,1
MFI_KE_007352,53,M,Kakamega,9,16,19,78547.17,69877.34,7874.21,4,20050.9,26607.76,87678.5,0.8757,12,0.9249,0,2
MFI_KE_007353,36,F,Mombasa,5,39,46,14658.65,12296.31,493.17,11,2115.19,2255.62,25584.8,0.7249,1,0.9041,0,1
MFI_KE_007354,26,F,Turkana,9,74,61,238766.75,230904.84,15014.36,4,239952.25,255900.08,1143568.21,0.7883,3,0.6737,1,4
MFI_KE_007355,39,F,Kisumu,21,29,20,65018.02,55924.61,19419.75,3,46257.75,78538.66,138233.79,0.9612,16,0.5795,0,2
MFI_KE_007356,25,M,Meru,11,35,48,4948.45,4999.55,3668.56,7,1638.89,2731.57,13117.37,0.5995,2,0.9043,0,1
MFI_KE_007357,38,M,Nakuru,23,19,20,207939.27,205042.25,8272.48,7,61935.96,85932.19,462586.72,0.8407,3,0.6915,0,2
MFI_KE_007358,18,F,Turkana,7,40,42,13753.86,10368.43,4987.06,7,1813.77,3561.19,12607.78,0.7216,0,0.9494,0,1
MFI_KE_007359,39,F,Kakamega,2,26,19,131671.17,93073.14,24062.19,3,35834.27,46088.03,87282.27,0.8198,1,0.8042,0,2
MFI_KE_007360,26,F,Trans Nzoia,30,32,51,2891.7,2921.95,4150.69,8,4313.53,4657.76,40001.13,0.5063,0,0.8336,0,1
MFI_KE_007361,31,M,Trans Nzoia,9,8,6,35606.55,25113.25,19525.67,2,96099.25,130917.73,199351.13,0.8137,12,0.3343,0,3
MFI_KE_007362,32,M,Uasin Gishu,16,28,17,94854.93,86633.33,31394.07,5,50625.35,60760.77,302413.52,0.9696,10,0.4782,1,2
MFI_KE_007363,20,F,Migori,6,39,57,15073.28,14987.9,1943.81,5,2308.84,2743.52,10674.85,0.7547,6,0.9433,0,1
MFI_KE_007364,58,M,Kilifi,6,16,8,136315.25,139709.9,1490.93,4,51380.37,92437.56,229641.37,0.8737,13,0.5194,1,3
MFI_KE_007365,49,F,Garissa,7,10,12,185059.57,145761.03,4290.96,3,54263.91,91315.43,145220.78,0.7652,16,0.2821,1,3
MFI_KE_007366,29,M,Kericho,56,74,86,562359.98,403364.13,43317.24,4,120462.22,202928.6,402632.26,0.8588,1,0.2844,0,4
MFI_KE_007367,43,M,Bomet,13,7,6,255230.79,192754.59,5517.34,2,53612.11,96805.11,111403.06,0.8841,2,0.5015,1,3
MFI_KE_007368,30,F,Nairobi,6,40,47,8874.16,9316.9,984.98,8,1846.17,2248.03,13445.5,0.7312,1,0.8007,0,1
MFI_KE_007369,21,F,Uasin Gishu,15,47,58,8288.71,8415.05,1916.75,13,1515.28,2961.21,23139.71,0.7766,1,0.8412,1,1
MFI_KE_007370,26,F,Nairobi,12,53,49,5278.13,5521.28,1141.73,13,4728.48,8790.71,61867.64,0.4079,2,0.5982,1,1
MFI_KE_007371,33,F,Turkana,6,10,7,12076.52,10470.34,2966.43,2,47219.21,68901.73,97372.76,0.9473,4,0.4198,1,3
MFI_KE_007372,29,F,Mombasa,3,34,54,15674.24,14971.28,969.68,9,8007.25,13742.26,75440.24,0.5555,7,0.9461,0,1
MFI_KE_007373,37,F,Laikipia,8,6,2,3030.79,2350.46,705.91,0,0.0,0.0,0.0,1.0,23,0.5226,0,5
MFI_KE_007374,30,F,Nairobi,7,43,46,45101.3,37086.85,3914.84,11,954.6,1552.55,8575.46,0.7247,1,0.9117,0,1
MFI_KE_007375,38,F,Kakamega,6,21,13,99573.23,86096.21,27766.43,2,22140.84,32997.96,52718.48,0.9732,4,0.875,1,2
MFI_KE_007376,45,F,Mombasa,12,26,14,74384.98,52460.57,18366.46,5,18046.18,18564.49,104583.87,0.9846,2,0.5589,0,2
MFI_KE_007377,57,F,Bungoma,31,11,7,85056.47,62582.87,2870.88,2,118716.31,127328.22,204660.15,0.7122,18,0.248,1,3
MFI_KE_007378,35,M,Kisii,17,25,21,278893.9,266227.28,9038.14,5,25410.46,29428.89,116181.65,0.9905,3,0.8113,1,2
MFI_KE_007379,18,F,Nakuru,10,38,46,18985.9,14112.19,6303.41,11,2980.53,5469.48,37542.54,0.4537,0,0.9307,0,1
MFI_KE_007380,25,F,Laikipia,22,22,18,51173.52,50502.21,11731.22,4,23407.1,38754.82,99376.84,0.9989,28,0.5933,1,2
MFI_KE_007381,49,M,Kilifi,16,6,6,101701.51,74738.74,5278.2,1,79471.01,104807.41,74542.12,0.6167,4,0.5894,1,3
MFI_KE_007382,24,F,Uasin Gishu,22,46,49,2925.35,2348.78,736.03,6,856.01,1684.36,4240.41,0.5596,0,0.9607,0,1
MFI_KE_007383,29,F,Bungoma,30,2,2,1478.36,1161.75,327.44,4,1654.44,2490.35,6196.35,0.4104,53,0.5471,0,5
MFI_KE_007384,55,F,Homa Bay,22,15,3,71985.39,62159.55,26815.1,1,34925.64,43213.9,31359.2,0.6621,1,0.5772,0,3
MFI_KE_007385,33,M,Nakuru,13,34,21,23706.55,22868.57,4297.56,4,18395.46,26916.79,62960.61,0.9036,10,0.5936,0,2
MFI_KE_007386,22,F,Murang'a,7,1,6,3428.27,2739.31,118.04,0,0.0,0.0,0.0,1.0,19,0.9734,0,5
MFI_KE_007387,57,F,Laikipia,2,4,5,360423.54,300096.6,3561.72,4,20577.59,30656.42,71308.21,0.8072,1,0.5753,0,3
MFI_KE_007388,34,F,Bomet,4,94,70,324509.17,314743.14,82310.8,3,151794.74,245319.52,483691.6,0.8279,2,0.2628,0,4
MFI_KE_007389,35,M,Uasin Gishu,62,47,64,11624.05,10312.34,1822.15,4,2112.4,3764.5,10052.89,0.8341,0,0.9688,0,1
MFI_KE_007390,40,F,Kitui,9,20,17,111591.67,110107.23,3594.03,4,51832.16,90358.74,234353.81,0.93,4,0.7792,0,2
MFI_KE_007391,34,M,Garissa,2,28,23,186668.0,156710.09,7336.23,1,43606.89,50671.34,40011.19,0.9357,1,0.7907,0,2
MFI_KE_007392,18,M,Kisii,3,29,52,16198.27,14311.07,6599.02,11,1264.08,2292.19,12397.73,0.6361,3,0.9438,0,1
MFI_KE_007393,38,M,Bungoma,11,11,4,114728.71,101070.18,2429.03,1,130137.08,240185.09,136520.02,0.7322,4,0.358,1,3
MFI_KE_007394,28,M,Murang'a,4,39,62,14454.83,14021.2,6615.51,9,1164.55,2059.95,8787.49,0.834,10,0.8854,0,1
MFI_KE_007395,37,F,Nyeri,7,24,21,43652.84,44669.02,18087.63,4,31156.62,41427.27,139567.98,0.9653,6,0.7789,0,2
MFI_KE_007396,39,M,Turkana,69,10,7,62056.49,57367.19,5789.59,3,47619.96,51152.8,143637.21,0.9034,14,0.5758,1,3
MFI_KE_007397,24,M,Mombasa,18,40,44,3175.55,2547.47,1798.55,7,2884.72,5100.51,18574.93,0.2619,2,0.7948,0,1
MFI_KE_007398,27,M,Kilifi,4,1,4,1306.89,957.52,716.98,0,0.0,0.0,0.0,1.0,12,0.6837,0,5
MFI_KE_007399,62,M,Kitui,1,6,1,2445.57,1897.03,153.75,0,0.0,0.0,0.0,1.0,10,0.7628,0,5
MFI_KE_007400,27,F,Uasin Gishu,7,1,4,1029.16,930.19,60.65,0,0.0,0.0,0.0,1.0,43,0.828,0,5
MFI_KE_007401,34,F,Uasin Gishu,9,25,20,99949.15,80699.3,15861.96,2,51422.53,56764.87,101603.37,0.9382,1,0.6016,0,2
MFI_KE_007402,33,M,Nairobi,2,34,54,48495.42,46459.05,1551.98,5,1730.95,3126.98,8432.95,0.8031,0,0.6743,0,1
MFI_KE_007403,25,F,Uasin Gishu,3,28,44,10702.36,8595.58,3650.78,11,885.97,1200.82,10702.52,0.5529,0,0.9596,0,1
MFI_KE_007404,24,F,Mombasa,17,42,50,6832.46,6530.81,912.75,2,1602.84,2753.56,2911.88,0.8426,3,0.8155,1,1
MFI_KE_007405,35,F,Garissa,5,23,17,154318.41,130782.37,10874.37,1,17892.49,30757.57,16543.54,0.9791,18,0.7387,0,2
MFI_KE_007406,29,M,Nakuru,32,29,45,8583.11,8379.38,4201.49,10,1426.67,2790.31,15557.59,0.6296,0,0.8619,0,1
MFI_KE_007407,18,M,Kakamega,16,42,44,9013.01,8779.43,3051.64,6,1375.96,2739.28,7237.81,0.6194,2,0.963,0,1
MFI_KE_007408,64,M,Garissa,42,13,4,73087.93,61397.88,9354.33,3,50706.51,51097.88,175657.9,0.7601,3,0.5192,1,3
MFI_KE_007409,75,F,Migori,5,12,2,61286.52,45990.25,1804.71,2,54500.95,68892.36,87540.77,0.6228,23,0.6014,1,3
MFI_KE_007410,23,M,Kisumu,33,46,45,7389.56,6164.89,1806.14,9,2041.8,3465.25,20508.98,0.6079,5,0.8411,0,1
MFI_KE_007411,59,F,Kakamega,1,1,2,1044.26,829.09,517.61,0,0.0,0.0,0.0,1.0,34,0.5627,0,5
MFI_KE_007412,32,M,Kilifi,16,24,19,65432.87,57836.69,27529.95,3,29453.28,54749.16,85447.46,0.993,2,0.8061,1,2
MFI_KE_007413,36,M,Kitui,2,2,6,4451.2,3938.41,4383.48,0,0.0,0.0,0.0,1.0,49,0.6648,0,5
MFI_KE_007414,27,F,Kiambu,3,28,17,196179.54,197376.44,14522.85,2,14423.02,26793.14,31532.65,0.8483,1,0.7766,1,2
MFI_KE_007415,24,F,Homa Bay,14,22,19,35150.5,33457.8,4310.29,0,0.0,0.0,0.0,0.9634,6,0.6488,1,2
MFI_KE_007416,56,F,Nyeri,11,89,56,193897.81,169134.51,11285.66,4,240595.72,429850.2,823418.89,0.9394,1,0.7831,1,4
MFI_KE_007417,33,F,Kisumu,7,32,43,8367.99,8173.83,1053.61,7,2705.28,3707.17,16433.23,0.5586,1,0.9796,0,1
MFI_KE_007418,21,F,Nairobi,35,45,49,7665.47,5489.28,832.05,9,3674.59,6230.43,29051.53,0.7087,2,0.8468,0,1
MFI_KE_007419,35,F,Uasin Gishu,7,29,53,16400.08,14072.17,1390.63,3,3555.44,4265.75,10826.29,0.7748,5,0.8603,0,1
MFI_KE_007420,49,F,Garissa,7,4,5,29943.7,22268.9,1775.07,0,0.0,0.0,0.0,0.7742,1,0.3302,1,3
MFI_KE_007421,38,F,Kiambu,7,40,45,19356.3,18171.0,3301.85,10,1956.13,2153.61,17683.66,0.6906,0,0.5975,0,1
MFI_KE_007422,18,F,Kisumu,16,43,45,13064.04,9724.65,3689.55,9,2640.51,5208.36,27006.4,0.8753,0,0.829,0,1
MFI_KE_007423,26,M,Murang'a,11,47,43,25050.2,23536.94,1688.25,6,2783.09,2920.59,13758.48,0.9029,10,0.8444,0,1
MFI_KE_007424,26,M,Nyeri,34,9,7,139157.02,138881.54,887.97,3,45535.97,46088.15,145973.94,0.6315,3,0.6351,1,3
MFI_KE_007425,28,M,Kiambu,3,38,42,47271.48,44804.01,3355.3,10,8937.75,16551.23,77225.75,0.7067,0,0.9265,0,1
MFI_KE_007426,50,M,Meru,77,8,5,92351.75,94389.0,507.58,4,31957.15,36775.7,109433.25,0.7874,4,0.2218,1,3
MFI_KE_007427,38,F,Kakamega,39,36,19,84057.56,59779.82,47068.34,5,29619.8,59003.24,157022.19,0.9805,22,0.7886,1,2
MFI_KE_007428,50,M,Kakamega,3,91,77,2183295.08,2078322.36,76739.13,3,212773.17,260690.17,587094.87,0.8239,0,0.58,1,4
MFI_KE_007429,35,M,Embu,18,31,17,134149.77,128629.94,15812.78,1,26114.42,33270.36,26861.07,0.9682,19,0.7544,1,2
MFI_KE_007430,28,M,Bungoma,9,64,62,453509.23,475885.13,35189.37,6,88602.09,91714.46,624126.02,0.7678,2,0.4514,0,4
MFI_KE_007431,26,F,Nakuru,9,36,45,8772.28,8205.57,1274.9,8,1530.97,2297.68,13051.7,0.6697,1,0.9535,0,1
MFI_KE_007432,44,F,Trans Nzoia,1,3,1,3408.1,2896.53,61.51,1,1873.71,2746.72,1579.71,0.5371,185,0.5513,0,5
MFI_KE_007433,49,F,Murang'a,62,9,6,154040.19,156802.5,9647.65,2,48559.67,71755.53,98708.44,0.9381,20,0.4026,1,3
MFI_KE_007434,29,F,Garissa,61,41,54,18551.09,15577.3,389.94,3,2697.38,3932.25,7557.82,0.769,1,0.8471,0,1
MFI_KE_007435,64,F,Murang'a,44,12,5,30262.62,21882.53,9873.96,3,55402.31,90281.3,192494.59,0.9011,5,0.4084,0,3
MFI_KE_007436,47,F,Garissa,22,6,3,62060.71,47612.51,25176.63,1,82637.59,93738.16,81869.69,0.7659,24,0.5336,1,3
MFI_KE_007437,40,F,Murang'a,1,1,1,1312.26,1242.66,915.84,1,2319.73,2900.13,1908.24,0.498,193,0.6823,0,5
MFI_KE_007438,22,M,Nairobi,8,36,67,1184.81,832.23,1776.58,10,1208.33,1770.29,12793.42,0.8579,3,0.948,0,1
MFI_KE_007439,30,M,Kiambu,19,24,19,125080.03,102059.42,8037.18,4,22342.66,25893.28,99065.66,0.9972,47,0.465,1,2
MFI_KE_007440,45,M,Garissa,51,19,18,21842.21,16065.33,13291.92,3,23339.93,27893.11,83702.37,0.9392,5,0.8103,1,2
MFI_KE_007441,21,M,Mombasa,9,33,46,9084.33,9449.27,1974.24,14,1047.16,1804.96,14661.05,0.7975,9,0.9138,0,1
MFI_KE_007442,32,F,Kiambu,54,52,51,12441.02,9539.71,1415.05,7,3295.76,6029.5,24855.02,0.8353,0,0.9952,0,1
MFI_KE_007443,22,M,Embu,3,5,4,72167.85,58874.41,77842.07,1,97091.55,112138.08,115932.65,0.8204,6,0.2158,1,3
MFI_KE_007444,25,M,Nairobi,6,26,22,178480.85,185173.27,9491.0,1,27246.22,39475.94,25412.85,0.9388,2,0.5511,0,2
MFI_KE_007445,32,F,Kiambu,3,30,42,11594.39,8809.53,1124.46,11,2292.62,3437.88,23043.87,0.8031,0,0.84,0,1
MFI_KE_007446,36,M,Bungoma,6,2,3,1557.11,1188.24,2024.67,0,0.0,0.0,0.0,1.0,144,0.5536,0,5
MFI_KE_007447,26,F,Bomet,8,6,3,72134.38,71920.02,26325.57,4,51966.6,96067.89,197747.25,0.7531,21,0.3033,1,3
MFI_KE_007448,31,M,Nairobi,5,37,53,742.51,588.22,6905.26,5,3830.46,6520.61,16985.58,0.7081,0,0.9415,0,1
MFI_KE_007449,43,F,Nyeri,10,78,68,357212.35,291063.08,58321.3,6,67472.07,118049.64,438029.33,0.9605,6,0.5866,1,4
MFI_KE_007450,40,M,Machakos,1,4,3,1245.85,1202.74,957.12,2,1312.4,1458.13,3029.6,0.2725,57,0.3924,0,5
MFI_KE_007451,23,F,Nairobi,25,37,41,5360.06,4431.96,432.35,12,4827.92,7465.34,66120.6,0.4179,5,0.7967,0,1
MFI_KE_007452,28,F,Nakuru,2,36,59,30102.11,28678.67,1422.41,10,3009.97,5969.38,30324.07,0.7187,0,0.8808,0,1
MFI_KE_007453,25,F,Mombasa,28,41,61,8313.29,6943.2,2752.5,6,2806.64,5263.69,14608.35,0.7475,12,0.9376,0,1
MFI_KE_007454,66,M,Bomet,10,10,5,111142.08,113800.31,2190.92,1,50061.09,51832.96,56392.76,0.8788,23,0.5744,1,3
MFI_KE_007455,32,M,Kakamega,30,11,8,52565.94,49562.54,16109.12,4,62883.71,97246.94,287276.49,0.6522,1,0.2092,1,3
MFI_KE_007456,47,F,Kisumu,7,3,4,1999.43,1838.43,384.98,1,2276.81,4227.22,2078.79,0.2711,169,0.5247,0,5
MFI_KE_007457,38,F,Meru,27,25,21,91431.56,90558.78,3731.56,4,27271.9,32474.29,124983.13,0.9469,8,0.5821,0,2
MFI_KE_007458,32,F,Meru,3,27,28,62499.99,53733.57,37869.69,1,38973.13,48900.14,33055.01,0.9452,13,0.7075,0,2
MFI_KE_007459,36,M,Kiambu,3,28,26,45857.34,44670.52,7207.15,2,34825.83,64035.76,70379.12,0.9032,2,0.7318,0,2
MFI_KE_007460,38,M,Migori,16,10,3,273700.42,262907.64,7960.91,2,71371.35,119058.51,143346.1,0.4779,5,0.5614,1,3
MFI_KE_007461,22,F,Kitui,10,5,3,59411.3,53153.4,4096.65,2,89971.91,168358.46,177037.77,0.8488,14,0.4837,1,3
MFI_KE_007462,56,M,Murang'a,4,9,10,58787.69,43253.81,2190.02,1,84740.83,113646.53,89291.66,0.9189,31,0.2379,1,3
MFI_KE_007463,22,F,Embu,6,3,4,896.41,827.94,1671.39,0,0.0,0.0,0.0,1.0,33,0.7671,1,5
MFI_KE_007464,33,F,Nairobi,2,20,20,127252.49,107432.56,16251.79,3,18285.32,20642.9,64913.38,0.9957,9,0.6412,0,2
MFI_KE_007465,21,F,Nairobi,13,52,46,30802.68,22894.33,757.43,10,2311.03,3471.98,19167.19,0.4577,6,0.9527,1,1
MFI_KE_007466,44,F,Kisumu,2,0,3,237.4,192.34,1432.32,1,1577.34,1632.81,1766.58,0.5432,82,0.4378,0,5
MFI_KE_007467,33,M,Uasin Gishu,29,36,51,12548.82,10762.14,1172.61,10,2585.85,3633.12,22509.4,0.5309,2,0.8102,0,1
MFI_KE_007468,39,M,Homa Bay,24,29,12,23615.8,22170.95,10190.61,0,0.0,0.0,0.0,0.975,5,0.5668,0,2
MFI_KE_007469,38,F,Bomet,31,31,18,39691.19,28563.56,7150.17,3,26460.86,28440.56,92281.74,0.928,3,0.4886,1,2
MFI_KE_007470,45,F,Kitui,15,16,14,16269.28,14730.77,7502.12,4,44780.31,71769.01,149987.77,0.9085,4,0.9108,1,2
MFI_KE_007471,46,F,Kisii,15,8,9,50883.47,37928.86,874.13,3,82385.36,146449.57,274627.74,0.7079,6,0.3206,0,3
MFI_KE_007472,40,M,Kisumu,46,79,58,228402.84,178398.77,56276.9,5,61056.61,77424.49,359233.54,0.7653,5,0.4683,0,4
MFI_KE_007473,43,M,Kakamega,5,7,7,40706.28,36747.0,83585.71,3,138460.37,178911.38,421383.47,0.7454,10,0.4934,0,3
MFI_KE_007474,26,M,Machakos,21,38,44,4571.37,4120.57,6822.77,11,1248.83,1597.8,12479.75,0.7309,0,0.671,0,1
MFI_KE_007475,33,F,Nairobi,1,2,6,792.98,632.31,496.52,3,2067.25,3676.67,5902.07,0.1832,80,0.7537,0,5
MFI_KE_007476,29,F,Nairobi,3,54,69,40193.09,35612.23,3084.18,7,1236.93,1993.15,10134.46,0.8411,0,0.7203,0,1
MFI_KE_007477,36,F,Meru,13,76,73,109556.68,99729.09,66923.37,5,124338.75,129474.02,575188.78,0.7753,5,0.5099,0,4
MFI_KE_007478,29,F,Nakuru,35,42,75,14187.07,10389.53,3695.47,5,2433.53,3656.13,9951.27,0.6332,6,0.7358,0,1
MFI_KE_007479,28,M,Nairobi,56,43,50,13924.92,13918.93,3858.98,11,2792.8,4181.72,29527.11,0.4856,1,0.9065,0,1
MFI_KE_007480,35,F,Laikipia,2,22,15,86753.27,66772.19,34509.41,4,44253.34,73263.37,194606.41,0.912,5,0.7563,0,2
MFI_KE_007481,35,M,Kilifi,7,17,19,77582.86,63936.09,2596.79,6,19137.68,23956.79,123393.56,0.9286,16,0.8167,0,2
MFI_KE_007482,29,M,Nakuru,2,38,43,17673.29,16618.08,1971.68,6,2623.07,3740.22,12665.59,0.8113,0,0.8782,0,1
MFI_KE_007483,18,M,Turkana,1,0,7,6868.29,5271.48,276.49,1,1396.96,2350.46,1160.32,0.4875,54,0.7501,0,5
MFI_KE_007484,38,M,Nakuru,18,26,22,66030.48,52182.2,21833.66,5,67134.31,90168.85,353031.09,0.9894,34,0.6989,0,2
MFI_KE_007485,19,F,Uasin Gishu,4,39,57,5251.87,3976.75,6270.1,4,1251.21,1900.51,5002.34,0.7586,3,0.7885,0,1
MFI_KE_007486,37,M,Embu,22,8,9,97645.72,75132.24,4392.7,0,0.0,0.0,0.0,0.7303,4,0.3302,1,3
MFI_KE_007487,25,F,Kiambu,20,41,54,14802.82,11354.32,374.69,7,4493.83,7178.21,31121.72,0.6733,8,0.9676,1,1
MFI_KE_007488,47,F,Laikipia,4,3,1,2524.18,2528.52,782.97,0,0.0,0.0,0.0,1.0,48,0.7269,0,5
MFI_KE_007489,22,M,Meru,2,3,3,5399.8,5439.79,326.13,0,0.0,0.0,0.0,1.0,43,0.4247,0,5
MFI_KE_007490,40,M,Laikipia,29,19,20,39828.12,28211.47,8073.91,2,45182.42,78764.9,95121.65,0.9812,1,0.6867,0,2
MFI_KE_007491,41,F,Kiambu,10,28,49,4693.65,4331.68,644.15,13,2594.16,3052.65,38095.52,0.4439,5,0.9752,0,1
MFI_KE_007492,43,F,Turkana,20,20,12,51068.17,44051.64,18372.51,4,29230.29,31433.07,103668.53,0.988,6,0.6002,0,2
MFI_KE_007493,36,F,Kericho,3,18,19,29770.2,21157.66,7940.98,3,22439.35,43180.36,62356.92,0.782,1,0.4408,1,2
MFI_KE_007494,30,M,Kiambu,20,18,22,46787.37,42657.9,19144.48,2,44651.01,53894.86,79944.01,0.9249,21,0.5817,0,2
MFI_KE_007495,18,F,Kiambu,109,38,56,14870.04,10882.2,776.57,9,1598.41,2405.62,15860.34,0.459,0,0.8698,0,1
MFI_KE_007496,37,F,Kilifi,3,28,22,20345.68,18707.2,20767.81,4,16507.64,28201.69,56449.16,0.9769,12,0.5584,0,2
MFI_KE_007497,28,F,Trans Nzoia,4,39,46,5937.15,4978.94,462.1,12,3612.55,6193.35,43905.58,0.9271,0,0.8425,0,1
MFI_KE_007498,29,M,Mombasa,4,3,2,2518.25,2105.02,857.61,0,0.0,0.0,0.0,1.0,46,0.5435,0,5
MFI_KE_007499,35,F,Nyeri,9,10,5,79989.26,72243.09,15157.09,2,73490.45,102919.5,135822.29,0.7252,8,0.5036,0,3
MFI_KE_007500,18,F,Machakos,10,3,3,526.92,430.72,253.22,0,0.0,0.0,0.0,1.0,10,0.6102,0,5
MFI_KE_007501,27,F,Murang'a,104,88,77,190862.25,134782.37,52678.36,9,178633.95,189664.04,1728272.22,0.8781,2,0.5614,0,4
MFI_KE_007502,22,M,Kiambu,15,44,53,31074.59,22555.35,900.81,9,665.36,715.49,7002.4,0.809,2,0.8471,0,1
MFI_KE_007503,31,F,Nakuru,22,17,18,172369.31,152493.6,4276.21,6,26190.78,38178.56,186656.15,0.8811,13,0.3707,0,2
MFI_KE_007504,35,F,Kilifi,6,27,16,47546.25,44885.68,19570.11,3,27103.87,36288.11,73601.06,0.9047,1,0.6259,0,2
MFI_KE_007505,41,F,Kitui,1,4,1,2685.12,1888.67,542.32,0,0.0,0.0,0.0,1.0,157,0.5981,0,5
MFI_KE_007506,18,F,Mombasa,69,34,48,6920.79,5015.72,195.47,8,2219.16,2220.79,19592.79,0.5397,1,0.7127,0,1
MFI_KE_007507,29,M,Murang'a,1,3,2,2315.99,2082.62,3699.01,0,0.0,0.0,0.0,1.0,147,0.4736,0,5
MFI_KE_007508,22,F,Kilifi,11,4,5,111031.09,115223.89,2800.98,1,102619.95,114282.94,119023.89,0.9102,1,0.4532,0,3
MFI_KE_007509,23,F,Mombasa,5,36,48,55008.19,45119.39,731.56,13,1314.44,2527.08,19408.74,0.8243,7,0.9285,0,1
MFI_KE_007510,34,M,Meru,45,28,21,60188.61,52523.5,6975.09,5,16515.86,32799.64,84924.42,0.9981,1,0.4533,0,2
MFI_KE_007511,18,M,Kitui,1,2,4,621.58,440.47,1716.02,0,0.0,0.0,0.0,1.0,43,0.7454,1,5
MFI_KE_007512,32,M,Meru,3,3,4,565.37,517.6,837.15,0,0.0,0.0,0.0,1.0,25,0.8286,0,5
MFI_KE_007513,55,M,Kakamega,19,12,7,37273.58,27296.67,4532.01,0,0.0,0.0,0.0,0.561,15,0.1808,1,3
MFI_KE_007514,29,F,Nakuru,15,47,47,25729.05,24282.74,1982.34,8,965.17,1921.44,7073.15,0.5469,0,0.7385,0,1
MFI_KE_007515,18,M,Nyeri,6,1,4,5371.15,4568.16,108.17,0,0.0,0.0,0.0,1.0,20,0.4938,0,5
MFI_KE_007516,36,F,Kisumu,3,2,5,873.34,823.67,889.03,1,1849.06,2454.75,1541.6,0.5366,68,0.5621,0,5
MFI_KE_007517,39,M,Nairobi,5,1,6,939.32,751.46,515.62,2,2634.82,4914.3,4506.7,0.6558,122,0.7551,0,5
MFI_KE_007518,30,F,Migori,1,0,4,248.52,259.85,370.24,0,0.0,0.0,0.0,1.0,66,0.6611,0,5
MFI_KE_007519,29,M,Mombasa,34,23,17,137322.8,137896.54,10458.31,5,31959.81,55264.86,181888.37,0.9599,1,0.7717,0,2
MFI_KE_007520,54,M,Kitui,33,6,6,130110.04,104198.99,833.39,1,185704.22,299078.3,157267.42,0.9022,1,0.3445,1,3
MFI_KE_007521,34,M,Kisumu,1,4,4,3014.43,2687.68,295.17,0,0.0,0.0,0.0,1.0,29,0.8726,0,5
MFI_KE_007522,22,F,Garissa,1,2,5,7835.65,5716.06,353.78,0,0.0,0.0,0.0,1.0,74,0.6045,0,5
MFI_KE_007523,21,M,Nakuru,20,47,45,14988.25,15517.68,1953.64,7,3360.94,4254.02,19411.59,0.7354,1,0.7175,0,1
MFI_KE_007524,35,M,Murang'a,44,12,6,48475.2,36176.21,10176.71,1,79969.71,151715.67,69410.11,0.623,3,0.533,0,3
MFI_KE_007525,43,M,Trans Nzoia,5,90,78,515463.69,408807.96,7018.3,8,132592.31,263323.37,1224929.97,0.6611,0,0.5501,1,4
MFI_KE_007526,31,F,Mombasa,4,43,38,5296.43,4850.64,2108.83,12,982.06,1786.84,12969.73,0.7618,0,0.9215,0,1
MFI_KE_007527,24,M,Bungoma,29,31,57,34846.13,28526.57,1883.41,12,2246.7,2409.07,27757.65,0.5193,0,0.8522,1,1
MFI_KE_007528,39,F,Bungoma,14,6,5,6608.06,6756.62,5960.7,0,0.0,0.0,0.0,0.5745,6,0.364,1,3
MFI_KE_007529,31,F,Kisii,10,21,21,226677.74,181028.22,53824.72,0,0.0,0.0,0.0,0.9797,3,0.462,0,2
MFI_KE_007530,32,F,Bomet,14,10,4,10140.1,7407.45,8701.85,0,0.0,0.0,0.0,0.8249,4,0.4352,1,3
MFI_KE_007531,28,F,Kericho,23,44,54,8209.15,6564.69,634.62,6,1070.86,1935.24,7090.58,0.6813,1,0.5674,0,1
MFI_KE_007532,34,F,Uasin Gishu,58,23,27,56943.93,56361.45,8492.19,1,44248.1,45795.37,44789.26,0.8165,1,0.7125,0,2
MFI_KE_007533,53,F,Bungoma,2,2,5,439.3,318.75,173.45,1,2319.73,2914.65,2704.6,0.0644,166,0.628,0,5
MFI_KE_007534,43,F,Meru,16,36,32,65332.24,50442.92,10835.74,2,32979.97,61607.78,70116.4,0.8862,7,0.4937,0,2
MFI_KE_007535,38,M,Murang'a,23,10,9,54777.92,41918.95,4502.1,1,61132.01,103787.0,51611.13,0.7107,1,0.798,1,3
MFI_KE_007536,21,M,Kitui,9,43,66,5378.06,5555.27,3426.86,14,2376.58,2713.21,34205.28,0.7596,3,0.9534,0,1
MFI_KE_007537,42,F,Kitui,6,25,16,33565.69,28104.34,26045.42,2,71345.71,127707.75,160091.07,0.9834,16,0.7762,0,2
MFI_KE_007538,31,F,Kakamega,7,27,16,102569.61,93596.31,11922.57,3,23011.78,38011.46,78972.57,0.9897,4,0.6157,0,2
MFI_KE_007539,26,M,Uasin Gishu,27,31,39,11202.06,8238.68,1568.36,3,5526.36,7876.36,15758.38,0.6443,7,0.8745,0,1
MFI_KE_007540,37,F,Kericho,56,22,23,194672.45,157706.44,29902.48,3,35011.66,69489.97,107419.75,0.9411,5,0.6878,0,2
MFI_KE_007541,33,F,Trans Nzoia,16,6,6,14683.83,13316.45,1452.93,5,74406.86,100243.6,372181.44,0.8386,1,0.3722,1,3
MFI_KE_007542,40,F,Turkana,6,67,65,175083.03,129550.63,111825.76,8,239249.25,363005.81,2005550.39,0.781,0,0.5151,1,4
MFI_KE_007543,24,F,Nakuru,16,49,57,11466.37,9329.56,2503.32,10,3773.66,7403.21,40051.45,0.7171,5,0.905,0,1
MFI_KE_007544,33,F,Trans Nzoia,10,9,5,57156.31,47874.93,6124.6,1,32017.05,61000.58,33499.62,0.783,13,0.4251,1,3
MFI_KE_007545,33,M,Nakuru,6,46,50,19465.05,17448.82,1027.6,10,1221.25,2168.59,13241.69,0.7004,1,0.9882,0,1
MFI_KE_007546,29,F,Mombasa,19,50,41,9058.01,8439.54,2707.59,8,2661.94,2863.03,17484.6,0.5694,0,0.7057,0,1
MFI_KE_007547,23,M,Nyeri,17,37,52,10018.29,8204.7,2143.12,10,2704.99,3885.76,21960.39,0.7155,0,0.8157,0,1
MFI_KE_007548,60,F,Nyeri,7,0,4,7374.48,5164.93,386.89,0,0.0,0.0,0.0,1.0,21,0.8699,0,5
MFI_KE_007549,26,F,Nakuru,13,39,60,8487.25,6562.77,757.16,4,1054.51,1831.82,3697.61,0.7032,4,0.9437,0,1
MFI_KE_007550,32,M,Garissa,22,6,4,39377.23,31131.56,8295.37,0,0.0,0.0,0.0,0.6758,12,0.5685,1,3
MFI_KE_007551,30,M,Bomet,7,31,21,23079.63,17592.07,8104.46,1,61313.92,101027.28,52223.44,0.9709,7,0.5212,1,2
MFI_KE_007552,26,F,Mombasa,14,46,57,10051.48,10133.36,16016.2,12,1266.13,1711.65,13254.16,0.764,0,0.9633,0,1
MFI_KE_007553,25,M,Nakuru,75,22,53,9320.92,9016.31,12088.76,12,714.56,755.99,7888.98,0.4767,1,0.6547,0,1
MFI_KE_007554,60,F,Machakos,22,5,3,257388.37,258203.84,8390.06,2,41333.19,70918.51,90224.8,0.8927,1,0.7018,1,3
MFI_KE_007555,18,F,Embu,1,3,2,531.36,404.07,1495.09,0,0.0,0.0,0.0,1.0,26,0.4894,1,5
MFI_KE_007556,32,F,Kisumu,7,39,57,35351.92,36735.08,1934.31,10,1266.68,2403.02,11365.93,0.6679,4,0.9892,1,1
MFI_KE_007557,44,F,Bomet,19,67,85,316939.58,309608.19,20121.84,3,135689.66,179029.81,336728.2,0.9375,1,0.5174,1,4
MFI_KE_007558,18,M,Nakuru,31,39,55,6654.33,5882.68,2900.48,13,3133.27,4560.24,37534.97,0.9012,2,0.7106,0,1
MFI_KE_007559,24,F,Kiambu,8,41,43,3147.16,2783.31,2574.1,10,1720.93,3428.33,15462.5,0.6265,10,0.8356,0,1
MFI_KE_007560,41,F,Bomet,4,74,79,198112.6,179297.74,31584.92,5,114299.96,116104.84,618245.07,0.9104,0,0.6023,1,4
MFI_KE_007561,24,M,Kisumu,6,45,49,16401.34,14003.83,692.34,10,1969.6,2652.43,18481.08,0.6624,0,0.9011,0,1
MFI_KE_007562,31,M,Embu,8,9,7,19051.55,16313.72,3496.59,3,107877.65,113508.62,350220.0,0.7024,6,0.7447,1,3
MFI_KE_007563,34,M,Kilifi,12,5,7,33292.46,23761.67,11380.26,4,151325.4,253030.25,622449.79,0.7481,12,0.3136,1,3
MFI_KE_007564,33,F,Garissa,63,8,8,51997.18,53170.54,7037.32,2,92603.14,162578.57,162377.94,0.5561,17,0.5147,1,3
MFI_KE_007565,34,M,Kilifi,103,42,35,16757.9,15398.02,2375.58,5,2643.6,4594.63,10958.74,0.4888,4,0.8615,0,1
MFI_KE_007566,31,M,Nairobi,19,48,50,13030.44,9628.27,4575.33,10,788.66,1040.88,7579.46,0.2779,1,0.9834,0,1
MFI_KE_007567,30,M,Mombasa,14,62,77,92206.07,90015.04,24275.07,3,325310.86,602101.07,849401.47,0.8727,5,0.4177,1,4
MFI_KE_007568,18,M,Embu,3,3,3,3705.52,3612.6,291.68,0,0.0,0.0,0.0,1.0,158,0.942,0,5
MFI_KE_007569,22,M,Kakamega,3,4,12,282856.63,293851.44,2149.65,2,62296.14,105993.62,137732.8,0.5948,33,0.5867,1,3
MFI_KE_007570,28,M,Kitui,7,35,44,10540.35,7607.7,894.24,11,2662.0,2725.53,34163.75,0.851,5,0.5513,0,1
MFI_KE_007571,32,F,Kisumu,3,44,46,51138.69,43724.93,1079.48,7,3488.98,6325.45,22607.54,0.6448,0,0.8699,0,1
MFI_KE_007572,33,F,Nakuru,29,39,39,4733.92,3976.61,1307.28,6,1876.82,2374.59,10233.35,0.8248,3,0.9021,0,1
MFI_KE_007573,39,M,Murang'a,1,2,3,7779.47,6654.35,316.26,0,0.0,0.0,0.0,1.0,15,0.807,0,5
MFI_KE_007574,28,F,Kisumu,51,22,12,36586.13,30067.21,5303.83,2,35157.24,49183.47,57991.19,0.7312,8,0.2421,0,2
MFI_KE_007575,54,M,Turkana,8,12,6,290445.27,238210.07,7522.61,1,36811.31,49084.34,36090.52,0.7523,20,0.4337,1,3
MFI_KE_007576,20,F,Mombasa,13,34,47,40729.95,42754.98,5906.71,9,4643.74,6331.21,38226.94,0.4546,2,0.9375,0,1
MFI_KE_007577,30,M,Trans Nzoia,16,6,8,7522.12,5639.0,2047.53,0,0.0,0.0,0.0,0.8025,4,0.2723,0,3
MFI_KE_007578,33,M,Uasin Gishu,7,41,64,27491.28,23570.15,780.65,7,1794.78,2806.53,14767.7,0.8861,6,0.8175,1,1
MFI_KE_007579,37,F,Murang'a,59,24,15,87248.08,84514.62,23093.12,2,38400.63,38419.96,76010.41,0.8821,1,0.7538,0,2
MFI_KE_007580,38,M,Trans Nzoia,11,71,66,97437.58,92308.88,4835.52,4,159689.97,283082.88,734922.13,0.7696,0,0.3655,0,4
MFI_KE_007581,41,F,Kakamega,10,73,71,253297.54,207928.69,69165.38,6,103782.43,155359.98,583159.89,0.659,0,0.1982,1,4
MFI_KE_007582,43,F,Kericho,5,17,29,69291.53,70248.39,35477.39,3,95241.2,189646.49,280864.55,0.9971,16,0.8008,0,2
MFI_KE_007583,27,F,Mombasa,32,50,56,12572.9,12303.82,337.58,11,2670.41,4658.53,23562.4,0.6834,3,0.8707,0,1
MFI_KE_007584,23,M,Kisumu,6,40,40,22622.3,18574.73,1782.22,12,3208.6,6320.19,40253.23,0.6368,2,0.9638,0,1
MFI_KE_007585,26,F,Homa Bay,6,24,18,97951.48,92181.9,35084.39,1,37014.53,45623.73,29815.54,0.7528,11,0.9342,0,2
MFI_KE_007586,62,F,Bomet,5,1,1,1398.73,1439.99,697.23,1,1446.8,1823.04,1719.89,0.6582,102,0.6286,0,5
MFI_KE_007587,53,M,Trans Nzoia,4,80,67,238360.56,183809.99,47371.59,4,161061.86,203009.81,630456.85,0.7726,0,0.7293,1,4
MFI_KE_007588,32,F,Kilifi,14,29,46,8583.62,7559.06,15966.29,6,1631.32,2220.47,10411.92,0.3597,0,0.8072,1,1
MFI_KE_007589,22,F,Uasin Gishu,9,25,16,32452.94,23628.26,12067.4,3,49762.93,67622.44,132380.6,0.9944,2,0.6192,1,2
MFI_KE_007590,22,M,Kisumu,4,37,43,7979.51,8378.06,391.89,10,1720.41,1984.78,14496.13,0.8309,18,0.7241,0,1
MFI_KE_007591,25,F,Laikipia,18,53,45,42325.73,34669.49,3914.34,10,3113.78,4758.77,30077.36,0.6051,2,0.9084,0,1
MFI_KE_007592,24,M,Kiambu,17,32,53,25214.03,23744.33,10339.39,3,1980.12,3809.71,6867.06,0.7349,11,0.7904,0,1
MFI_KE_007593,36,F,Kitui,19,10,4,46038.24,34883.9,21731.24,4,23057.31,35645.47,97176.14,0.7387,5,0.3134,1,3
MFI_KE_007594,41,F,Kericho,9,4,1,676.1,668.88,250.19,0,0.0,0.0,0.0,1.0,42,0.5666,0,5
MFI_KE_007595,25,M,Nairobi,43,27,52,5438.38,3843.49,668.77,6,2420.69,4381.51,13914.82,0.8587,1,0.9425,0,1
MFI_KE_007596,31,M,Kitui,59,7,2,105049.11,92281.97,25953.37,4,48015.79,53742.38,223176.25,0.7768,6,0.619,0,3
MFI_KE_007597,46,F,Bungoma,41,7,8,23618.57,18500.14,12358.77,2,114574.18,119906.12,216162.85,0.6509,11,0.2112,1,3
MFI_KE_007598,29,F,Mombasa,19,37,52,16326.51,12225.05,950.85,10,1987.63,3316.07,20642.31,0.8236,1,0.8464,0,1
MFI_KE_007599,42,F,Kakamega,18,20,23,128926.15,131513.24,12866.49,4,27774.46,29639.63,115501.69,0.9136,3,0.5496,1,2
MFI_KE_007600,42,M,Nyeri,19,28,18,139125.11,101787.99,12353.52,2,55543.16,94098.12,93486.48,0.8499,5,0.6308,0,2
MFI_KE_007601,27,M,Nairobi,17,42,40,57461.34,53479.14,515.33,7,3125.11,4040.8,17852.37,0.9275,8,0.5372,0,1
MFI_KE_007602,36,F,Murang'a,7,30,21,136180.72,125874.59,21983.78,3,31825.67,49544.51,106602.69,0.8396,10,0.7546,0,2
MFI_KE_007603,49,M,Kiambu,4,5,6,41914.34,37093.02,427.41,0,0.0,0.0,0.0,1.0,13,0.5327,0,5
MFI_KE_007604,31,M,Murang'a,11,40,59,6890.06,6642.27,1808.71,7,1133.44,2202.37,7621.68,0.6218,5,0.9194,0,1
MFI_KE_007605,46,F,Murang'a,5,20,14,218506.63,223364.72,8019.33,2,30944.91,32811.17,54226.65,0.9832,9,0.6368,0,2
MFI_KE_007606,41,M,Nairobi,9,31,22,69338.96,57479.5,20240.12,2,34471.45,53528.64,81120.94,0.9968,11,0.6035,0,2
MFI_KE_007607,26,F,Kisumu,26,39,28,32077.57,33073.34,2504.34,8,707.14,862.55,6525.73,0.34,0,0.8892,1,1
MFI_KE_007608,29,M,Bomet,15,96,60,414382.68,311507.57,26433.59,5,72843.97,73526.04,328407.08,0.827,2,0.5981,1,4
MFI_KE_007609,56,F,Kakamega,31,89,62,802071.83,640884.12,53122.18,1,148434.82,251395.36,154641.47,0.8327,2,0.8424,0,4
MFI_KE_007610,40,F,Meru,21,87,71,376018.43,344171.54,33400.98,11,309419.45,474703.03,2889572.73,0.9786,0,0.4445,1,4
MFI_KE_007611,44,M,Machakos,9,85,71,726427.29,544710.17,52299.45,6,58540.41,116416.31,302520.89,0.7788,0,0.5819,0,4
MFI_KE_007612,25,F,Nyeri,44,39,42,8234.42,8610.41,1698.37,4,1641.87,1766.27,6808.41,0.8806,0,0.8621,0,1
MFI_KE_007613,45,F,Murang'a,1,1,1,3503.69,2473.36,241.36,0,0.0,0.0,0.0,1.0,33,0.4901,0,5
MFI_KE_007614,47,M,Murang'a,4,19,13,76694.31,57852.88,15556.48,3,19042.15,29868.91,46394.35,0.9993,1,0.8136,0,2
MFI_KE_007615,42,M,Machakos,63,12,5,5921.48,5303.64,8743.2,1,142918.87,225203.45,140783.85,0.6918,12,0.2144,1,3
MFI_KE_007616,35,F,Nairobi,15,37,48,20158.06,18304.93,1522.26,10,1396.96,2779.98,13526.49,0.4377,2,0.6236,0,1
MFI_KE_007617,40,F,Turkana,23,15,21,181241.37,149467.85,23912.34,3,35980.21,57474.96,93619.65,0.9805,7,0.6571,1,2
MFI_KE_007618,18,F,Nairobi,14,42,62,52830.38,39079.61,970.67,11,4024.05,6902.22,47040.6,0.8064,6,0.8407,0,1
MFI_KE_007619,35,M,Garissa,30,25,29,38806.76,36599.84,9684.49,2,62959.38,84547.65,101628.37,0.9962,5,0.6903,0,2
MFI_KE_007620,49,M,Kisumu,1,1,0,678.97,591.43,254.94,1,3019.72,5184.68,3214.0,0.834,209,0.1889,0,5
MFI_KE_007621,34,F,Nairobi,15,81,59,460612.46,375682.59,20056.88,6,140137.37,200642.71,946769.59,0.8596,3,0.5757,0,4
MFI_KE_007622,33,F,Murang'a,18,44,52,12845.03,9355.58,1306.42,10,2294.08,3082.09,22297.8,0.7665,2,0.6995,0,1
MFI_KE_007623,26,M,Meru,22,6,8,200442.51,163258.19,6056.97,1,58203.82,113577.14,52876.84,0.4543,15,0.5291,1,3
MFI_KE_007624,23,F,Nyeri,110,65,72,1846793.8,1881144.24,18156.63,10,299049.16,508059.91,2525173.13,0.7936,0,0.3918,1,4
MFI_KE_007625,44,M,Meru,6,9,8,38019.6,31235.45,4759.38,2,98349.33,145322.84,173267.33,0.6662,22,0.6296,1,3
MFI_KE_007626,41,F,Meru,6,5,8,4300.24,3288.67,955.71,2,37847.6,48214.91,66422.47,0.7802,10,0.6411,1,3
MFI_KE_007627,50,F,Kericho,1,3,5,478.3,414.63,734.97,1,1478.7,1710.17,1200.29,0.2368,32,0.6376,1,5
MFI_KE_007628,40,F,Embu,5,29,23,189651.67,145868.13,7635.43,3,35820.39,46951.23,118069.65,0.9848,5,0.392,0,2
MFI_KE_007629,26,M,Meru,18,22,25,62948.59,53666.89,18809.85,0,0.0,0.0,0.0,0.9879,1,0.6405,1,2
MFI_KE_007630,29,F,Nakuru,14,43,51,9095.13,7222.87,499.05,9,1438.93,2417.0,11265.17,0.5703,4,0.727,0,1
MFI_KE_007631,63,F,Kakamega,10,8,3,56501.19,41952.62,1498.81,3,46194.18,87783.98,123918.55,0.94,3,0.3805,1,3
MFI_KE_007632,29,F,Kiambu,26,46,48,4174.93,2980.23,1419.0,5,833.58,1413.47,3643.78,0.6209,3,0.9137,1,1
MFI_KE_007633,33,M,Turkana,3,4,3,2612.47,1852.82,329.76,0,0.0,0.0,0.0,1.0,316,0.5405,1,5
MFI_KE_007634,40,M,Bungoma,2,2,3,12067.17,11021.33,1494.99,2,2275.86,3732.97,4083.68,0.8513,64,0.8199,1,5
MFI_KE_007635,25,M,Trans Nzoia,75,6,10,171193.26,136805.77,25945.31,1,97299.46,102985.52,113246.62,0.5968,15,0.6235,0,3
MFI_KE_007636,40,M,Kitui,4,3,6,483.6,435.62,572.58,2,783.74,883.62,1851.92,0.1058,27,0.5222,0,5
MFI_KE_007637,53,M,Kiambu,25,28,12,49825.63,51473.35,7284.56,3,97260.86,166302.41,261676.99,0.7776,1,0.5264,0,2
MFI_KE_007638,39,M,Kakamega,4,3,2,1385.43,1340.94,176.45,0,0.0,0.0,0.0,1.0,18,0.2985,0,5
MFI_KE_007639,42,M,Bomet,1,1,1,2497.43,2184.15,1069.09,1,1879.0,3507.64,2170.78,0.3737,66,0.815,0,5
MFI_KE_007640,21,M,Kisumu,12,26,46,30242.3,21511.84,2718.2,11,1695.56,2222.99,14980.4,0.589,2,0.8232,0,1
MFI_KE_007641,73,F,Migori,10,10,6,151990.48,151619.06,23556.95,0,0.0,0.0,0.0,0.8096,2,0.2848,1,3
MFI_KE_007642,32,M,Bomet,4,10,10,173986.75,141417.58,9610.48,0,0.0,0.0,0.0,0.7644,5,0.4156,1,3
MFI_KE_007643,52,M,Kiambu,10,21,17,103116.05,86031.12,22424.6,1,65835.68,125481.43,74192.3,0.952,8,0.4937,0,2
MFI_KE_007644,28,M,Nakuru,30,27,15,78573.5,62721.21,5116.98,3,19322.0,33592.89,54101.21,0.9657,6,0.6123,0,2
MFI_KE_007645,54,F,Kitui,9,6,9,70567.2,71956.92,37757.23,2,57032.55,98865.65,95601.6,0.7534,29,0.6427,0,3
MFI_KE_007646,34,M,Bungoma,46,35,52,8769.02,8224.65,3803.63,5,2880.31,5582.96,15139.53,0.9324,0,0.8774,0,1
MFI_KE_007647,38,F,Migori,9,25,21,73182.67,68342.89,14128.77,2,40445.67,40983.37,74077.58,0.9868,4,0.5991,0,2
MFI_KE_007648,34,M,Nairobi,26,41,51,15334.87,15939.17,1557.21,3,2488.2,2987.47,8659.92,0.4686,1,0.8782,0,1
MFI_KE_007649,35,F,Nairobi,33,32,48,12670.6,10913.69,763.84,9,2462.55,2673.27,23115.75,0.7864,0,0.6446,0,1
MFI_KE_007650,22,F,Kiambu,6,45,48,12183.81,12230.71,1542.12,5,906.11,921.05,4830.4,0.8147,7,0.8618,0,1
MFI_KE_007651,50,M,Kakamega,48,11,9,52834.23,38165.79,2461.21,1,45906.21,62580.87,39708.92,0.95,17,0.4183,1,3
MFI_KE_007652,39,M,Kitui,12,60,64,419725.57,365555.84,45298.82,4,156643.67,284856.27,526921.39,0.7351,1,0.6818,0,4
MFI_KE_007653,40,M,Uasin Gishu,69,20,16,91285.65,91109.63,16731.79,1,58263.44,111865.61,63741.57,0.9822,3,0.4012,0,2
MFI_KE_007654,18,F,Nakuru,11,45,59,9850.8,8238.43,1786.88,10,1071.23,1811.55,8697.97,0.7002,1,0.9604,0,1
MFI_KE_007655,35,F,Kisumu,3,22,15,104673.1,77829.8,15451.44,4,17760.22,18374.23,70993.73,0.9803,2,0.5736,0,2
MFI_KE_007656,27,F,Uasin Gishu,11,43,43,12203.64,8815.21,8501.62,8,3850.24,4414.14,28868.92,0.9127,3,0.9924,0,1
MFI_KE_007657,25,F,Nakuru,1,4,6,867.45,694.69,1837.96,0,0.0,0.0,0.0,1.0,197,0.6566,1,5
MFI_KE_007658,19,F,Kericho,12,1,4,809.83,756.87,1251.78,0,0.0,0.0,0.0,1.0,18,0.6264,0,5
MFI_KE_007659,44,F,Nyeri,14,21,20,54275.04,56493.73,16022.72,2,14169.04,22409.59,31403.1,0.9393,2,0.7863,1,2
MFI_KE_007660,32,F,Bungoma,1,2,3,6871.07,5155.25,1517.84,0,0.0,0.0,0.0,1.0,45,0.2572,0,5
MFI_KE_007661,37,F,Kisii,9,89,68,225304.66,204016.39,23510.33,10,87711.43,163104.67,820885.63,0.926,1,0.2471,1,4
MFI_KE_007662,36,F,Nakuru,7,23,24,57838.78,42807.9,12564.22,7,20559.85,32083.53,141034.92,0.9069,21,0.4888,0,2
MFI_KE_007663,46,F,Mombasa,1,3,8,2195.3,2206.21,212.2,0,0.0,0.0,0.0,1.0,13,0.6717,0,5
MFI_KE_007664,30,M,Kiambu,6,28,18,71204.8,72875.64,16172.8,0,0.0,0.0,0.0,0.9846,7,0.6184,0,2
MFI_KE_007665,25,F,Mombasa,19,51,50,16578.23,17271.54,676.79,5,1604.49,3160.67,6490.04,0.771,1,0.9945,0,1
MFI_KE_007666,33,F,Trans Nzoia,2,1,3,943.4,953.4,696.56,0,0.0,0.0,0.0,1.0,53,0.6681,0,5
MFI_KE_007667,49,F,Uasin Gishu,2,24,18,144415.88,139284.02,27616.51,5,36200.88,64360.29,179953.71,0.9602,6,0.6247,0,2
MFI_KE_007668,38,F,Mombasa,48,24,17,46477.29,43157.12,32238.86,6,22196.76,27940.28,146455.81,0.9949,1,0.6028,0,2
MFI_KE_007669,33,F,Bomet,37,21,19,74472.84,66562.14,11098.18,3,33117.19,55069.83,113619.34,0.9979,6,0.7009,0,2
MFI_KE_007670,30,F,Kisumu,3,44,63,12743.86,12567.32,2175.11,9,1685.25,2700.26,13250.18,0.8102,3,0.7706,1,1
MFI_KE_007671,41,M,Bungoma,30,31,21,150874.56,111031.85,4711.83,4,52135.45,97531.88,193753.4,0.997,8,0.7052,1,2
MFI_KE_007672,39,M,Kakamega,6,9,2,52792.61,45128.95,2256.81,4,109897.72,114419.16,392429.76,0.6891,15,0.4938,1,3
MFI_KE_007673,39,F,Kitui,101,18,16,59188.78,41470.13,1345.0,4,46856.41,59957.34,196236.74,0.877,29,0.445,1,2
MFI_KE_007674,28,M,Uasin Gishu,7,34,66,17170.74,17822.76,16998.78,7,1494.99,2713.1,8785.54,0.5318,0,0.8869,0,1
MFI_KE_007675,46,F,Kilifi,2,2,5,1581.66,1652.16,3774.85,0,0.0,0.0,0.0,1.0,34,0.9045,1,5
MFI_KE_007676,23,F,Kilifi,8,85,55,380293.18,316763.65,83043.56,1,129697.93,144060.83,145538.62,0.8079,2,0.8069,0,4
MFI_KE_007677,43,F,Uasin Gishu,2,2,2,2091.7,1893.39,1740.09,0,0.0,0.0,0.0,1.0,26,0.8775,0,5
MFI_KE_007678,22,F,Bomet,19,23,15,72671.93,68681.48,15947.16,6,42597.56,62657.69,277188.41,0.6964,4,0.8241,0,2
MFI_KE_007679,35,F,Nairobi,13,37,22,78881.45,81948.35,18769.55,5,66864.84,118541.34,358758.07,0.9114,7,0.4998,1,2
MFI_KE_007680,40,F,Nairobi,38,91,63,451328.31,466447.03,86633.51,1,157207.5,301140.99,178661.81,0.9526,0,0.7107,1,4
MFI_KE_007681,69,F,Kitui,14,9,4,44099.28,33362.19,1116.43,2,75169.79,115181.62,142733.67,0.5406,3,0.4067,1,3
MFI_KE_007682,24,F,Migori,6,36,53,36459.36,29287.59,1452.49,9,2185.15,2639.75,16087.5,0.5571,1,0.9536,0,1
MFI_KE_007683,34,F,Kilifi,4,23,21,124171.44,108877.84,10586.77,2,30375.57,36411.49,59905.14,0.9499,3,0.7214,1,2
MFI_KE_007684,38,M,Homa Bay,6,10,4,23618.85,17900.49,1382.05,3,83020.03,145892.05,243838.91,0.484,2,0.8301,1,3
MFI_KE_007685,28,F,Uasin Gishu,6,34,58,4262.04,3112.03,1370.29,8,4405.37,6936.18,32681.11,0.8224,1,0.7907,0,1
MFI_KE_007686,20,F,Mombasa,32,44,53,10646.99,10221.89,5650.67,12,3681.17,5303.43,46496.9,0.6836,5,0.8787,0,1
MFI_KE_007687,51,M,Bomet,20,5,8,20658.32,21152.36,4126.65,4,43339.32,82986.75,180040.74,0.7794,4,0.6232,1,3
MFI_KE_007688,65,M,Laikipia,5,13,5,185573.24,159795.46,798.55,2,58723.34,83734.23,117085.07,0.8055,3,0.601,1,3
MFI_KE_007689,33,F,Turkana,7,28,12,116341.99,81560.84,7972.52,3,44147.58,46723.19,146312.19,0.9904,1,0.4677,0,2
MFI_KE_007690,44,M,Migori,15,16,22,80326.86,74640.81,30256.22,3,37404.02,59329.25,127926.22,0.9956,16,0.7803,0,2
MFI_KE_007691,50,F,Uasin Gishu,17,21,20,84075.48,65528.44,11354.42,4,25974.3,36631.16,94109.52,0.9929,15,0.575,0,2
MFI_KE_007692,37,F,Kakamega,9,0,3,9272.68,8443.23,226.86,0,0.0,0.0,0.0,1.0,83,0.9098,0,5
MFI_KE_007693,41,M,Murang'a,53,9,5,26339.26,25532.99,9524.88,2,107285.92,164505.98,210423.65,0.8485,6,0.4212,0,3
MFI_KE_007694,22,M,Trans Nzoia,8,48,51,13428.9,11664.92,2262.07,6,1017.94,1053.96,5044.77,0.6778,0,0.9347,0,1
MFI_KE_007695,37,F,Garissa,8,103,74,544529.77,476388.08,8656.29,8,146267.46,147594.83,1067201.09,0.8605,2,0.5977,0,4
MFI_KE_007696,49,F,Bomet,26,8,6,22210.93,22844.89,5283.78,0,0.0,0.0,0.0,0.846,1,0.3559,0,3
MFI_KE_007697,25,M,Kiambu,19,44,48,40875.64,31371.72,2517.06,9,2704.17,3506.56,23406.65,0.8547,10,0.8659,0,1
MFI_KE_007698,39,M,Trans Nzoia,42,12,6,16550.05,13159.68,3595.56,4,62970.45,78265.75,222811.52,0.8701,18,0.5414,1,3
MFI_KE_007699,27,M,Homa Bay,9,30,15,110510.62,94872.05,14277.83,3,57566.95,69556.0,155268.12,0.9812,26,0.6905,0,2
MFI_KE_007700,35,F,Nairobi,2,38,51,11217.9,7936.03,2725.03,3,906.49,1274.88,2783.8,0.3719,3,0.8656,0,1
MFI_KE_007701,40,F,Meru,4,23,23,75231.73,74109.71,13797.39,3,28767.47,44162.71,96443.47,0.9369,8,0.6959,0,2
MFI_KE_007702,51,M,Kakamega,5,6,9,57123.08,56708.41,3449.15,1,17235.77,24279.08,14914.7,0.8526,14,0.1371,1,3
MFI_KE_007703,54,F,Murang'a,31,26,18,34270.36,29610.07,18273.84,3,75963.82,95251.17,225363.29,0.9304,13,0.7369,0,2
MFI_KE_007704,22,M,Kericho,3,38,54,3606.5,3632.19,2688.76,9,885.33,963.36,8555.86,0.4815,1,0.9365,0,1
MFI_KE_007705,35,M,Kisii,7,22,16,54589.12,49105.86,18281.56,3,25163.17,41324.62,61773.19,0.8373,4,0.6481,0,2
MFI_KE_007706,33,F,Bomet,20,78,75,266951.96,267515.88,85820.63,9,150136.06,262756.21,1192629.84,0.9076,1,0.7463,0,4
MFI_KE_007707,42,F,Kericho,13,10,6,109435.2,78476.07,10437.3,2,51428.95,89892.7,114478.2,0.902,1,0.6255,1,3
MFI_KE_007708,33,M,Kericho,26,18,21,106696.32,110033.85,28834.03,7,50472.6,92174.3,332160.69,0.9962,1,0.8108,0,2
MFI_KE_007709,18,F,Uasin Gishu,17,35,57,29273.34,27864.49,3749.05,8,2014.41,3272.37,13824.82,0.7026,1,0.8279,0,1
MFI_KE_007710,29,F,Nairobi,18,41,38,15028.14,12589.59,529.32,6,1752.83,3202.52,10183.69,0.6857,0,0.7363,0,1
MFI_KE_007711,18,F,Kisumu,6,4,3,13313.01,12226.98,798.99,0,0.0,0.0,0.0,1.0,54,0.6946,0,5
MFI_KE_007712,24,F,Kiambu,20,50,51,27985.18,24606.36,1342.89,7,3299.97,4505.79,21907.2,0.7606,5,0.8576,0,1
MFI_KE_007713,35,F,Nairobi,6,44,58,28880.52,30066.25,3156.27,6,2772.28,5390.93,15046.19,0.6852,3,0.9085,0,1
MFI_KE_007714,18,F,Migori,5,3,5,2588.55,2491.36,3905.5,1,1422.97,1699.16,1510.78,0.7328,125,0.5664,0,5
MFI_KE_007715,28,M,Nairobi,11,41,52,8335.19,6227.89,1482.9,9,2561.18,4162.46,22807.43,0.6158,3,0.8548,0,1
MFI_KE_007716,21,M,Nairobi,13,45,49,34308.66,33824.95,810.84,9,1791.45,3411.0,17281.34,0.8495,6,0.8775,0,1
MFI_KE_007717,33,M,Kisii,3,34,40,47854.85,46657.56,1619.55,6,1629.96,2329.19,8110.84,0.6229,1,0.8528,0,1
MFI_KE_007718,40,F,Homa Bay,16,31,16,177154.64,185322.35,53215.08,2,34179.06,62375.2,62751.48,0.984,8,0.6847,0,2
MFI_KE_007719,22,M,Embu,5,86,74,370116.93,368646.1,95962.62,5,124190.55,201004.37,621705.65,0.8537,0,0.3958,1,4
MFI_KE_007720,40,F,Turkana,7,19,23,103955.76,77760.61,11629.43,1,44068.08,51862.38,42564.59,0.9035,54,0.9497,1,2
MFI_KE_007721,22,M,Kiambu,22,27,54,18343.86,16191.41,975.66,8,3235.82,4130.0,24274.77,0.7353,2,0.928,0,1
MFI_KE_007722,43,F,Kitui,7,2,6,33799.27,33638.74,10799.15,0,0.0,0.0,0.0,0.957,12,0.1995,1,3
MFI_KE_007723,56,F,Nyeri,10,10,6,24324.6,19085.55,2092.93,3,47688.56,87721.49,152824.99,0.8965,1,0.4303,1,3
MFI_KE_007724,22,F,Murang'a,20,26,17,277931.18,200197.56,7238.25,2,46190.88,59353.52,75764.81,0.9995,25,0.7329,0,2
MFI_KE_007725,28,M,Kiambu,25,36,52,33670.49,25481.99,866.06,6,535.46,623.72,3138.66,0.7307,0,0.3749,0,1
MFI_KE_007726,28,F,Trans Nzoia,17,9,4,15252.1,14997.22,16395.36,3,47619.36,52268.88,155020.32,0.8324,14,0.3253,1,3
MFI_KE_007727,34,M,Migori,3,19,23,41545.15,33004.59,18170.81,6,20569.57,30525.31,121753.92,0.9923,12,0.6667,0,2
MFI_KE_007728,45,M,Kilifi,23,22,22,143369.48,138293.46,3618.69,2,22318.26,32382.23,48710.33,0.9331,2,0.6081,1,2
MFI_KE_007729,34,M,Turkana,10,18,18,44244.32,44162.41,5367.66,5,34074.88,47431.2,152589.63,0.9499,10,0.7817,1,2
MFI_KE_007730,21,F,Kitui,26,34,53,65393.78,47022.22,641.13,7,1192.33,1513.14,9405.95,0.4923,3,0.6764,0,1
MFI_KE_007731,29,F,Murang'a,10,5,8,34395.55,33828.99,960.87,3,39246.79,78255.41,96218.46,0.8833,1,0.6056,1,3
MFI_KE_007732,45,F,Nairobi,3,25,20,126573.52,118301.89,13595.1,5,26471.02,41148.95,125882.45,0.9565,6,0.3107,0,2
MFI_KE_007733,30,F,Uasin Gishu,27,42,52,8920.86,6517.19,972.32,5,1316.86,1893.14,5328.98,0.5453,5,0.9802,0,1
MFI_KE_007734,49,F,Homa Bay,4,23,19,101812.54,97629.63,6759.08,1,33226.32,44566.97,33811.88,0.9842,8,0.5459,1,2
MFI_KE_007735,43,M,Bomet,15,74,73,296725.27,264486.51,158892.07,13,188861.54,264836.11,2723241.87,0.9756,0,0.7215,0,4
MFI_KE_007736,26,M,Kisumu,27,36,49,4636.65,3853.45,2368.99,11,2367.85,2827.6,29760.08,0.7861,9,0.9149,0,1
MFI_KE_007737,69,F,Migori,46,11,7,52412.82,45419.86,1882.29,0,0.0,0.0,0.0,0.7798,4,0.2682,1,3
MFI_KE_007738,50,M,Nyeri,10,2,1,9812.0,9198.79,1664.74,1,1238.66,1256.8,1295.44,0.3457,27,0.3813,0,5
MFI_KE_007739,29,F,Nairobi,76,50,49,44669.72,40133.3,1207.88,11,2646.99,5083.86,28974.69,0.7408,1,0.907,0,1
MFI_KE_007740,35,M,Trans Nzoia,3,7,5,2534.75,1900.27,1565.95,0,0.0,0.0,0.0,1.0,233,0.5869,0,5
MFI_KE_007741,50,F,Homa Bay,3,73,72,116977.21,104614.98,27685.28,10,129596.38,179733.08,1477621.97,0.6084,6,0.3709,0,4
MFI_KE_007742,18,M,Meru,28,44,54,2982.14,2504.06,5980.19,4,2433.0,2953.33,8223.38,0.736,5,0.9136,0,1
MFI_KE_007743,49,M,Kitui,18,23,23,226039.72,204462.65,13645.77,4,54838.85,79476.86,207168.91,0.9977,10,0.6964,1,2
MFI_KE_007744,48,F,Kilifi,37,77,66,430139.01,406275.72,72693.63,5,152041.45,218698.39,629126.64,0.9838,5,0.6572,0,4
MFI_KE_007745,32,M,Migori,3,22,17,33938.53,31672.18,8544.59,1,32210.28,44130.67,36388.43,0.8911,4,0.3567,1,2
MFI_KE_007746,30,M,Kiambu,36,49,44,16821.29,15728.5,3735.19,5,2495.74,3385.91,13929.77,0.562,3,0.8112,0,1
MFI_KE_007747,23,F,Mombasa,90,34,44,58394.35,49171.47,3744.78,10,1709.18,2095.87,16328.12,0.5672,4,0.8643,0,1
MFI_KE_007748,39,F,Kisii,3,22,18,40096.12,39650.14,7098.96,4,39291.29,49482.83,156900.88,0.9352,5,0.54,1,2
MFI_KE_007749,47,M,Embu,42,27,24,169954.91,151525.11,24471.35,3,27002.58,27212.29,89193.86,0.9847,2,0.5776,0,2
MFI_KE_007750,48,M,Nairobi,7,25,22,78813.79,67181.7,10401.14,3,63598.24,121687.66,171830.02,0.9509,8,0.6913,1,2
MFI_KE_007751,51,F,Machakos,41,21,11,63767.98,63782.86,14289.79,2,25014.21,33890.7,56688.48,0.9341,11,0.3696,0,2
MFI_KE_007752,23,M,Murang'a,30,45,54,8149.81,7380.0,2781.38,4,4150.39,7439.9,17082.23,0.7176,0,0.875,0,1
MFI_KE_007753,58,F,Trans Nzoia,70,10,5,110537.23,84649.62,3222.18,1,35727.11,51917.06,29052.72,0.7838,9,0.5954,1,3
MFI_KE_007754,23,M,Turkana,75,52,58,3970.14,3510.01,7458.61,9,1085.67,1680.85,10942.68,0.7976,18,0.975,0,1
MFI_KE_007755,26,M,Kitui,22,39,36,12532.11,10075.88,784.59,9,3789.6,7016.65,37068.67,0.8441,4,0.9753,0,1
MFI_KE_007756,41,F,Bungoma,1,3,0,13213.06,11865.94,325.31,1,959.99,1539.39,1000.8,0.3691,39,0.7747,0,5
MFI_KE_007757,48,M,Meru,19,83,66,285195.68,215766.11,58706.33,2,159603.39,306635.81,280831.28,0.7199,0,0.7221,1,4
MFI_KE_007758,27,M,Murang'a,15,29,46,8686.26,7071.65,3300.48,3,2470.25,3229.13,7709.0,0.5705,0,0.909,0,1
MFI_KE_007759,48,F,Nyeri,38,32,19,100664.88,95350.6,14035.76,5,40907.19,65376.0,181937.58,0.9518,5,0.867,0,2
MFI_KE_007760,30,F,Kisumu,15,33,58,5297.06,5266.66,3387.23,6,1250.35,2332.1,6926.3,0.6618,0,0.865,0,1
MFI_KE_007761,44,M,Murang'a,46,70,62,330934.59,275983.9,34070.21,4,109699.68,179238.25,446063.18,0.8754,1,0.6192,0,4
MFI_KE_007762,27,M,Nakuru,7,31,50,25857.06,26755.48,3006.9,13,951.36,1165.64,12915.95,0.6578,5,0.9639,0,1
MFI_KE_007763,35,F,Turkana,34,17,19,79225.5,69372.54,29140.28,1,50787.12,63016.37,47471.97,0.8795,3,0.5848,1,2
MFI_KE_007764,51,F,Mombasa,1,1,1,1266.48,1064.97,1176.9,0,0.0,0.0,0.0,1.0,25,0.6662,0,5
MFI_KE_007765,27,F,Nairobi,6,36,51,6946.71,5636.37,576.29,7,4063.73,7325.03,28454.97,0.8408,1,0.948,0,1
MFI_KE_007766,25,F,Nakuru,67,29,51,24364.47,20405.65,919.48,8,806.42,1361.78,6695.2,0.6227,2,0.9183,1,1
MFI_KE_007767,29,M,Bomet,10,9,9,104500.28,96095.36,7385.6,1,88248.16,166217.5,81165.29,0.7854,5,0.8402,1,3
MFI_KE_007768,32,F,Machakos,2,9,3,28455.9,28093.78,7183.07,3,104574.51,138442.54,291671.9,0.7957,19,0.5224,1,3
MFI_KE_007769,47,F,Kiambu,20,20,22,50681.49,42055.91,5560.83,0,0.0,0.0,0.0,0.8884,22,0.7955,0,2
MFI_KE_007770,37,M,Trans Nzoia,2,20,15,80071.2,63859.29,17142.5,4,47973.96,84333.77,200607.54,0.9847,7,0.7123,1,2
MFI_KE_007771,25,F,Nakuru,5,34,45,13938.21,12253.57,1212.12,8,3803.1,6119.68,26427.14,0.7396,3,0.8822,0,1
MFI_KE_007772,34,F,Kilifi,46,29,24,171752.67,178572.34,3194.33,2,62000.79,79660.11,117989.99,0.985,5,0.8572,0,2
MFI_KE_007773,49,F,Kilifi,4,7,6,35199.38,25123.25,1772.36,2,69261.73,114159.64,120897.98,0.8973,45,0.5291,0,3
MFI_KE_007774,27,F,Kericho,4,17,22,154212.26,142362.25,44131.68,7,53622.56,78434.97,346528.75,0.9739,2,0.7959,0,2
MFI_KE_007775,48,F,Turkana,6,8,5,60438.48,59545.81,14710.69,1,98728.5,142140.76,106338.01,0.5784,8,0.3907,0,3
MFI_KE_007776,29,F,Nairobi,20,38,37,6481.26,5808.06,3704.24,4,1571.53,3020.89,7446.34,0.7442,1,0.9353,0,1
MFI_KE_007777,21,M,Kiambu,26,44,49,17206.36,15967.89,1507.7,8,2652.86,2746.1,24947.21,0.6857,1,0.945,1,1
MFI_KE_007778,23,F,Homa Bay,1,3,5,1920.57,1951.25,314.16,0,0.0,0.0,0.0,1.0,136,0.7049,0,5
MFI_KE_007779,48,F,Kakamega,1,2,5,1546.93,1112.08,2324.74,0,0.0,0.0,0.0,1.0,49,0.7464,0,5
MFI_KE_007780,28,F,Nairobi,22,37,60,3813.91,3461.18,2295.02,6,2525.04,3876.22,16100.89,0.747,4,0.8615,0,1
MFI_KE_007781,26,F,Nakuru,9,49,37,19422.48,20122.4,1980.87,3,2488.02,3738.92,7975.29,0.6737,4,0.7718,0,1
MFI_KE_007782,48,M,Homa Bay,10,8,6,34493.35,34999.94,2686.84,1,250614.09,468219.73,208040.34,0.7122,9,0.3621,1,3
MFI_KE_007783,39,M,Homa Bay,19,17,30,62351.64,64086.49,15062.01,3,59162.65,112525.87,169288.98,0.9806,28,0.7395,0,2
MFI_KE_007784,25,F,Nairobi,19,37,52,11031.88,11187.54,1266.78,5,2203.01,2745.98,10742.77,0.6962,4,0.9172,0,1
MFI_KE_007785,22,M,Kisumu,10,46,45,8180.99,6699.72,5817.18,12,3846.92,6719.24,48689.02,0.7165,0,0.8435,0,1
MFI_KE_007786,37,F,Nyeri,52,11,4,21881.77,15350.04,9942.09,3,94509.6,99545.26,312225.58,0.7882,12,0.3339,1,3
MFI_KE_007787,40,F,Bungoma,14,10,7,9808.17,8479.55,18522.2,0,0.0,0.0,0.0,0.6635,3,0.3266,0,3
MFI_KE_007788,26,M,Kitui,20,26,20,152363.84,114706.94,25161.29,5,39303.85,70038.35,159346.66,0.9846,8,0.8004,0,2
MFI_KE_007789,46,M,Migori,8,16,23,41023.13,32581.15,12078.83,1,58513.3,77418.4,67762.16,0.9855,9,0.5135,0,2
MFI_KE_007790,21,F,Nakuru,13,45,44,1874.02,1455.74,1433.37,13,5191.33,5206.09,60500.71,0.2492,0,0.9361,0,1
MFI_KE_007791,34,M,Bomet,17,77,61,252184.39,257875.08,8529.19,2,112928.23,211899.64,206960.98,0.9242,0,0.22,0,4
MFI_KE_007792,49,M,Bungoma,44,23,14,130810.83,119601.95,25444.56,1,34727.76,57614.76,28673.36,0.9171,1,0.7411,0,2
MFI_KE_007793,55,F,Embu,17,11,3,283073.08,284066.18,17778.34,1,39478.11,55419.99,42724.49,0.7639,7,0.4046,1,3
MFI_KE_007794,18,M,Nairobi,7,42,38,54684.63,43428.69,9043.45,7,1527.9,2506.74,12747.41,0.8951,5,0.877,0,1
MFI_KE_007795,41,M,Migori,44,70,58,195288.99,163675.91,118191.65,5,116959.65,126336.74,533771.33,0.7143,0,0.5794,0,4
MFI_KE_007796,27,F,Nakuru,3,41,50,19674.1,15162.29,2787.68,6,2142.72,3036.78,10859.36,0.7391,6,0.9205,0,1
MFI_KE_007797,51,F,Kisii,61,7,8,63246.85,60162.7,843.05,1,52475.54,68760.09,48721.06,0.7315,9,0.4697,1,3
MFI_KE_007798,45,M,Mombasa,1,3,3,8216.7,5934.7,395.87,0,0.0,0.0,0.0,1.0,57,0.713,1,5
MFI_KE_007799,18,M,Nairobi,13,32,39,6205.46,5112.37,2966.28,7,3687.2,5515.76,22843.65,0.4449,12,0.9688,0,1
MFI_KE_007800,36,M,Uasin Gishu,10,33,16,44081.72,33099.37,18786.75,3,54108.7,95241.75,137801.93,0.9752,1,0.6968,0,2
MFI_KE_007801,18,F,Uasin Gishu,16,42,58,15231.64,15346.07,3832.41,10,1521.84,1997.2,13527.78,0.6237,0,0.8432,0,1
MFI_KE_007802,35,M,Bomet,7,31,19,40796.06,30151.05,7552.83,0,0.0,0.0,0.0,0.9061,5,0.6644,0,2
MFI_KE_007803,42,F,Kilifi,9,24,16,88277.48,80247.31,2421.43,0,0.0,0.0,0.0,0.9802,10,0.381,0,2
MFI_KE_007804,36,M,Kiambu,7,16,15,53423.74,39884.13,25305.59,2,32832.07,33528.18,58429.26,0.989,2,0.8066,0,2
MFI_KE_007805,22,F,Laikipia,25,13,23,108988.75,103015.32,9908.33,3,42398.56,46441.56,151167.64,0.9584,5,0.3024,0,2
MFI_KE_007806,41,M,Meru,36,26,17,44314.99,42758.34,12788.11,3,54703.99,79687.59,177177.32,0.9292,6,0.5652,0,2
MFI_KE_007807,28,F,Turkana,6,14,15,86915.95,69640.57,11115.26,3,36499.56,68028.88,95051.86,0.9456,5,0.5618,0,2
MFI_KE_007808,30,M,Homa Bay,34,6,4,70450.21,49601.53,9525.05,0,0.0,0.0,0.0,0.9331,7,0.5677,1,3
MFI_KE_007809,48,F,Machakos,2,8,5,186879.43,156198.13,713.45,2,113786.89,178125.03,267728.84,0.6956,16,0.3423,1,3
MFI_KE_007810,34,F,Kakamega,14,74,63,1427123.65,1388657.34,46835.72,3,70902.33,72913.9,226617.7,0.9041,0,0.3315,0,4
MFI_KE_007811,54,F,Migori,3,31,24,80956.95,76841.7,17100.86,1,62169.53,87474.45,56242.41,0.9821,1,0.8309,1,2
MFI_KE_007812,34,F,Meru,3,6,5,33481.47,27785.11,2568.8,6,78483.29,124062.31,379386.14,0.8654,6,0.6022,1,3
MFI_KE_007813,23,F,Kisumu,30,48,52,4899.53,4091.74,1640.28,4,1128.76,1497.01,4224.69,0.4285,0,0.8825,0,1
MFI_KE_007814,30,M,Kisumu,11,70,83,132802.39,100222.64,30809.87,5,69829.21,107523.0,329245.69,0.7968,2,0.6652,0,4
MFI_KE_007815,34,F,Bomet,6,92,73,159979.08,117679.26,29273.42,6,121605.25,209062.79,685245.04,0.7854,0,0.743,1,4
MFI_KE_007816,18,F,Nairobi,8,27,59,9279.7,8263.51,2658.35,9,1325.21,2316.32,13727.51,0.7207,0,0.9477,0,1
MFI_KE_007817,34,F,Garissa,1,2,1,21857.77,15453.91,750.49,1,767.67,1037.54,730.19,0.2871,20,0.8202,0,5
MFI_KE_007818,33,F,Kisumu,14,80,69,82143.98,65945.76,25426.67,4,266402.72,362175.65,983582.88,0.7461,0,0.7589,0,4
MFI_KE_007819,26,M,Mombasa,15,20,13,45193.95,37342.97,31164.05,3,23129.74,31535.54,82655.64,0.9889,23,0.7593,0,2
MFI_KE_007820,46,M,Laikipia,10,80,57,1694999.71,1536643.09,36937.15,7,112455.03,217454.44,806838.64,0.5376,2,0.6891,0,4
MFI_KE_007821,43,F,Embu,2,28,19,99360.07,70082.95,7357.52,3,47260.12,85413.4,116065.52,0.876,10,0.7513,0,2
MFI_KE_007822,47,M,Homa Bay,15,21,20,42670.58,32248.89,25378.81,2,42692.73,57341.87,77062.41,0.979,3,0.523,0,2
MFI_KE_007823,26,M,Uasin Gishu,17,36,47,17207.62,15869.31,1074.17,7,1510.12,1920.41,10677.03,0.7354,0,0.8643,0,1
MFI_KE_007824,43,F,Laikipia,2,27,24,104678.78,75080.47,53737.96,3,39620.26,49053.96,134192.57,0.9224,1,0.4718,0,2
MFI_KE_007825,60,F,Nairobi,1,2,2,1594.62,1580.41,333.46,1,1411.5,1496.5,1428.56,0.4278,124,0.718,1,5
MFI_KE_007826,36,F,Nakuru,55,30,24,106266.9,107667.44,13301.74,3,66155.49,100418.34,201340.07,0.8875,9,0.6467,0,2
MFI_KE_007827,22,M,Nakuru,9,36,49,17219.48,13843.88,519.55,4,5327.72,7483.78,17449.1,0.8608,7,0.6586,0,1
MFI_KE_007828,45,F,Meru,19,6,7,57599.89,47221.7,2225.54,4,62017.21,76278.17,246188.0,0.7982,1,0.4743,0,3
MFI_KE_007829,34,F,Uasin Gishu,1,3,8,3003.89,2255.66,1096.06,0,0.0,0.0,0.0,1.0,25,0.4813,0,5
MFI_KE_007830,33,M,Garissa,51,25,23,91617.05,64588.3,7558.02,2,25910.28,49310.5,52992.37,0.9881,12,0.7044,0,2
MFI_KE_007831,30,F,Embu,4,1,2,1490.79,1521.76,492.08,0,0.0,0.0,0.0,1.0,11,0.4348,0,5
MFI_KE_007832,57,M,Trans Nzoia,1,3,2,3893.98,3445.77,101.57,0,0.0,0.0,0.0,1.0,36,0.44,0,5
MFI_KE_007833,35,F,Turkana,15,10,3,74913.63,64320.02,3314.55,1,104831.11,138627.95,104148.84,0.8279,2,0.6582,0,3
MFI_KE_007834,18,M,Mombasa,9,33,46,13168.76,12778.22,850.09,10,2268.69,3167.35,24612.4,0.7029,0,0.8905,0,1
MFI_KE_007835,45,M,Kericho,17,5,11,87453.0,75291.85,15879.18,4,44204.44,87988.75,189759.09,0.8951,12,0.3866,1,3
MFI_KE_007836,27,M,Kiambu,25,40,42,11181.95,7935.52,4293.48,8,500.0,920.74,3498.88,0.5209,1,0.816,0,1
MFI_KE_007837,39,M,Uasin Gishu,4,3,3,612.44,580.9,1320.33,0,0.0,0.0,0.0,1.0,128,0.8372,0,5
MFI_KE_007838,58,M,Murang'a,8,12,7,47939.6,47216.78,3707.08,4,69225.21,107316.32,319610.02,0.9425,17,0.3351,1,3
MFI_KE_007839,18,F,Nakuru,1,1,2,1734.38,1599.98,574.58,0,0.0,0.0,0.0,1.0,32,0.3562,0,5
MFI_KE_007840,32,F,Bomet,22,10,7,57683.73,44036.93,4681.0,1,49552.32,69957.42,53377.32,0.8481,3,0.5962,1,3
MFI_KE_007841,21,F,Uasin Gishu,27,33,60,45101.41,40450.65,5403.27,8,4233.66,8447.63,38556.25,0.7077,0,0.9209,0,1
MFI_KE_007842,61,M,Turkana,10,73,70,221270.57,231437.59,27941.39,8,125672.56,129807.94,937532.89,0.9511,0,0.503,1,4
MFI_KE_007843,22,M,Uasin Gishu,17,48,43,21786.41,17085.5,2603.95,8,848.84,1518.07,7444.72,0.8257,0,0.9755,0,1
MFI_KE_007844,26,M,Kisii,23,19,25,49500.85,35227.05,28466.25,2,75016.45,103093.97,140761.94,0.9551,36,0.6679,0,2
MFI_KE_007845,18,F,Kakamega,14,45,52,10122.22,8862.24,389.46,7,1831.32,2932.9,13570.71,0.7316,4,0.7532,0,1
MFI_KE_007846,60,M,Embu,5,6,2,37807.23,34789.79,5044.65,1,63838.8,116198.91,58606.0,0.7233,5,0.6821,0,3
MFI_KE_007847,29,M,Migori,37,21,19,134957.4,122731.25,28505.76,5,25459.77,37788.29,114883.29,0.9887,24,0.7751,0,2
MFI_KE_007848,38,F,Nyeri,7,4,2,24008.03,17355.31,5195.59,2,19908.07,36494.72,38041.04,0.854,1,0.6015,1,3
MFI_KE_007849,31,F,Kiambu,26,26,13,66699.0,67198.59,16829.22,5,51750.22,55163.58,280603.01,0.9502,10,0.5131,1,2
MFI_KE_007850,45,F,Turkana,10,36,32,95168.13,89831.12,47482.13,5,58154.7,60352.84,293989.63,0.9562,10,0.4177,1,2
MFI_KE_007851,28,F,Uasin Gishu,4,40,56,17423.16,17565.38,3118.24,5,1913.99,2008.68,10650.41,0.8261,3,0.6454,0,1
MFI_KE_007852,27,F,Kericho,29,25,21,54083.91,47208.07,15582.9,4,69867.54,104541.19,245802.17,0.9462,43,0.522,0,2
MFI_KE_007853,18,F,Machakos,10,1,2,1871.53,1623.38,1051.23,2,1056.88,1616.43,2481.95,0.602,99,0.6153,0,5
MFI_KE_007854,40,M,Bungoma,2,30,16,57469.44,44879.17,8651.96,4,32834.72,39949.39,118599.07,0.9573,5,0.5987,1,2
MFI_KE_007855,33,M,Nakuru,11,45,51,8532.85,8615.04,7014.69,6,3755.21,3931.99,26162.04,0.7777,0,0.9211,0,1
MFI_KE_007856,47,F,Nakuru,27,22,20,84329.35,87093.08,15811.03,6,34027.28,53062.87,211865.45,0.9411,5,0.4277,0,2
MFI_KE_007857,35,M,Murang'a,16,21,20,62200.33,51264.97,42116.67,4,23973.01,33550.07,80516.18,0.9176,3,0.7211,0,2
MFI_KE_007858,39,M,Kitui,14,12,3,22439.3,16374.54,6631.09,1,60605.51,80083.29,60863.87,0.6451,13,0.172,0,3
MFI_KE_007859,48,F,Kericho,74,8,3,14610.53,14577.49,5215.46,6,80697.23,96363.82,494548.88,0.7229,4,0.5156,1,3
MFI_KE_007860,33,F,Murang'a,55,17,22,247279.39,218991.88,33472.4,1,36972.19,65660.36,42530.01,0.9324,12,0.9408,0,2
MFI_KE_007861,42,M,Trans Nzoia,21,86,69,85281.58,73539.2,37290.51,6,223893.9,251381.98,1419225.85,0.7172,3,0.5653,0,4
MFI_KE_007862,31,M,Turkana,35,16,33,47211.52,44990.49,57005.26,7,28927.83,34934.81,223870.3,0.9704,4,0.8045,1,2
MFI_KE_007863,30,F,Nakuru,5,52,51,18777.04,15786.88,1275.09,11,2986.5,4357.24,37069.28,0.5638,3,0.9818,0,1
MFI_KE_007864,38,F,Turkana,6,9,8,38614.14,28639.85,6633.35,5,29223.05,46964.28,152230.69,0.4608,4,0.5318,0,3
MFI_KE_007865,46,F,Nairobi,4,33,34,103507.48,76260.31,7332.95,3,26698.25,50212.02,82377.46,0.9509,1,0.908,1,2
MFI_KE_007866,23,M,Migori,23,85,59,363911.22,264302.81,21032.68,5,84279.33,97248.27,427097.11,0.9259,0,0.6283,0,4
MFI_KE_007867,34,M,Mombasa,49,29,22,263043.21,271777.69,20715.69,5,38621.11,54812.87,171813.62,0.9829,11,0.5468,1,2
MFI_KE_007868,38,M,Embu,28,10,6,45003.73,45045.14,5802.09,3,36205.54,61503.76,124523.17,0.7016,8,0.2743,1,3
MFI_KE_007869,35,F,Nyeri,1,5,4,12168.95,9761.68,606.69,1,1297.13,1459.03,1475.2,0.5205,74,0.7673,0,5
MFI_KE_007870,48,F,Embu,27,69,68,211182.58,184895.87,24218.94,2,99701.15,133527.66,218347.7,0.7458,1,0.5199,0,4
MFI_KE_007871,47,F,Turkana,39,20,18,67966.47,50002.88,21329.96,1,44806.93,62986.48,43812.92,0.9743,20,0.7233,0,2
MFI_KE_007872,46,F,Migori,55,5,9,133600.62,105027.28,5764.56,5,98918.13,136333.31,584200.52,0.8878,13,0.5271,1,3
MFI_KE_007873,32,M,Bomet,51,106,66,116543.86,113969.65,89644.81,1,126743.09,199737.16,130487.35,0.904,0,0.4374,1,4
MFI_KE_007874,47,M,Trans Nzoia,22,25,15,89011.57,77215.04,9193.23,2,16637.61,28576.07,37629.92,0.9182,2,0.5896,1,2
MFI_KE_007875,22,M,Uasin Gishu,5,41,49,2053.03,1710.75,686.02,4,3521.49,6802.13,16747.77,0.6351,3,0.8316,0,1
MFI_KE_007876,38,F,Bomet,13,75,64,94306.45,66559.04,50842.46,6,271185.14,354354.36,1714541.25,0.7531,0,0.7194,0,4
MFI_KE_007877,25,F,Uasin Gishu,35,49,41,33666.4,31532.45,17582.82,11,2022.75,3054.31,24611.24,0.4578,0,0.8888,0,1
MFI_KE_007878,33,M,Uasin Gishu,9,31,25,63741.48,54306.2,21381.71,4,51666.18,52157.67,215338.39,0.9259,2,0.6448,1,2
MFI_KE_007879,45,F,Embu,10,10,6,50565.99,38259.61,20017.05,2,114364.59,153334.54,267256.35,0.8438,1,0.5466,0,3
MFI_KE_007880,49,F,Homa Bay,35,7,8,78529.34,63650.24,8882.99,1,50522.23,52356.96,51047.05,0.7701,2,0.4787,1,3
MFI_KE_007881,35,F,Kisumu,1,2,4,2224.55,1597.02,2445.09,1,726.25,1322.7,814.33,0.7979,115,0.4014,0,5
MFI_KE_007882,24,M,Kakamega,12,37,55,12567.78,11276.65,5428.26,13,4809.11,7297.42,71674.38,0.8025,4,0.7967,1,1
MFI_KE_007883,24,M,Homa Bay,7,25,25,103506.84,87622.89,9808.5,4,23270.38,39306.3,89412.25,0.995,10,0.563,0,2
MFI_KE_007884,28,M,Kisumu,12,43,55,16009.12,13129.76,3216.68,12,3160.7,4875.45,43211.19,0.773,3,0.8332,0,1
MFI_KE_007885,43,F,Mombasa,2,1,4,1546.72,1445.34,2243.28,0,0.0,0.0,0.0,1.0,57,0.7539,0,5
MFI_KE_007886,47,M,Mombasa,12,30,11,40886.12,29101.32,26402.51,2,32064.94,35358.64,73878.23,0.9612,12,0.7346,1,2
MFI_KE_007887,34,F,Machakos,3,8,6,150327.66,134421.56,1632.15,2,116317.94,159425.38,238216.29,0.8458,12,0.5001,1,3
MFI_KE_007888,45,F,Murang'a,8,69,72,213910.16,150696.33,25735.28,6,113734.97,147933.62,698632.65,0.8567,4,0.2561,1,4
MFI_KE_007889,63,M,Kisii,12,2,2,36894.61,33818.42,1043.73,4,88533.27,121127.09,348617.01,0.8691,5,0.6276,1,3
MFI_KE_007890,29,M,Nakuru,71,41,48,15719.87,14062.43,1033.7,9,1121.27,1982.43,9415.7,0.8306,3,0.7879,0,1
MFI_KE_007891,41,M,Bungoma,12,80,77,890941.94,653262.86,132933.78,2,266126.1,376087.63,554026.77,0.6835,1,0.7386,1,4
MFI_KE_007892,27,M,Laikipia,2,80,77,92240.38,73603.04,90308.25,3,49370.97,87372.18,142899.86,0.8125,0,0.599,1,4
MFI_KE_007893,63,M,Kakamega,3,11,8,429403.42,315814.17,8211.13,1,48603.52,79109.74,49907.08,0.7861,13,0.3228,1,3
MFI_KE_007894,28,F,Nyeri,17,15,19,71587.11,73148.26,11240.45,4,65386.7,86287.17,273758.46,0.9658,4,0.5721,0,2
MFI_KE_007895,40,F,Nyeri,1,2,4,2803.05,2041.37,753.35,0,0.0,0.0,0.0,1.0,13,0.663,0,5
MFI_KE_007896,28,M,Kisumu,7,21,26,61194.79,52587.98,21997.62,3,47127.05,53076.74,137976.13,0.9801,2,0.6379,1,2
MFI_KE_007897,35,M,Meru,3,0,3,4212.17,4073.76,1148.93,1,602.43,746.68,547.8,0.1693,34,0.4542,0,5
MFI_KE_007898,27,F,Kiambu,17,38,62,7757.33,7056.34,2467.11,6,990.5,1144.72,6012.22,0.6491,0,0.8118,0,1
MFI_KE_007899,50,M,Murang'a,19,17,17,29189.15,22158.04,16550.52,2,20023.09,37809.26,35885.2,0.9929,6,0.7786,0,2
MFI_KE_007900,30,M,Nyeri,17,37,23,117501.13,95808.6,5773.24,1,34606.35,56463.23,27834.62,0.9997,6,0.7538,0,2
MFI_KE_007901,37,F,Kisumu,51,96,72,306079.3,229035.41,38868.68,5,27682.45,47848.24,143960.85,0.7735,1,0.5314,1,4
MFI_KE_007902,44,F,Bomet,1,3,5,1549.78,1486.09,2772.74,0,0.0,0.0,0.0,1.0,23,0.6889,0,5
MFI_KE_007903,32,M,Nakuru,4,67,59,419809.38,411762.62,7557.88,3,195813.0,367770.34,472694.11,0.8388,0,0.3956,0,4
MFI_KE_007904,21,M,Kisumu,15,48,50,65670.11,55005.5,426.77,11,2485.7,3487.2,26594.37,0.6479,4,0.9597,0,1
MFI_KE_007905,18,M,Kisumu,29,50,53,23022.67,20821.03,2879.76,8,4375.76,5614.27,31147.77,0.713,4,0.854,0,1
MFI_KE_007906,24,M,Uasin Gishu,10,37,51,48466.51,48442.81,2808.24,11,1702.35,2487.32,16495.78,0.4943,0,0.8954,0,1
MFI_KE_007907,42,F,Kisii,24,86,71,1073097.08,777722.3,8094.47,7,166189.04,175694.34,1241757.75,0.8454,2,0.4959,1,4
MFI_KE_007908,24,M,Kisumu,14,31,59,6090.96,5694.53,9619.94,4,2646.87,4425.11,11391.37,0.7775,8,0.6414,0,1
MFI_KE_007909,40,F,Trans Nzoia,12,27,17,49063.27,40936.38,14213.73,1,56907.61,89630.75,46130.37,0.9241,12,0.9089,0,2
MFI_KE_007910,40,F,Kakamega,8,99,68,125885.06,115247.04,23350.79,9,129355.35,146114.28,1039649.25,0.8508,0,0.6149,1,4
MFI_KE_007911,30,F,Nakuru,2,80,87,46264.4,39707.78,86477.34,9,334021.89,516861.39,2624819.82,0.8314,1,0.4213,0,4
MFI_KE_007912,22,F,Nyeri,11,78,78,233481.59,172083.66,28562.94,4,168792.02,302035.17,678469.87,0.8709,2,0.4131,0,4
MFI_KE_007913,22,F,Kiambu,35,46,57,15580.59,14720.97,1342.63,14,1221.29,1494.04,17638.73,0.7232,9,0.906,0,1
MFI_KE_007914,39,M,Homa Bay,41,25,15,129859.22,125941.71,11081.66,5,44969.92,47353.05,199811.5,0.8834,3,0.4649,1,2
MFI_KE_007915,24,F,Homa Bay,25,42,42,15473.54,15369.41,534.16,4,1128.68,1174.28,4938.49,0.8859,5,0.8575,0,1
MFI_KE_007916,22,F,Migori,30,7,6,583491.78,461696.62,13822.54,3,66438.55,69176.23,179394.2,0.8605,10,0.4876,0,3
MFI_KE_007917,43,M,Laikipia,4,30,18,165220.21,137686.67,7043.96,1,28579.38,34523.65,32425.57,0.9383,1,0.8747,0,2
MFI_KE_007918,29,M,Murang'a,5,47,50,21802.42,18641.15,490.19,7,1676.4,2263.49,11679.37,0.7989,1,0.8898,0,1
MFI_KE_007919,23,F,Uasin Gishu,23,41,47,53891.64,44343.49,2090.87,11,3096.22,3510.47,29960.58,0.67,2,0.6098,1,1
MFI_KE_007920,22,F,Machakos,29,83,71,1269294.92,1151301.97,14649.71,3,43452.55,51410.5,122257.14,0.8594,0,0.669,0,4
MFI_KE_007921,36,M,Homa Bay,8,3,4,1364.21,968.11,671.83,0,0.0,0.0,0.0,1.0,39,0.5412,0,5
MFI_KE_007922,33,M,Kitui,41,54,63,9331.81,9650.5,1566.99,9,1715.2,1892.06,14970.4,0.7927,3,0.8366,0,1
MFI_KE_007923,56,M,Laikipia,25,13,2,67573.49,57520.94,8608.49,1,34809.75,53684.26,29462.43,0.6822,11,0.4552,0,3
MFI_KE_007924,40,F,Laikipia,7,24,18,252357.18,229017.53,17560.5,3,31709.62,51331.41,93146.84,0.9733,1,0.6918,1,2
MFI_KE_007925,41,F,Kitui,4,6,7,200657.09,150134.71,3252.39,5,133174.48,240303.21,697486.82,0.8832,9,0.3511,1,3
MFI_KE_007926,28,M,Kisumu,2,37,43,8716.11,8229.16,10139.31,8,1323.83,1868.69,9727.01,0.506,0,0.8188,1,1
MFI_KE_007927,34,M,Migori,120,29,20,38464.12,37119.02,10009.36,4,83601.08,83685.55,328730.74,0.9821,4,0.585,0,2
MFI_KE_007928,22,F,Machakos,8,22,12,58650.41,54459.22,8804.81,3,48960.01,60998.92,173001.89,0.9486,5,0.6208,1,2
MFI_KE_007929,33,M,Migori,52,19,17,164966.07,156375.16,4160.68,3,32878.3,37366.89,107792.95,0.9867,8,0.6419,0,2
MFI_KE_007930,28,F,Kilifi,8,0,0,4278.33,3929.02,1638.75,0,0.0,0.0,0.0,1.0,31,0.8381,0,5
MFI_KE_007931,38,M,Uasin Gishu,47,80,59,433332.87,425551.58,15221.84,9,263774.06,312634.3,1948304.92,0.533,5,0.5291,0,4
MFI_KE_007932,42,F,Kisii,68,27,17,72439.89,67585.76,15002.2,1,36174.16,67210.88,40219.98,0.8429,2,0.9224,1,2
MFI_KE_007933,19,F,Mombasa,24,40,51,4001.15,3138.42,1826.19,5,3514.68,5579.65,20754.88,0.3943,4,0.9535,1,1
MFI_KE_007934,18,F,Bomet,1,2,2,21543.53,16118.6,184.31,2,1604.74,2208.03,2952.22,0.5402,68,0.5866,0,5
MFI_KE_007935,27,F,Kiambu,54,42,47,5072.92,4341.89,4234.72,9,2729.05,3348.0,27566.85,0.6055,4,0.8685,0,1
MFI_KE_007936,42,F,Kakamega,5,22,20,166042.15,157175.63,16244.97,1,56817.73,107590.02,48409.13,0.9499,8,0.6212,0,2
MFI_KE_007937,20,F,Kisumu,47,39,53,23332.76,22112.72,1201.32,10,3992.35,7630.63,44954.35,0.5714,1,0.9948,0,1
MFI_KE_007938,36,M,Kericho,26,32,18,95074.46,74455.94,19745.77,4,20967.7,32914.68,84560.29,0.9316,2,0.6293,0,2
MFI_KE_007939,33,F,Migori,4,1,4,1415.73,1399.56,256.08,0,0.0,0.0,0.0,1.0,89,0.7754,0,5
MFI_KE_007940,35,F,Kiambu,9,2,5,3882.31,3409.97,2613.88,0,0.0,0.0,0.0,1.0,24,0.5913,0,5
MFI_KE_007941,28,F,Mombasa,1,4,2,2481.85,2432.39,1047.64,0,0.0,0.0,0.0,1.0,120,0.9144,0,5
MFI_KE_007942,44,M,Meru,35,6,5,31657.91,31708.9,20670.73,1,42473.4,71689.32,41015.69,0.83,13,0.5927,0,3
MFI_KE_007943,32,F,Kiambu,6,42,43,6053.32,5031.3,1663.06,7,2181.19,2299.82,13633.61,0.6429,1,0.9415,0,1
MFI_KE_007944,28,F,Nakuru,41,53,50,28004.81,26039.01,2759.77,5,1273.09,2241.08,5174.45,0.7972,1,0.7353,0,1
MFI_KE_007945,52,M,Kitui,2,6,6,48293.17,50595.53,5416.7,1,44722.27,78905.18,49042.44,0.8031,10,0.3225,1,3
MFI_KE_007946,44,F,Bomet,23,4,2,447742.11,372563.58,521.27,3,67386.28,114117.85,219093.73,0.7441,2,0.4732,0,3
MFI_KE_007947,43,F,Uasin Gishu,27,79,72,78842.61,63812.72,21528.64,3,504125.38,599179.94,1517746.34,0.8368,2,0.7845,1,4
MFI_KE_007948,32,F,Nakuru,4,21,16,65729.94,49637.71,10997.31,2,27799.99,42721.05,61623.44,0.9321,1,0.7899,0,2
MFI_KE_007949,52,F,Murang'a,1,2,1,11548.07,8135.21,181.08,1,2443.34,4374.52,2296.96,0.8194,25,0.607,1,5
MFI_KE_007950,29,F,Nairobi,51,51,44,13888.45,14366.3,2753.33,3,2452.84,4527.43,7081.59,0.556,3,0.4913,0,1
MFI_KE_007951,38,M,Kiambu,11,1,5,10823.08,9934.52,5323.26,2,1256.41,1470.87,2296.31,0.4086,67,0.5877,1,5
MFI_KE_007952,27,F,Kiambu,56,32,40,11804.94,8358.34,530.71,9,1144.69,2003.02,10450.46,0.5886,3,0.6389,1,1
MFI_KE_007953,18,F,Kiambu,22,51,49,35808.94,32824.53,354.97,13,1263.61,1438.06,17588.8,0.5351,1,0.986,0,1
MFI_KE_007954,42,F,Turkana,57,24,23,54548.31,53436.53,22647.58,4,38622.68,51392.53,131599.92,0.884,11,0.7467,1,2
MFI_KE_007955,35,F,Nyeri,1,1,9,1666.77,1666.82,281.56,1,1380.7,1556.24,1611.74,0.353,74,0.6847,0,5
MFI_KE_007956,26,F,Meru,10,70,55,1122573.85,1166466.83,31835.92,5,281275.33,341547.56,1291542.02,0.7824,3,0.8367,0,4
MFI_KE_007957,45,F,Uasin Gishu,34,22,15,96572.07,83561.81,5287.75,3,50549.36,74424.74,132223.4,0.8796,4,0.8144,1,2
MFI_KE_007958,51,M,Nyeri,17,8,3,43695.68,34387.59,7827.85,1,220839.2,395012.73,254362.26,0.6028,9,0.3793,0,3
MFI_KE_007959,25,F,Murang'a,15,31,42,15748.58,14753.24,2476.01,12,2782.44,4647.11,36950.81,0.5806,1,0.9393,0,1
MFI_KE_007960,26,M,Kisumu,20,35,57,17644.73,17406.29,792.15,8,1369.41,1787.22,10439.93,0.6026,9,0.9029,0,1
MFI_KE_007961,28,M,Mombasa,8,43,53,5897.27,4580.14,1380.03,9,2586.92,4919.32,21427.86,0.5585,0,0.976,0,1
MFI_KE_007962,36,M,Kilifi,6,80,54,230093.33,227496.07,18736.32,2,425307.65,766344.61,758719.67,0.8636,5,0.8021,0,4
MFI_KE_007963,29,F,Nairobi,15,22,21,149532.54,104849.74,21077.51,2,32780.17,37707.57,75442.44,0.9487,13,0.6787,1,2
MFI_KE_007964,22,F,Nairobi,6,34,60,14555.0,13498.77,9735.39,11,2070.17,3828.04,22939.41,0.5461,11,0.8971,0,1
MFI_KE_007965,31,F,Garissa,18,25,16,100466.31,103656.31,25513.0,1,62161.98,77663.01,56362.7,0.9571,8,0.7798,0,2
MFI_KE_007966,39,M,Trans Nzoia,7,29,19,141076.23,104367.53,23290.32,3,49636.19,87949.16,164306.72,0.944,8,0.6736,1,2
MFI_KE_007967,36,M,Nyeri,3,19,29,65717.86,50113.9,14910.68,8,48926.56,95571.65,328427.31,0.8263,1,0.4128,0,2
MFI_KE_007968,37,F,Kericho,10,67,57,478668.43,440807.5,23055.48,3,271658.13,513319.96,800805.7,0.785,0,0.4616,0,4
MFI_KE_007969,24,F,Kericho,8,36,52,7088.35,5157.92,3201.21,9,1651.88,2700.91,13778.26,0.4624,2,0.8647,0,1
MFI_KE_007970,26,F,Kiambu,13,57,67,2740.19,2432.05,442.76,8,2505.09,4540.43,18184.62,0.6629,0,0.969,0,1
MFI_KE_007971,38,F,Murang'a,9,10,5,92449.19,72849.78,7379.49,1,74819.49,95391.55,85494.03,0.8366,14,0.1672,1,3
MFI_KE_007972,23,M,Nairobi,2,36,52,11431.89,9976.72,1470.94,11,3092.66,5675.06,31264.6,0.4419,1,0.767,0,1
MFI_KE_007973,28,M,Nairobi,1,0,4,3132.73,2890.58,1135.9,0,0.0,0.0,0.0,1.0,15,0.8522,0,5
MFI_KE_007974,25,M,Migori,3,1,2,11053.0,9260.28,1311.35,0,0.0,0.0,0.0,1.0,32,0.7366,0,5
MFI_KE_007975,47,F,Meru,3,7,10,31767.13,26809.89,26104.6,3,43023.25,45246.12,128330.99,0.7087,13,0.5266,0,3
MFI_KE_007976,52,M,Trans Nzoia,8,7,13,38000.96,34490.11,29971.55,0,0.0,0.0,0.0,0.8449,2,0.5077,1,3
MFI_KE_007977,27,F,Uasin Gishu,9,29,55,10970.44,9382.43,365.38,5,2794.18,4596.54,11564.94,0.8162,7,0.7755,0,1
MFI_KE_007978,23,M,Kakamega,7,3,4,11647.54,10453.69,1767.08,1,1603.64,2648.54,1649.12,0.621,132,0.4017,0,5
MFI_KE_007979,35,F,Nakuru,11,39,68,18003.8,14990.97,617.57,5,985.48,1908.39,4745.21,0.5113,4,0.8471,1,1
MFI_KE_007980,23,F,Turkana,55,38,46,5246.64,4790.81,4533.03,8,2988.93,3810.1,23993.91,0.5984,11,0.9656,0,1
MFI_KE_007981,24,F,Machakos,2,41,47,9175.8,8238.44,1157.89,15,1680.61,2388.14,25057.68,0.4713,3,0.9794,1,1
MFI_KE_007982,26,F,Kiambu,7,4,1,2203.24,2026.13,1081.53,0,0.0,0.0,0.0,1.0,16,0.8472,0,5
MFI_KE_007983,18,F,Kisumu,9,51,50,12706.03,9800.74,3221.75,8,2070.73,2943.06,16288.85,0.6966,2,0.7903,0,1
MFI_KE_007984,31,M,Kiambu,5,36,58,31676.39,30780.29,1348.58,8,1431.48,2267.0,10436.28,0.6641,2,0.7505,0,1
MFI_KE_007985,33,F,Garissa,4,30,45,16788.8,14501.2,6544.29,7,1513.58,2860.22,12205.86,0.4877,0,0.7157,0,1
MFI_KE_007986,32,F,Nairobi,11,33,48,1827.06,1885.6,2770.54,12,2181.12,3521.88,24488.55,0.6295,0,0.9434,0,1
MFI_KE_007987,30,F,Garissa,3,0,4,1133.18,844.86,629.92,2,1423.36,2160.23,2576.36,0.3185,92,0.2839,1,5
MFI_KE_007988,37,M,Kisii,35,10,11,76660.82,76374.84,2625.61,5,55525.88,108511.53,321209.82,0.6015,2,0.8075,1,3
MFI_KE_007989,18,F,Kiambu,3,1,2,26986.86,23631.98,664.32,0,0.0,0.0,0.0,1.0,10,0.7851,0,5
MFI_KE_007990,22,M,Nairobi,3,37,52,8216.3,5770.76,471.68,5,1536.23,1779.83,8756.38,0.8901,3,0.7177,0,1
MFI_KE_007991,35,M,Kiambu,1,3,3,7335.98,6332.29,561.46,1,2709.6,4310.32,2292.36,0.2886,252,0.5888,0,5
MFI_KE_007992,35,F,Embu,52,102,60,234201.35,218332.27,28464.53,8,177182.23,260200.35,1452760.9,0.7832,0,0.265,0,4
MFI_KE_007993,40,M,Bungoma,19,26,21,190987.96,145827.77,19774.34,3,17965.11,35617.9,52840.55,0.9082,4,0.6952,1,2
MFI_KE_007994,20,F,Nakuru,8,43,45,1824.79,1890.95,5705.23,10,3112.93,5290.77,25235.52,0.5756,2,0.8223,1,1
MFI_KE_007995,30,F,Mombasa,7,36,60,10514.42,8076.13,4025.83,2,2568.6,2899.24,5834.4,0.581,0,0.7012,0,1
MFI_KE_007996,24,M,Kisumu,6,34,53,29982.87,27538.56,2335.45,7,2539.68,4999.08,17149.77,0.6745,1,0.9701,0,1
MFI_KE_007997,43,F,Bomet,1,3,2,3059.93,2379.9,726.74,1,2278.25,2382.13,2334.14,0.7337,89,0.8474,0,5
MFI_KE_007998,27,M,Nakuru,30,35,49,5676.42,4528.64,1183.87,6,1104.29,2202.14,7936.36,0.568,1,0.6084,0,1
MFI_KE_007999,41,M,Nakuru,16,31,16,179550.47,177601.44,6826.76,3,19316.58,31880.25,52764.84,0.9326,1,0.8255,0,2
